customer_key,customer_id,full_name,status,created_date,cohort_month,province_name
1,1,Joaquín Medina,Activo,2023-03-02,2023-03,Buenos Aires
2,2,Brenda Carrizo,Activo,2023-03-02,2023-03,Santa Fe
3,3,Tomás Luna,Activo,2023-03-04,2023-03,Santa Fe
4,4,María Fernández,Activo,2023-03-05,2023-03,Córdoba
5,5,Gabriel Rojas,Activo,2023-03-14,2023-03,Buenos Aires
6,6,Matías Muñoz,Activo,2023-03-16,2023-03,Mendoza
7,7,Daniela Vega,Activo,2023-03-16,2023-03,Mendoza
8,8,Paula Ponce,Activo,2023-03-18,2023-03,Buenos Aires
9,9,Rocío Pereyra,Activo,2023-03-20,2023-03,Mendoza
10,10,Alejandro Ponce,Activo,2023-03-20,2023-03,Buenos Aires
11,11,Gonzalo Juárez,Activo,2023-03-20,2023-03,Mendoza
12,12,Lucas Moreno,Activo,2023-03-22,2023-03,Córdoba
13,13,Valentina Cabrera,Activo,2023-03-22,2023-03,Buenos Aires
14,14,Milagros Juárez,Activo,2023-03-23,2023-03,Buenos Aires
15,15,Tomás Muñoz,Inactivo,2023-03-23,2023-03,Córdoba
16,16,Lucía Acosta,Activo,2023-03-25,2023-03,Santa Fe
17,17,Matías Castillo,Activo,2023-03-26,2023-03,Santa Fe
18,18,Ignacio Ferreyra,Activo,2023-03-26,2023-03,Córdoba
19,19,Joaquín Ferreyra,Activo,2023-03-27,2023-03,
20,20,Mateo Vega,Activo,2023-03-27,2023-03,Buenos Aires
21,21,Joaquín Martínez,Activo,2023-03-28,2023-03,Buenos Aires
22,22,Benjamín Medina,Activo,2023-03-28,2023-03,Buenos Aires
23,23,Martín López,Inactivo,2023-03-30,2023-03,Santa Fe
24,24,Juan Juárez,Activo,2023-04-04,2023-04,Buenos Aires
25,25,Agustina Molina,Activo,2023-04-06,2023-04,Buenos Aires
26,26,Catalina López,Activo,2023-04-06,2023-04,Buenos Aires
27,27,Ezequiel Morales,Activo,2023-04-08,2023-04,Córdoba
28,28,Daniela Núñez,Activo,2023-04-09,2023-04,Santa Fe
29,29,Mateo Pereyra,Activo,2023-04-10,2023-04,Mendoza
30,30,Nicolás Medina,Activo,2023-04-11,2023-04,Buenos Aires
31,31,Franco Giménez,Activo,2023-04-11,2023-04,Buenos Aires
32,32,Ana Silva,Activo,2023-04-13,2023-04,Santa Fe
33,33,Ramiro Acosta,Activo,2023-04-14,2023-04,Buenos Aires
34,34,Victoria Juárez,Inactivo,2023-04-14,2023-04,Córdoba
35,35,Natalia Domínguez,Inactivo,2023-04-15,2023-04,
36,36,Tomás Ledesma,Activo,2023-04-15,2023-04,Santa Fe
37,37,Tomás Ojeda,Activo,2023-04-15,2023-04,
38,38,Milagros Torres,Activo,2023-04-16,2023-04,
39,39,María Herrera,Activo,2023-04-17,2023-04,Córdoba
40,40,Federico Pérez,Activo,2023-04-18,2023-04,Buenos Aires
41,41,Franco Acosta,Activo,2023-04-18,2023-04,Buenos Aires
42,42,Milagros Martínez,Inactivo,2023-04-18,2023-04,Buenos Aires
43,43,Brenda Muñoz,Activo,2023-04-18,2023-04,Buenos Aires
44,44,Mateo Morales,Activo,2023-04-18,2023-04,Córdoba
45,45,Daniela Peralta,Activo,2023-04-19,2023-04,Córdoba
46,46,Catalina Luna,Activo,2023-04-20,2023-04,Santa Fe
47,47,Facundo Benítez,Activo,2023-04-21,2023-04,Buenos Aires
48,48,Valentina Gómez,Activo,2023-04-22,2023-04,Córdoba
49,49,Romina Molina,Activo,2023-04-24,2023-04,Santa Fe
50,50,Rocío Luna,Activo,2023-04-24,2023-04,
51,51,Belén Aguirre,Activo,2023-04-25,2023-04,
52,52,Belén Núñez,Activo,2023-04-26,2023-04,Santa Fe
53,53,Ezequiel Ferreyra,Activo,2023-04-27,2023-04,Mendoza
54,54,Leandro Álvarez,Activo,2023-04-27,2023-04,Buenos Aires
55,55,Pablo Morales,Inactivo,2023-04-29,2023-04,Buenos Aires
56,56,Alejandro Castro,Activo,2023-04-30,2023-04,
57,57,Catalina Pereyra,Activo,2023-04-30,2023-04,
58,58,Silvina Moreno,Activo,2023-05-03,2023-05,Buenos Aires
59,59,Franco Luna,Activo,2023-05-03,2023-05,Buenos Aires
60,60,Benjamín Castro,Activo,2023-05-04,2023-05,Buenos Aires
61,61,Daniela Castillo,Activo,2023-05-04,2023-05,Buenos Aires
62,62,Agustina Sosa,Activo,2023-05-05,2023-05,Santa Fe
63,63,Silvina Cabrera,Activo,2023-05-06,2023-05,Buenos Aires
64,64,Ignacio Molina,Inactivo,2023-05-07,2023-05,Mendoza
65,65,Belén Pérez,Activo,2023-05-07,2023-05,Buenos Aires
66,66,Camila Ojeda,Activo,2023-05-08,2023-05,
67,67,Romina Morales,Activo,2023-05-08,2023-05,Mendoza
68,68,Rocío Aguirre,Activo,2023-05-09,2023-05,Buenos Aires
69,69,Ignacio Peralta,Activo,2023-05-10,2023-05,Mendoza
70,70,Tomás Quiroga,Activo,2023-05-10,2023-05,Buenos Aires
71,71,Alejandro Peralta,Inactivo,2023-05-11,2023-05,Córdoba
72,72,Ana Quiroga,Inactivo,2023-05-11,2023-05,Santa Fe
73,73,Carolina Torres,Activo,2023-05-12,2023-05,Córdoba
74,74,Santiago Castillo,Activo,2023-05-13,2023-05,Mendoza
75,75,Joaquín Castillo,Inactivo,2023-05-13,2023-05,Buenos Aires
76,76,Nicolás Torres,Activo,2023-05-14,2023-05,Córdoba
77,77,Nicolás Romero,Activo,2023-05-15,2023-05,Buenos Aires
78,78,Federico Núñez,Activo,2023-05-16,2023-05,Mendoza
79,79,Natalia Sánchez,Activo,2023-05-16,2023-05,
80,80,Martina Moreno,Activo,2023-05-16,2023-05,Córdoba
81,81,Agustina Martínez,Activo,2023-05-17,2023-05,Córdoba
82,82,Luciana Gómez,Activo,2023-05-17,2023-05,Buenos Aires
83,83,Emiliano Martínez,Activo,2023-05-17,2023-05,Mendoza
84,84,Gabriel Ortiz,Inactivo,2023-05-19,2023-05,Buenos Aires
85,85,Daniela Giménez,Inactivo,2023-05-20,2023-05,Santa Fe
86,86,Luciana Castillo,Activo,2023-05-21,2023-05,
87,87,Catalina Torres,Activo,2023-05-22,2023-05,Buenos Aires
88,88,Hernán Quiroga,Inactivo,2023-05-25,2023-05,Buenos Aires
89,89,Rocío Ruiz,Activo,2023-05-25,2023-05,Santa Fe
90,90,Alejandro Molina,Activo,2023-05-25,2023-05,Buenos Aires
91,91,Paula Ferreyra,Activo,2023-05-27,2023-05,
92,92,Diego Gutiérrez,Activo,2023-05-28,2023-05,Córdoba
93,93,Franco Godoy,Activo,2023-05-28,2023-05,
94,94,Martín Herrera,Activo,2023-05-31,2023-05,Santa Fe
95,95,Natalia García,Inactivo,2023-06-01,2023-06,
96,96,Leandro Ramírez,Activo,2023-06-01,2023-06,Buenos Aires
97,97,Gabriel Peralta,Activo,2023-06-02,2023-06,
98,98,Ezequiel Sánchez,Activo,2023-06-03,2023-06,
99,99,Nicolás Vega,Inactivo,2023-06-04,2023-06,Córdoba
100,100,Valentina Álvarez,Activo,2023-06-04,2023-06,Santa Fe
101,101,Florencia Rojas,Activo,2023-06-05,2023-06,
102,102,Silvina Flores,Activo,2023-06-06,2023-06,Buenos Aires
103,103,Silvina Carrizo,Activo,2023-06-07,2023-06,Buenos Aires
104,104,Facundo Moreno,Activo,2023-06-07,2023-06,Córdoba
105,105,Alejandro Sosa,Activo,2023-06-08,2023-06,Buenos Aires
106,106,Ana Martínez,Activo,2023-06-08,2023-06,Mendoza
107,107,Benjamín Gutiérrez,Activo,2023-06-09,2023-06,Santa Fe
108,108,Leandro Díaz,Activo,2023-06-09,2023-06,Santa Fe
109,109,Catalina Acosta,Activo,2023-06-09,2023-06,Córdoba
110,110,Mateo Suárez,Activo,2023-06-09,2023-06,Mendoza
111,111,Martín Muñoz,Activo,2023-06-10,2023-06,
112,112,Catalina Ramírez,Activo,2023-06-11,2023-06,Buenos Aires
113,113,Paula Ojeda,Activo,2023-06-11,2023-06,Buenos Aires
114,114,Lucas Ortiz,Activo,2023-06-12,2023-06,
115,115,Gonzalo Romero,Activo,2023-06-13,2023-06,Buenos Aires
116,116,Brenda Ortiz,Activo,2023-06-13,2023-06,Buenos Aires
117,117,Ignacio Suárez,Activo,2023-06-14,2023-06,
118,118,Ignacio Acosta,Activo,2023-06-14,2023-06,Córdoba
119,119,Milagros Álvarez,Inactivo,2023-06-16,2023-06,
120,120,Gonzalo Flores,Activo,2023-06-16,2023-06,Mendoza
121,121,Matías Suárez,Activo,2023-06-17,2023-06,Córdoba
122,122,Julieta Torres,Activo,2023-06-17,2023-06,Córdoba
123,123,Facundo Flores,Activo,2023-06-18,2023-06,Buenos Aires
124,124,Matías Morales,Activo,2023-06-18,2023-06,Buenos Aires
125,125,Sebastián Gómez,Activo,2023-06-18,2023-06,Santa Fe
126,126,Ignacio Medina,Activo,2023-06-19,2023-06,Buenos Aires
127,127,Matías Ruiz,Activo,2023-06-20,2023-06,Córdoba
128,128,Benjamín Giménez,Activo,2023-06-20,2023-06,Santa Fe
129,129,Micaela Rodríguez,Activo,2023-06-21,2023-06,
130,130,Pablo Castillo,Inactivo,2023-06-21,2023-06,Córdoba
131,131,Diego Suárez,Activo,2023-06-22,2023-06,Buenos Aires
132,132,Micaela Godoy,Activo,2023-06-23,2023-06,Córdoba
133,133,Florencia Morales,Activo,2023-06-25,2023-06,Buenos Aires
134,134,Joaquín Muñoz,Activo,2023-06-26,2023-06,Córdoba
135,135,Hernán Martínez,Inactivo,2023-06-27,2023-06,Buenos Aires
136,136,Belén Giménez,Activo,2023-06-27,2023-06,Buenos Aires
137,137,Agustina Quiroga,Activo,2023-06-29,2023-06,Buenos Aires
138,138,Santiago López,Activo,2023-06-29,2023-06,
139,139,Federico Medina,Activo,2023-06-29,2023-06,Córdoba
140,140,Natalia Torres,Activo,2023-06-30,2023-06,Buenos Aires
141,141,Catalina Ponce,Activo,2023-07-01,2023-07,
142,142,Natalia Molina,Activo,2023-07-01,2023-07,Buenos Aires
143,143,Santiago Luna,Activo,2023-07-01,2023-07,Córdoba
144,144,Emiliano Peralta,Activo,2023-07-01,2023-07,Córdoba
145,145,Ana González,Activo,2023-07-01,2023-07,
146,146,Belén Núñez,Activo,2023-07-04,2023-07,
147,147,Ramiro Acosta,Activo,2023-07-04,2023-07,Buenos Aires
148,148,Natalia Ortiz,Activo,2023-07-04,2023-07,
149,149,Gabriel Castro,Activo,2023-07-04,2023-07,Córdoba
150,150,Lucas Fernández,Activo,2023-07-05,2023-07,Santa Fe
151,151,Gonzalo Martínez,Inactivo,2023-07-06,2023-07,
152,152,Carolina Ruiz,Activo,2023-07-06,2023-07,Santa Fe
153,153,Martina Ledesma,Activo,2023-07-07,2023-07,
154,154,Franco Castro,Activo,2023-07-08,2023-07,Santa Fe
155,155,Juan Juárez,Activo,2023-07-08,2023-07,Mendoza
156,156,Pablo Ruiz,Activo,2023-07-08,2023-07,Buenos Aires
157,157,Emiliano Godoy,Activo,2023-07-08,2023-07,Buenos Aires
158,158,Florencia Flores,Activo,2023-07-08,2023-07,
159,159,Santiago Acosta,Activo,2023-07-08,2023-07,Santa Fe
160,160,Micaela Muñoz,Activo,2023-07-08,2023-07,Buenos Aires
161,161,Agustina Muñoz,Activo,2023-07-09,2023-07,Córdoba
162,162,Florencia Ferreyra,Activo,2023-07-09,2023-07,Santa Fe
163,163,Victoria Quiroga,Activo,2023-07-10,2023-07,Córdoba
164,164,Ana Vega,Inactivo,2023-07-10,2023-07,Buenos Aires
165,165,Gonzalo Luna,Activo,2023-07-10,2023-07,Córdoba
166,166,Sebastián Sánchez,Activo,2023-07-11,2023-07,Santa Fe
167,167,Facundo Acosta,Activo,2023-07-12,2023-07,Buenos Aires
168,168,Alejandro Martínez,Inactivo,2023-07-12,2023-07,Buenos Aires
169,169,Santiago Rodríguez,Activo,2023-07-13,2023-07,Buenos Aires
170,170,Martina Díaz,Activo,2023-07-14,2023-07,Buenos Aires
171,171,Diego Ríos,Activo,2023-07-14,2023-07,Córdoba
172,172,Carolina Medina,Activo,2023-07-15,2023-07,Córdoba
173,173,Hernán Castro,Activo,2023-07-16,2023-07,Buenos Aires
174,174,Martín Quiroga,Activo,2023-07-16,2023-07,Córdoba
175,175,Micaela Sánchez,Activo,2023-07-17,2023-07,
176,176,Daniela Ramírez,Inactivo,2023-07-18,2023-07,Buenos Aires
177,177,Lucas Medina,Activo,2023-07-18,2023-07,
178,178,Daniela Ríos,Activo,2023-07-19,2023-07,Santa Fe
179,179,Joaquín Domínguez,Activo,2023-07-19,2023-07,Santa Fe
180,180,Micaela Ruiz,Activo,2023-07-19,2023-07,
181,181,Pablo Álvarez,Activo,2023-07-20,2023-07,
182,182,Juan Suárez,Activo,2023-07-20,2023-07,Mendoza
183,183,Tomás López,Activo,2023-07-21,2023-07,Buenos Aires
184,184,Ana Cabrera,Activo,2023-07-21,2023-07,Buenos Aires
185,185,Valentina Silva,Activo,2023-07-22,2023-07,Buenos Aires
186,186,Leandro Medina,Activo,2023-07-22,2023-07,Buenos Aires
187,187,Romina Ramírez,Inactivo,2023-07-22,2023-07,
188,188,Ana Juárez,Activo,2023-07-22,2023-07,
189,189,Paula Rodríguez,Activo,2023-07-22,2023-07,Santa Fe
190,190,Diego Benítez,Activo,2023-07-23,2023-07,Buenos Aires
191,191,Martina Cabrera,Activo,2023-07-23,2023-07,Mendoza
192,192,Camila Rojas,Activo,2023-07-23,2023-07,Santa Fe
193,193,María Giménez,Activo,2023-07-23,2023-07,
194,194,Sofía Gutiérrez,Activo,2023-07-24,2023-07,Buenos Aires
195,195,Julieta Díaz,Activo,2023-07-24,2023-07,Santa Fe
196,196,Tomás Martínez,Activo,2023-07-25,2023-07,
197,197,Emiliano González,Activo,2023-07-25,2023-07,
198,198,María Medina,Activo,2023-07-26,2023-07,
199,199,Sofía Martínez,Activo,2023-07-29,2023-07,
200,200,Paula Pérez,Activo,2023-07-29,2023-07,Buenos Aires
201,201,Micaela Suárez,Activo,2023-07-30,2023-07,Buenos Aires
202,202,Romina Quiroga,Activo,2023-07-30,2023-07,Buenos Aires
203,203,Ana Núñez,Activo,2023-07-31,2023-07,
204,204,Julieta Moreno,Activo,2023-07-31,2023-07,
205,205,Antonella Castillo,Inactivo,2023-07-31,2023-07,Santa Fe
206,206,Diego López,Activo,2023-07-31,2023-07,Buenos Aires
207,207,Brenda Fernández,Activo,2023-08-01,2023-08,Buenos Aires
208,208,Nicolás Molina,Activo,2023-08-02,2023-08,Santa Fe
209,209,Antonella Silva,Activo,2023-08-02,2023-08,
210,210,Matías González,Activo,2023-08-03,2023-08,Buenos Aires
211,211,Franco Ponce,Activo,2023-08-03,2023-08,
212,212,Brenda Domínguez,Activo,2023-08-03,2023-08,
213,213,Victoria Domínguez,Activo,2023-08-04,2023-08,Santa Fe
214,214,Valentina García,Activo,2023-08-04,2023-08,Buenos Aires
215,215,Ana Sosa,Activo,2023-08-04,2023-08,Buenos Aires
216,216,Gabriel Álvarez,Inactivo,2023-08-04,2023-08,Córdoba
217,217,Emiliano Suárez,Activo,2023-08-04,2023-08,Mendoza
218,218,Julieta Suárez,Inactivo,2023-08-06,2023-08,Buenos Aires
219,219,Micaela Flores,Activo,2023-08-06,2023-08,
220,220,Gabriel Molina,Activo,2023-08-06,2023-08,Buenos Aires
221,221,Martina Ortiz,Activo,2023-08-07,2023-08,Buenos Aires
222,222,Pablo López,Activo,2023-08-07,2023-08,Buenos Aires
223,223,Micaela Luna,Activo,2023-08-07,2023-08,
224,224,Mateo Pérez,Activo,2023-08-07,2023-08,
225,225,Facundo Ortiz,Inactivo,2023-08-09,2023-08,Buenos Aires
226,226,Leandro Giménez,Activo,2023-08-09,2023-08,Buenos Aires
227,227,Milagros Quiroga,Activo,2023-08-09,2023-08,Santa Fe
228,228,Romina Díaz,Inactivo,2023-08-10,2023-08,
229,229,Luciana Ortiz,Activo,2023-08-10,2023-08,Córdoba
230,230,María Núñez,Activo,2023-08-10,2023-08,
231,231,Lucas Rojas,Activo,2023-08-10,2023-08,Mendoza
232,232,Micaela Rojas,Activo,2023-08-11,2023-08,Córdoba
233,233,María Molina,Activo,2023-08-12,2023-08,Santa Fe
234,234,Luciana Carrizo,Activo,2023-08-12,2023-08,Santa Fe
235,235,Brenda Muñoz,Inactivo,2023-08-13,2023-08,Buenos Aires
236,236,Diego Godoy,Activo,2023-08-13,2023-08,
237,237,Franco Flores,Activo,2023-08-14,2023-08,Buenos Aires
238,238,Lucas Godoy,Activo,2023-08-14,2023-08,
239,239,Micaela Carrizo,Activo,2023-08-15,2023-08,Santa Fe
240,240,Martín Muñoz,Activo,2023-08-16,2023-08,Córdoba
241,241,Matías Pereyra,Activo,2023-08-16,2023-08,Buenos Aires
242,242,Martina Acosta,Activo,2023-08-16,2023-08,Santa Fe
243,243,María Suárez,Activo,2023-08-16,2023-08,Santa Fe
244,244,Camila González,Inactivo,2023-08-17,2023-08,Córdoba
245,245,Gabriel Morales,Activo,2023-08-17,2023-08,
246,246,Antonella Flores,Activo,2023-08-17,2023-08,
247,247,Agustina Ramírez,Activo,2023-08-17,2023-08,Buenos Aires
248,248,Juan Ojeda,Activo,2023-08-20,2023-08,Santa Fe
249,249,Carolina López,Activo,2023-08-20,2023-08,Santa Fe
250,250,Ana Medina,Activo,2023-08-20,2023-08,
251,251,Facundo Herrera,Activo,2023-08-22,2023-08,Buenos Aires
252,252,Romina Gómez,Activo,2023-08-22,2023-08,
253,253,Federico Luna,Activo,2023-08-23,2023-08,Mendoza
254,254,Florencia Peralta,Activo,2023-08-23,2023-08,Córdoba
255,255,Julieta Vega,Activo,2023-08-23,2023-08,Buenos Aires
256,256,Milagros Álvarez,Activo,2023-08-24,2023-08,
257,257,Rocío Martínez,Activo,2023-08-24,2023-08,Córdoba
258,258,Lucas Ledesma,Activo,2023-08-24,2023-08,
259,259,Lucía Cabrera,Activo,2023-08-25,2023-08,Córdoba
260,260,Emiliano Pérez,Activo,2023-08-25,2023-08,Mendoza
261,261,Lucía Ferreyra,Activo,2023-08-25,2023-08,
262,262,Martín Martínez,Inactivo,2023-08-26,2023-08,
263,263,Daniela Ferreyra,Activo,2023-08-26,2023-08,Santa Fe
264,264,Valentina Juárez,Activo,2023-08-26,2023-08,
265,265,Carolina Ponce,Activo,2023-08-27,2023-08,Santa Fe
266,266,Facundo Fernández,Activo,2023-08-27,2023-08,Buenos Aires
267,267,Florencia Vega,Activo,2023-08-27,2023-08,Buenos Aires
268,268,Camila Castillo,Activo,2023-08-28,2023-08,Mendoza
269,269,Catalina Cabrera,Activo,2023-08-29,2023-08,Buenos Aires
270,270,Tomás Castillo,Activo,2023-08-29,2023-08,Buenos Aires
271,271,Matías Molina,Activo,2023-08-30,2023-08,Córdoba
272,272,Pablo Ortiz,Activo,2023-08-30,2023-08,Santa Fe
273,273,María Sánchez,Activo,2023-08-31,2023-08,
274,274,María Pereyra,Activo,2023-08-31,2023-08,
275,275,Sebastián Acosta,Activo,2023-08-31,2023-08,Santa Fe
276,276,Catalina Ojeda,Activo,2023-08-31,2023-08,
277,277,Florencia Castro,Activo,2023-09-01,2023-09,Buenos Aires
278,278,Luciana Silva,Activo,2023-09-01,2023-09,Mendoza
279,279,Sofía Cabrera,Activo,2023-09-01,2023-09,Córdoba
280,280,Ana Rodríguez,Activo,2023-09-01,2023-09,Córdoba
281,281,María Suárez,Activo,2023-09-02,2023-09,Buenos Aires
282,282,Alejandro Peralta,Activo,2023-09-02,2023-09,
283,283,Martina Herrera,Activo,2023-09-02,2023-09,Córdoba
284,284,Carolina Moreno,Activo,2023-09-02,2023-09,Santa Fe
285,285,Valentina Herrera,Activo,2023-09-02,2023-09,Córdoba
286,286,Agustina Giménez,Inactivo,2023-09-02,2023-09,
287,287,Martín Sánchez,Activo,2023-09-03,2023-09,Buenos Aires
288,288,Santiago Silva,Activo,2023-09-03,2023-09,Santa Fe
289,289,Luciana López,Activo,2023-09-03,2023-09,Córdoba
290,290,Ignacio Rojas,Activo,2023-09-03,2023-09,
291,291,Leandro Morales,Activo,2023-09-04,2023-09,
292,292,Rocío Ramírez,Activo,2023-09-04,2023-09,
293,293,Daniela Martínez,Inactivo,2023-09-04,2023-09,Mendoza
294,294,Ramiro Moreno,Activo,2023-09-04,2023-09,Santa Fe
295,295,Tomás Flores,Activo,2023-09-04,2023-09,Santa Fe
296,296,María Castillo,Activo,2023-09-04,2023-09,Córdoba
297,297,Milagros Medina,Activo,2023-09-05,2023-09,Santa Fe
298,298,Antonella Ríos,Activo,2023-09-05,2023-09,
299,299,Gonzalo Ledesma,Activo,2023-09-05,2023-09,Santa Fe
300,300,Camila Muñoz,Activo,2023-09-05,2023-09,Santa Fe
301,301,Tomás Quiroga,Activo,2023-09-06,2023-09,Buenos Aires
302,302,Luciana Giménez,Activo,2023-09-06,2023-09,Santa Fe
303,303,Belén Ortiz,Activo,2023-09-07,2023-09,
304,304,Santiago Juárez,Activo,2023-09-07,2023-09,Santa Fe
305,305,Franco Castillo,Activo,2023-09-08,2023-09,Buenos Aires
306,306,Micaela González,Activo,2023-09-09,2023-09,Buenos Aires
307,307,Antonella Medina,Activo,2023-09-09,2023-09,
308,308,Rocío Rodríguez,Activo,2023-09-09,2023-09,Córdoba
309,309,Lucas Castillo,Activo,2023-09-10,2023-09,
310,310,Natalia Sánchez,Activo,2023-09-10,2023-09,Buenos Aires
311,311,Antonella Pereyra,Activo,2023-09-11,2023-09,
312,312,Carolina Benítez,Activo,2023-09-11,2023-09,
313,313,Alejandro Cabrera,Activo,2023-09-11,2023-09,Córdoba
314,314,Agustina Ponce,Activo,2023-09-11,2023-09,
315,315,Ramiro Sánchez,Activo,2023-09-12,2023-09,Santa Fe
316,316,Camila Quiroga,Activo,2023-09-12,2023-09,Buenos Aires
317,317,Franco Romero,Activo,2023-09-13,2023-09,Córdoba
318,318,Valentina Álvarez,Activo,2023-09-14,2023-09,
319,319,Alejandro Suárez,Activo,2023-09-14,2023-09,
320,320,Franco Cabrera,Activo,2023-09-15,2023-09,
321,321,Micaela Luna,Activo,2023-09-15,2023-09,Buenos Aires
322,322,Florencia Benítez,Activo,2023-09-16,2023-09,Santa Fe
323,323,Catalina Ríos,Activo,2023-09-16,2023-09,
324,324,Tomás Ledesma,Activo,2023-09-16,2023-09,Santa Fe
325,325,Paula García,Inactivo,2023-09-17,2023-09,Córdoba
326,326,Valentina Rodríguez,Activo,2023-09-18,2023-09,Mendoza
327,327,Ramiro Romero,Activo,2023-09-18,2023-09,Mendoza
328,328,María Pereyra,Activo,2023-09-18,2023-09,Córdoba
329,329,Ramiro Medina,Activo,2023-09-20,2023-09,
330,330,Ignacio Rojas,Activo,2023-09-21,2023-09,Buenos Aires
331,331,Martín Carrizo,Activo,2023-09-21,2023-09,Córdoba
332,332,Pablo Aguirre,Activo,2023-09-21,2023-09,Santa Fe
333,333,Ignacio Ferreyra,Activo,2023-09-21,2023-09,Santa Fe
334,334,Martina Torres,Activo,2023-09-21,2023-09,Buenos Aires
335,335,Florencia Ledesma,Activo,2023-09-21,2023-09,Mendoza
336,336,Juan Domínguez,Activo,2023-09-21,2023-09,Mendoza
337,337,Silvina Molina,Activo,2023-09-22,2023-09,Santa Fe
338,338,María Ojeda,Activo,2023-09-22,2023-09,Buenos Aires
339,339,Silvina Torres,Activo,2023-09-22,2023-09,Córdoba
340,340,Brenda Benítez,Activo,2023-09-24,2023-09,Buenos Aires
341,341,Matías Martínez,Activo,2023-09-25,2023-09,Mendoza
342,342,Silvina Ramírez,Activo,2023-09-25,2023-09,Santa Fe
343,343,Rocío Ojeda,Activo,2023-09-26,2023-09,
344,344,Agustina Ríos,Activo,2023-09-26,2023-09,Córdoba
345,345,Ana Ledesma,Activo,2023-09-27,2023-09,
346,346,Carolina Gómez,Activo,2023-09-27,2023-09,Mendoza
347,347,Benjamín Sánchez,Activo,2023-09-27,2023-09,Córdoba
348,348,Ramiro Medina,Activo,2023-09-27,2023-09,Santa Fe
349,349,Valentina Gómez,Activo,2023-09-27,2023-09,Córdoba
350,350,Joaquín Peralta,Activo,2023-09-28,2023-09,Mendoza
351,351,Valentina Sánchez,Activo,2023-09-29,2023-09,Buenos Aires
352,352,Tomás Vega,Activo,2023-09-29,2023-09,
353,353,Brenda Godoy,Activo,2023-09-29,2023-09,Buenos Aires
354,354,Camila Flores,Activo,2023-09-30,2023-09,Santa Fe
355,355,Ana Carrizo,Activo,2023-09-30,2023-09,Mendoza
356,356,Ezequiel Núñez,Activo,2023-10-01,2023-10,Buenos Aires
357,357,Federico Molina,Activo,2023-10-02,2023-10,Buenos Aires
358,358,Victoria Ledesma,Activo,2023-10-02,2023-10,
359,359,Daniela Ponce,Activo,2023-10-02,2023-10,Córdoba
360,360,Carolina Giménez,Inactivo,2023-10-02,2023-10,
361,361,Santiago Benítez,Activo,2023-10-02,2023-10,Buenos Aires
362,362,Lucía Sosa,Activo,2023-10-02,2023-10,Buenos Aires
363,363,Martín Rodríguez,Activo,2023-10-02,2023-10,Córdoba
364,364,Camila Martínez,Inactivo,2023-10-02,2023-10,
365,365,Franco Acosta,Activo,2023-10-03,2023-10,Santa Fe
366,366,Lucas Pérez,Activo,2023-10-03,2023-10,Buenos Aires
367,367,Ignacio Martínez,Inactivo,2023-10-03,2023-10,Buenos Aires
368,368,Brenda Vega,Activo,2023-10-03,2023-10,Córdoba
369,369,Paula Luna,Activo,2023-10-03,2023-10,Santa Fe
370,370,Martina Ojeda,Inactivo,2023-10-03,2023-10,
371,371,Sofía Ramírez,Activo,2023-10-03,2023-10,Córdoba
372,372,Romina Sánchez,Activo,2023-10-04,2023-10,
373,373,Leandro Pérez,Activo,2023-10-04,2023-10,Mendoza
374,374,Micaela Rodríguez,Activo,2023-10-04,2023-10,Buenos Aires
375,375,Mateo Benítez,Activo,2023-10-05,2023-10,Santa Fe
376,376,Lucía Díaz,Activo,2023-10-05,2023-10,Mendoza
377,377,Martina Aguirre,Activo,2023-10-05,2023-10,Mendoza
378,378,Luciana Moreno,Activo,2023-10-05,2023-10,Mendoza
379,379,Natalia Ojeda,Activo,2023-10-05,2023-10,
380,380,Tomás Ríos,Activo,2023-10-05,2023-10,Santa Fe
381,381,Romina Núñez,Activo,2023-10-05,2023-10,Buenos Aires
382,382,Emiliano Gutiérrez,Activo,2023-10-06,2023-10,Mendoza
383,383,Brenda Ruiz,Activo,2023-10-06,2023-10,Buenos Aires
384,384,Julieta Ponce,Activo,2023-10-07,2023-10,Santa Fe
385,385,Matías Gutiérrez,Activo,2023-10-07,2023-10,
386,386,Ana Ramírez,Activo,2023-10-07,2023-10,
387,387,Emiliano Flores,Activo,2023-10-08,2023-10,Córdoba
388,388,Hernán Castro,Activo,2023-10-08,2023-10,
389,389,Mateo Giménez,Activo,2023-10-08,2023-10,Buenos Aires
390,390,Micaela Álvarez,Activo,2023-10-09,2023-10,
391,391,Brenda Molina,Inactivo,2023-10-09,2023-10,Córdoba
392,392,Joaquín Molina,Activo,2023-10-09,2023-10,
393,393,Ezequiel Núñez,Inactivo,2023-10-10,2023-10,Buenos Aires
394,394,Matías Peralta,Activo,2023-10-10,2023-10,Mendoza
395,395,Romina Muñoz,Activo,2023-10-11,2023-10,Buenos Aires
396,396,Emiliano Vega,Inactivo,2023-10-11,2023-10,Buenos Aires
397,397,Ramiro Juárez,Activo,2023-10-11,2023-10,Buenos Aires
398,398,Ezequiel Romero,Activo,2023-10-12,2023-10,Buenos Aires
399,399,Facundo Ponce,Activo,2023-10-12,2023-10,Santa Fe
400,400,Daniela Peralta,Activo,2023-10-13,2023-10,Buenos Aires
401,401,Santiago Díaz,Activo,2023-10-13,2023-10,
402,402,Benjamín Gómez,Activo,2023-10-13,2023-10,Santa Fe
403,403,Daniela Ortiz,Activo,2023-10-14,2023-10,Buenos Aires
404,404,Martina Flores,Activo,2023-10-14,2023-10,Buenos Aires
405,405,Franco Álvarez,Activo,2023-10-14,2023-10,Mendoza
406,406,Natalia Castro,Activo,2023-10-14,2023-10,
407,407,Facundo Acosta,Activo,2023-10-15,2023-10,
408,408,Ramiro Castro,Inactivo,2023-10-15,2023-10,Buenos Aires
409,409,Carolina Ruiz,Activo,2023-10-15,2023-10,Mendoza
410,410,Ignacio Quiroga,Inactivo,2023-10-15,2023-10,Córdoba
411,411,Paula Herrera,Activo,2023-10-15,2023-10,Buenos Aires
412,412,Luciana Quiroga,Activo,2023-10-15,2023-10,Santa Fe
413,413,Victoria Sosa,Activo,2023-10-15,2023-10,
414,414,Romina Cabrera,Activo,2023-10-16,2023-10,Buenos Aires
415,415,Rocío Rodríguez,Activo,2023-10-16,2023-10,Santa Fe
416,416,Brenda Silva,Activo,2023-10-16,2023-10,Córdoba
417,417,Brenda Díaz,Activo,2023-10-17,2023-10,Mendoza
418,418,Nicolás Álvarez,Inactivo,2023-10-17,2023-10,
419,419,Sofía Morales,Activo,2023-10-18,2023-10,
420,420,Joaquín Luna,Activo,2023-10-18,2023-10,Buenos Aires
421,421,Romina Rojas,Activo,2023-10-18,2023-10,Buenos Aires
422,422,Julieta Romero,Activo,2023-10-18,2023-10,Santa Fe
423,423,Carolina Rojas,Activo,2023-10-18,2023-10,Córdoba
424,424,Florencia Castro,Inactivo,2023-10-18,2023-10,
425,425,Daniela Gutiérrez,Inactivo,2023-10-19,2023-10,Santa Fe
426,426,Romina Rodríguez,Activo,2023-10-19,2023-10,Buenos Aires
427,427,Micaela Godoy,Activo,2023-10-19,2023-10,Santa Fe
428,428,Agustina Giménez,Activo,2023-10-20,2023-10,
429,429,Florencia Ferreyra,Activo,2023-10-21,2023-10,Mendoza
430,430,Diego Castro,Activo,2023-10-21,2023-10,Mendoza
431,431,Brenda Benítez,Activo,2023-10-23,2023-10,Buenos Aires
432,432,Alejandro Cabrera,Inactivo,2023-10-23,2023-10,Mendoza
433,433,Pablo Luna,Inactivo,2023-10-23,2023-10,Buenos Aires
434,434,María Quiroga,Activo,2023-10-23,2023-10,Mendoza
435,435,Lucas Ferreyra,Activo,2023-10-24,2023-10,Mendoza
436,436,Gonzalo Gómez,Activo,2023-10-24,2023-10,Mendoza
437,437,Daniela Núñez,Activo,2023-10-24,2023-10,Mendoza
438,438,Ezequiel Rojas,Activo,2023-10-24,2023-10,Buenos Aires
439,439,Valentina López,Activo,2023-10-24,2023-10,Buenos Aires
440,440,Julieta Pérez,Activo,2023-10-24,2023-10,Mendoza
441,441,Daniela Aguirre,Activo,2023-10-25,2023-10,
442,442,Agustina Ojeda,Activo,2023-10-25,2023-10,Córdoba
443,443,Lucas Godoy,Activo,2023-10-25,2023-10,Mendoza
444,444,Facundo Gutiérrez,Activo,2023-10-26,2023-10,Buenos Aires
445,445,Belén Cabrera,Activo,2023-10-26,2023-10,
446,446,Ezequiel Ojeda,Activo,2023-10-27,2023-10,
447,447,Diego Moreno,Activo,2023-10-28,2023-10,Buenos Aires
448,448,Sebastián Sánchez,Activo,2023-10-28,2023-10,Mendoza
449,449,Mateo Morales,Inactivo,2023-10-28,2023-10,
450,450,Ignacio Sosa,Activo,2023-10-28,2023-10,
451,451,Ramiro Sánchez,Inactivo,2023-10-29,2023-10,
452,452,Micaela Rojas,Activo,2023-10-29,2023-10,Santa Fe
453,453,Emiliano Pereyra,Activo,2023-10-30,2023-10,
454,454,Silvina Giménez,Activo,2023-10-30,2023-10,Córdoba
455,455,Romina Rojas,Activo,2023-10-30,2023-10,Córdoba
456,456,Benjamín Juárez,Inactivo,2023-10-31,2023-10,Mendoza
457,457,Victoria Moreno,Activo,2023-10-31,2023-10,Mendoza
458,458,Ramiro Sánchez,Activo,2023-10-31,2023-10,Buenos Aires
459,459,Juan Pérez,Activo,2023-11-01,2023-11,Santa Fe
460,460,Micaela Ojeda,Activo,2023-11-02,2023-11,Buenos Aires
461,461,Gonzalo Silva,Activo,2023-11-02,2023-11,Santa Fe
462,462,Gabriel Cabrera,Activo,2023-11-02,2023-11,Buenos Aires
463,463,Carolina Aguirre,Activo,2023-11-02,2023-11,Santa Fe
464,464,Julieta Benítez,Activo,2023-11-03,2023-11,Buenos Aires
465,465,Agustina Pérez,Activo,2023-11-03,2023-11,
466,466,Santiago Acosta,Activo,2023-11-03,2023-11,Buenos Aires
467,467,Martina Moreno,Activo,2023-11-03,2023-11,Santa Fe
468,468,Florencia Ledesma,Inactivo,2023-11-04,2023-11,Buenos Aires
469,469,Alejandro Quiroga,Inactivo,2023-11-04,2023-11,Santa Fe
470,470,Tomás Sánchez,Activo,2023-11-04,2023-11,Santa Fe
471,471,Franco Ruiz,Activo,2023-11-05,2023-11,
472,472,Leandro Ledesma,Activo,2023-11-05,2023-11,
473,473,Agustina Castro,Activo,2023-11-05,2023-11,Buenos Aires
474,474,Emiliano Aguirre,Activo,2023-11-06,2023-11,
475,475,Franco Ortiz,Activo,2023-11-06,2023-11,Córdoba
476,476,Alejandro Carrizo,Activo,2023-11-06,2023-11,Buenos Aires
477,477,Lucía Ferreyra,Activo,2023-11-07,2023-11,Santa Fe
478,478,Julieta Rodríguez,Activo,2023-11-07,2023-11,Córdoba
479,479,Milagros Gómez,Activo,2023-11-07,2023-11,Buenos Aires
480,480,Valentina Juárez,Activo,2023-11-07,2023-11,Santa Fe
481,481,Martina López,Activo,2023-11-07,2023-11,
482,482,Hernán Sosa,Activo,2023-11-07,2023-11,Córdoba
483,483,Carolina Ortiz,Activo,2023-11-07,2023-11,
484,484,Nicolás Rojas,Activo,2023-11-07,2023-11,Buenos Aires
485,485,Gabriel Ortiz,Activo,2023-11-08,2023-11,
486,486,Sebastián Pereyra,Activo,2023-11-08,2023-11,Córdoba
487,487,Catalina Fernández,Activo,2023-11-08,2023-11,Córdoba
488,488,Antonella Álvarez,Activo,2023-11-09,2023-11,Córdoba
489,489,Joaquín Sánchez,Activo,2023-11-09,2023-11,Buenos Aires
490,490,Belén Quiroga,Activo,2023-11-09,2023-11,Buenos Aires
491,491,Agustina Romero,Inactivo,2023-11-10,2023-11,Córdoba
492,492,Luciana Herrera,Activo,2023-11-10,2023-11,Mendoza
493,493,Martín Romero,Inactivo,2023-11-10,2023-11,
494,494,Benjamín López,Activo,2023-11-10,2023-11,Buenos Aires
495,495,Ana Vega,Activo,2023-11-11,2023-11,
496,496,Luciana Quiroga,Activo,2023-11-11,2023-11,Buenos Aires
497,497,Luciana Medina,Activo,2023-11-12,2023-11,Buenos Aires
498,498,María Quiroga,Activo,2023-11-12,2023-11,
499,499,Mateo Rodríguez,Activo,2023-11-12,2023-11,Buenos Aires
500,500,Mateo Ríos,Activo,2023-11-12,2023-11,
501,501,Leandro Giménez,Inactivo,2023-11-12,2023-11,
502,502,Luciana Ruiz,Activo,2023-11-13,2023-11,Córdoba
503,503,Daniela Moreno,Activo,2023-11-13,2023-11,
504,504,Belén Ortiz,Activo,2023-11-13,2023-11,
505,505,Ana Domínguez,Activo,2023-11-13,2023-11,Buenos Aires
506,506,Silvina Godoy,Activo,2023-11-14,2023-11,Santa Fe
507,507,Martín Moreno,Activo,2023-11-14,2023-11,Santa Fe
508,508,Romina Sosa,Activo,2023-11-15,2023-11,Córdoba
509,509,Carolina Medina,Activo,2023-11-15,2023-11,Santa Fe
510,510,Lucas Pereyra,Activo,2023-11-15,2023-11,Santa Fe
511,511,Natalia Cabrera,Activo,2023-11-15,2023-11,Mendoza
512,512,Lucía Díaz,Activo,2023-11-15,2023-11,Córdoba
513,513,Daniela Núñez,Activo,2023-11-15,2023-11,Córdoba
514,514,Brenda Flores,Activo,2023-11-17,2023-11,Mendoza
515,515,Silvina Cabrera,Activo,2023-11-17,2023-11,Santa Fe
516,516,María Torres,Inactivo,2023-11-17,2023-11,Santa Fe
517,517,Ana Ríos,Activo,2023-11-17,2023-11,Mendoza
518,518,Paula Ledesma,Activo,2023-11-18,2023-11,Córdoba
519,519,Paula Núñez,Activo,2023-11-18,2023-11,Santa Fe
520,520,Micaela Godoy,Activo,2023-11-19,2023-11,
521,521,Antonella Giménez,Activo,2023-11-19,2023-11,Mendoza
522,522,Lucía González,Activo,2023-11-19,2023-11,
523,523,Gonzalo Ferreyra,Activo,2023-11-19,2023-11,Córdoba
524,524,Federico Ramírez,Activo,2023-11-19,2023-11,Santa Fe
525,525,Catalina Sosa,Activo,2023-11-20,2023-11,
526,526,Sebastián Vega,Activo,2023-11-20,2023-11,Mendoza
527,527,Sofía Vega,Activo,2023-11-20,2023-11,Santa Fe
528,528,Daniela Luna,Inactivo,2023-11-21,2023-11,
529,529,Santiago Giménez,Activo,2023-11-22,2023-11,Buenos Aires
530,530,Camila Ríos,Activo,2023-11-22,2023-11,
531,531,Antonella Silva,Activo,2023-11-22,2023-11,Mendoza
532,532,Julieta Sánchez,Activo,2023-11-22,2023-11,Córdoba
533,533,Franco Acosta,Activo,2023-11-22,2023-11,Córdoba
534,534,Florencia Ríos,Inactivo,2023-11-23,2023-11,Córdoba
535,535,Ana Rojas,Activo,2023-11-23,2023-11,
536,536,Alejandro Cabrera,Activo,2023-11-23,2023-11,
537,537,Natalia Romero,Activo,2023-11-24,2023-11,Santa Fe
538,538,Milagros Muñoz,Activo,2023-11-24,2023-11,Mendoza
539,539,Gonzalo Domínguez,Activo,2023-11-27,2023-11,
540,540,Ignacio Ledesma,Activo,2023-11-27,2023-11,
541,541,Ramiro López,Activo,2023-11-27,2023-11,Santa Fe
542,542,Valentina Ferreyra,Activo,2023-11-27,2023-11,Córdoba
543,543,Federico Moreno,Activo,2023-11-28,2023-11,Córdoba
544,544,Mateo Aguirre,Activo,2023-11-28,2023-11,Mendoza
545,545,Ignacio Ramírez,Activo,2023-11-28,2023-11,Santa Fe
546,546,Franco Pereyra,Inactivo,2023-11-29,2023-11,Mendoza
547,547,María Muñoz,Activo,2023-11-30,2023-11,Buenos Aires
548,548,María Fernández,Activo,2023-11-30,2023-11,Santa Fe
549,549,Mateo López,Activo,2023-11-30,2023-11,
550,550,Facundo Peralta,Activo,2023-12-01,2023-12,
551,551,Benjamín Díaz,Inactivo,2023-12-01,2023-12,
552,552,Carolina Ponce,Activo,2023-12-01,2023-12,Santa Fe
553,553,Julieta Álvarez,Activo,2023-12-02,2023-12,Santa Fe
554,554,Gonzalo Ponce,Activo,2023-12-02,2023-12,
555,555,Ana Ferreyra,Activo,2023-12-02,2023-12,
556,556,Matías Castro,Activo,2023-12-03,2023-12,Mendoza
557,557,María Álvarez,Activo,2023-12-03,2023-12,Córdoba
558,558,Leandro Herrera,Inactivo,2023-12-03,2023-12,
559,559,Rocío Torres,Activo,2023-12-05,2023-12,
560,560,Martín Peralta,Activo,2023-12-05,2023-12,
561,561,Camila Rodríguez,Inactivo,2023-12-06,2023-12,
562,562,María Pérez,Activo,2023-12-06,2023-12,Buenos Aires
563,563,Emiliano Cabrera,Activo,2023-12-06,2023-12,Buenos Aires
564,564,Martina Ruiz,Activo,2023-12-06,2023-12,Buenos Aires
565,565,Silvina Martínez,Inactivo,2023-12-07,2023-12,Santa Fe
566,566,Micaela Vega,Activo,2023-12-07,2023-12,Córdoba
567,567,Ramiro Pereyra,Activo,2023-12-07,2023-12,Buenos Aires
568,568,Gonzalo Giménez,Activo,2023-12-07,2023-12,
569,569,Catalina Ledesma,Activo,2023-12-07,2023-12,Mendoza
570,570,Silvina Silva,Activo,2023-12-07,2023-12,Córdoba
571,571,Rocío Ruiz,Activo,2023-12-08,2023-12,
572,572,Antonella Castillo,Activo,2023-12-08,2023-12,Santa Fe
573,573,Milagros Rojas,Activo,2023-12-08,2023-12,Buenos Aires
574,574,Ignacio López,Inactivo,2023-12-08,2023-12,Mendoza
575,575,Victoria Acosta,Activo,2023-12-10,2023-12,Santa Fe
576,576,Camila Gómez,Activo,2023-12-10,2023-12,Córdoba
577,577,Hernán Juárez,Activo,2023-12-10,2023-12,Córdoba
578,578,Santiago Vega,Activo,2023-12-10,2023-12,Buenos Aires
579,579,Florencia Muñoz,Activo,2023-12-10,2023-12,Buenos Aires
580,580,Matías Gómez,Activo,2023-12-11,2023-12,
581,581,Facundo Giménez,Activo,2023-12-11,2023-12,Mendoza
582,582,Juan Gómez,Activo,2023-12-11,2023-12,Córdoba
583,583,Martín Torres,Activo,2023-12-11,2023-12,
584,584,Romina García,Activo,2023-12-11,2023-12,
585,585,Camila Carrizo,Activo,2023-12-11,2023-12,Córdoba
586,586,Silvina Martínez,Activo,2023-12-12,2023-12,Buenos Aires
587,587,Brenda Acosta,Activo,2023-12-12,2023-12,
588,588,Sofía Vega,Activo,2023-12-13,2023-12,Córdoba
589,589,Ana Godoy,Activo,2023-12-13,2023-12,Santa Fe
590,590,Victoria Sosa,Activo,2023-12-13,2023-12,
591,591,María Quiroga,Activo,2023-12-13,2023-12,Mendoza
592,592,Leandro Pérez,Activo,2023-12-13,2023-12,
593,593,Carolina Castillo,Activo,2023-12-14,2023-12,Mendoza
594,594,Antonella López,Activo,2023-12-14,2023-12,
595,595,Luciana Ruiz,Activo,2023-12-14,2023-12,Santa Fe
596,596,Paula Pereyra,Activo,2023-12-15,2023-12,Buenos Aires
597,597,Juan Molina,Activo,2023-12-15,2023-12,Córdoba
598,598,Luciana Carrizo,Activo,2023-12-15,2023-12,Mendoza
599,599,Belén Núñez,Activo,2023-12-15,2023-12,
600,600,Ezequiel Medina,Activo,2023-12-15,2023-12,
601,601,Victoria Ponce,Activo,2023-12-15,2023-12,
602,602,Belén Núñez,Activo,2023-12-16,2023-12,Mendoza
603,603,Romina García,Activo,2023-12-16,2023-12,Córdoba
604,604,Brenda Morales,Activo,2023-12-16,2023-12,Santa Fe
605,605,Silvina Gutiérrez,Activo,2023-12-16,2023-12,
606,606,Alejandro Suárez,Inactivo,2023-12-17,2023-12,
607,607,Benjamín Ruiz,Activo,2023-12-17,2023-12,Santa Fe
608,608,Daniela Núñez,Activo,2023-12-17,2023-12,
609,609,Camila Moreno,Activo,2023-12-17,2023-12,
610,610,Milagros Benítez,Activo,2023-12-17,2023-12,Mendoza
611,611,Silvina Flores,Activo,2023-12-18,2023-12,Buenos Aires
612,612,Belén Juárez,Activo,2023-12-18,2023-12,Córdoba
613,613,María Herrera,Activo,2023-12-19,2023-12,Mendoza
614,614,Juan Ortiz,Activo,2023-12-19,2023-12,Santa Fe
615,615,Romina Herrera,Inactivo,2023-12-19,2023-12,Córdoba
616,616,Natalia Aguirre,Inactivo,2023-12-19,2023-12,
617,617,Antonella Suárez,Activo,2023-12-20,2023-12,Mendoza
618,618,Luciana Gómez,Activo,2023-12-20,2023-12,Mendoza
619,619,Romina Flores,Inactivo,2023-12-20,2023-12,Buenos Aires
620,620,Silvina Fernández,Activo,2023-12-21,2023-12,
621,621,Diego Luna,Activo,2023-12-21,2023-12,Santa Fe
622,622,Ignacio Juárez,Activo,2023-12-21,2023-12,Córdoba
623,623,Brenda Herrera,Activo,2023-12-21,2023-12,Córdoba
624,624,Lucía Moreno,Activo,2023-12-22,2023-12,Buenos Aires
625,625,Matías Díaz,Activo,2023-12-22,2023-12,Santa Fe
626,626,Micaela Castillo,Activo,2023-12-22,2023-12,Buenos Aires
627,627,Santiago Torres,Inactivo,2023-12-23,2023-12,
628,628,Belén Morales,Activo,2023-12-23,2023-12,
629,629,Rocío Silva,Activo,2023-12-24,2023-12,Buenos Aires
630,630,Paula Castro,Activo,2023-12-25,2023-12,Mendoza
631,631,Ana Gutiérrez,Activo,2023-12-25,2023-12,
632,632,Franco Castro,Activo,2023-12-25,2023-12,Buenos Aires
633,633,Brenda Quiroga,Activo,2023-12-25,2023-12,Santa Fe
634,634,Romina Muñoz,Activo,2023-12-26,2023-12,
635,635,Santiago Torres,Activo,2023-12-26,2023-12,Buenos Aires
636,636,Lucas Ferreyra,Activo,2023-12-27,2023-12,Mendoza
637,637,Juan Godoy,Activo,2023-12-27,2023-12,
638,638,Brenda Ferreyra,Activo,2023-12-27,2023-12,Córdoba
639,639,Emiliano Benítez,Activo,2023-12-28,2023-12,Buenos Aires
640,640,Franco Ríos,Inactivo,2023-12-28,2023-12,Buenos Aires
641,641,Ignacio Juárez,Activo,2023-12-28,2023-12,
642,642,Ignacio García,Inactivo,2023-12-29,2023-12,Santa Fe
643,643,Silvina Castro,Activo,2023-12-29,2023-12,
644,644,Natalia García,Activo,2023-12-30,2023-12,Córdoba
645,645,Emiliano Ferreyra,Activo,2023-12-30,2023-12,
646,646,Catalina Pereyra,Activo,2023-12-30,2023-12,
647,647,Agustina Álvarez,Activo,2023-12-30,2023-12,Santa Fe
648,648,Facundo Fernández,Activo,2023-12-31,2023-12,Buenos Aires
649,649,Luciana Pereyra,Activo,2023-12-31,2023-12,Buenos Aires
650,650,Leandro Romero,Activo,2023-12-31,2023-12,
651,651,Gabriel Torres,Activo,2024-01-01,2024-01,Buenos Aires
652,652,Lucía Ruiz,Activo,2024-01-01,2024-01,Buenos Aires
653,653,Lucía Godoy,Activo,2024-01-02,2024-01,Santa Fe
654,654,Sofía Quiroga,Inactivo,2024-01-02,2024-01,
655,655,Julieta Pérez,Activo,2024-01-03,2024-01,Mendoza
656,656,Antonella Romero,Activo,2024-01-03,2024-01,
657,657,Romina Acosta,Activo,2024-01-03,2024-01,Buenos Aires
658,658,Santiago Sánchez,Activo,2024-01-03,2024-01,Buenos Aires
659,659,Ana Herrera,Activo,2024-01-03,2024-01,Santa Fe
660,660,Micaela Medina,Activo,2024-01-04,2024-01,
661,661,Brenda Ríos,Activo,2024-01-04,2024-01,
662,662,Lucas Ferreyra,Activo,2024-01-04,2024-01,
663,663,Victoria Rojas,Activo,2024-01-04,2024-01,Buenos Aires
664,664,Gabriel Luna,Activo,2024-01-05,2024-01,Buenos Aires
665,665,María Martínez,Activo,2024-01-05,2024-01,Santa Fe
666,666,Joaquín Pérez,Inactivo,2024-01-05,2024-01,Buenos Aires
667,667,Victoria Godoy,Activo,2024-01-05,2024-01,Córdoba
668,668,Tomás Torres,Activo,2024-01-05,2024-01,Córdoba
669,669,Valentina Juárez,Activo,2024-01-05,2024-01,Córdoba
670,670,Silvina Castro,Activo,2024-01-05,2024-01,Buenos Aires
671,671,Santiago López,Activo,2024-01-06,2024-01,Buenos Aires
672,672,Ramiro Juárez,Activo,2024-01-06,2024-01,Buenos Aires
673,673,Pablo Cabrera,Inactivo,2024-01-07,2024-01,Buenos Aires
674,674,Florencia Ramírez,Activo,2024-01-07,2024-01,Mendoza
675,675,Antonella Muñoz,Activo,2024-01-09,2024-01,Buenos Aires
676,676,Sofía Luna,Inactivo,2024-01-09,2024-01,Córdoba
677,677,Santiago Suárez,Activo,2024-01-09,2024-01,Santa Fe
678,678,Victoria Rodríguez,Inactivo,2024-01-09,2024-01,Buenos Aires
679,679,Hernán Moreno,Activo,2024-01-09,2024-01,Santa Fe
680,680,Brenda Ríos,Activo,2024-01-09,2024-01,Córdoba
681,681,Paula Morales,Activo,2024-01-10,2024-01,Buenos Aires
682,682,Lucía Benítez,Inactivo,2024-01-10,2024-01,
683,683,Pablo Molina,Activo,2024-01-10,2024-01,
684,684,Tomás Godoy,Activo,2024-01-11,2024-01,Buenos Aires
685,685,Lucas Quiroga,Activo,2024-01-11,2024-01,
686,686,Camila Quiroga,Activo,2024-01-11,2024-01,Santa Fe
687,687,Catalina Pérez,Activo,2024-01-11,2024-01,Santa Fe
688,688,Agustina Moreno,Activo,2024-01-11,2024-01,Córdoba
689,689,Rocío Ponce,Activo,2024-01-11,2024-01,
690,690,Belén Moreno,Activo,2024-01-11,2024-01,Buenos Aires
691,691,Emiliano Carrizo,Activo,2024-01-12,2024-01,
692,692,Valentina Ortiz,Activo,2024-01-12,2024-01,Santa Fe
693,693,María Morales,Activo,2024-01-12,2024-01,
694,694,Matías Gutiérrez,Inactivo,2024-01-12,2024-01,Mendoza
695,695,Natalia Rojas,Activo,2024-01-12,2024-01,
696,696,Lucía Giménez,Inactivo,2024-01-12,2024-01,Santa Fe
697,697,Carolina Ruiz,Activo,2024-01-13,2024-01,Santa Fe
698,698,Victoria Benítez,Activo,2024-01-13,2024-01,Córdoba
699,699,Tomás Suárez,Activo,2024-01-13,2024-01,
700,700,Sofía Benítez,Activo,2024-01-13,2024-01,Santa Fe
701,701,Carolina Fernández,Activo,2024-01-13,2024-01,
702,702,María Fernández,Activo,2024-01-13,2024-01,Córdoba
703,703,Facundo Pereyra,Activo,2024-01-14,2024-01,Santa Fe
704,704,Mateo Giménez,Activo,2024-01-14,2024-01,Buenos Aires
705,705,Martín Núñez,Activo,2024-01-14,2024-01,Córdoba
706,706,Santiago Ojeda,Inactivo,2024-01-14,2024-01,Buenos Aires
707,707,Romina Luna,Activo,2024-01-15,2024-01,
708,708,Martín Ortiz,Activo,2024-01-15,2024-01,Buenos Aires
709,709,Emiliano García,Activo,2024-01-15,2024-01,
710,710,Micaela Ledesma,Inactivo,2024-01-15,2024-01,Santa Fe
711,711,Natalia Núñez,Activo,2024-01-15,2024-01,Santa Fe
712,712,Rocío Domínguez,Activo,2024-01-16,2024-01,Buenos Aires
713,713,Benjamín Moreno,Activo,2024-01-16,2024-01,Buenos Aires
714,714,Federico Cabrera,Activo,2024-01-16,2024-01,
715,715,Lucía Morales,Activo,2024-01-16,2024-01,Córdoba
716,716,Catalina Acosta,Activo,2024-01-16,2024-01,Buenos Aires
717,717,Martina Cabrera,Activo,2024-01-16,2024-01,Córdoba
718,718,Micaela Muñoz,Activo,2024-01-17,2024-01,Buenos Aires
719,719,Paula Pérez,Activo,2024-01-17,2024-01,Buenos Aires
720,720,Luciana Torres,Inactivo,2024-01-18,2024-01,Buenos Aires
721,721,Florencia Díaz,Inactivo,2024-01-18,2024-01,Córdoba
722,722,Carolina Benítez,Activo,2024-01-18,2024-01,
723,723,Rocío Aguirre,Activo,2024-01-18,2024-01,Mendoza
724,724,Joaquín Flores,Inactivo,2024-01-18,2024-01,
725,725,Catalina Sánchez,Inactivo,2024-01-18,2024-01,Santa Fe
726,726,María Silva,Activo,2024-01-18,2024-01,Córdoba
727,727,Camila Ferreyra,Activo,2024-01-19,2024-01,Buenos Aires
728,728,Matías Carrizo,Activo,2024-01-19,2024-01,Buenos Aires
729,729,Ramiro Ramírez,Activo,2024-01-19,2024-01,Santa Fe
730,730,Martín Morales,Activo,2024-01-20,2024-01,
731,731,Antonella Herrera,Activo,2024-01-20,2024-01,Córdoba
732,732,Brenda Torres,Activo,2024-01-20,2024-01,
733,733,Diego Sosa,Activo,2024-01-20,2024-01,Buenos Aires
734,734,Paula Álvarez,Activo,2024-01-20,2024-01,Santa Fe
735,735,Daniela Castillo,Activo,2024-01-21,2024-01,Buenos Aires
736,736,Matías Muñoz,Inactivo,2024-01-22,2024-01,
737,737,Juan Suárez,Inactivo,2024-01-22,2024-01,
738,738,Sofía Núñez,Inactivo,2024-01-22,2024-01,Córdoba
739,739,Santiago Peralta,Activo,2024-01-22,2024-01,Córdoba
740,740,Milagros González,Activo,2024-01-22,2024-01,Córdoba
741,741,Hernán Núñez,Activo,2024-01-22,2024-01,Córdoba
742,742,Nicolás Domínguez,Activo,2024-01-23,2024-01,Buenos Aires
743,743,Victoria Sánchez,Activo,2024-01-23,2024-01,
744,744,Paula Fernández,Activo,2024-01-23,2024-01,Córdoba
745,745,Diego Silva,Activo,2024-01-23,2024-01,Buenos Aires
746,746,María Núñez,Activo,2024-01-24,2024-01,Santa Fe
747,747,Tomás Ledesma,Activo,2024-01-24,2024-01,Buenos Aires
748,748,Martín Castro,Activo,2024-01-24,2024-01,
749,749,Valentina Vega,Activo,2024-01-24,2024-01,
750,750,Silvina Álvarez,Activo,2024-01-24,2024-01,
751,751,Agustina Castillo,Activo,2024-01-25,2024-01,Santa Fe
752,752,Martín López,Activo,2024-01-25,2024-01,Buenos Aires
753,753,Santiago Flores,Activo,2024-01-26,2024-01,Córdoba
754,754,Benjamín Gutiérrez,Activo,2024-01-26,2024-01,Mendoza
755,755,Santiago Benítez,Activo,2024-01-27,2024-01,Buenos Aires
756,756,Lucas Sosa,Activo,2024-01-27,2024-01,Córdoba
757,757,Gonzalo Juárez,Inactivo,2024-01-27,2024-01,Buenos Aires
758,758,Gonzalo Giménez,Activo,2024-01-27,2024-01,
759,759,Tomás Ruiz,Activo,2024-01-28,2024-01,Buenos Aires
760,760,Ana López,Activo,2024-01-29,2024-01,
761,761,Antonella Ortiz,Activo,2024-01-29,2024-01,Buenos Aires
762,762,Ignacio Romero,Activo,2024-01-29,2024-01,
763,763,Paula Ferreyra,Activo,2024-01-30,2024-01,Córdoba
764,764,Lucas Juárez,Activo,2024-01-30,2024-01,Buenos Aires
765,765,María Ortiz,Inactivo,2024-01-30,2024-01,Buenos Aires
766,766,Daniela Castro,Activo,2024-01-30,2024-01,Buenos Aires
767,767,Martina Ramírez,Inactivo,2024-01-30,2024-01,Córdoba
768,768,Franco Peralta,Activo,2024-01-30,2024-01,Buenos Aires
769,769,Gonzalo Álvarez,Activo,2024-01-31,2024-01,Santa Fe
770,770,Emiliano López,Activo,2024-01-31,2024-01,Buenos Aires
771,771,Mateo Ledesma,Activo,2024-01-31,2024-01,
772,772,Catalina Sosa,Activo,2024-02-01,2024-02,
773,773,Julieta Ledesma,Activo,2024-02-01,2024-02,
774,774,Tomás Benítez,Activo,2024-02-01,2024-02,
775,775,Milagros Morales,Activo,2024-02-01,2024-02,Córdoba
776,776,Sebastián Ríos,Activo,2024-02-01,2024-02,
777,777,Valentina Moreno,Activo,2024-02-02,2024-02,
778,778,Diego Ponce,Activo,2024-02-02,2024-02,
779,779,Rocío García,Activo,2024-02-02,2024-02,Buenos Aires
780,780,Brenda Luna,Activo,2024-02-02,2024-02,Buenos Aires
781,781,Ezequiel Ferreyra,Activo,2024-02-03,2024-02,Buenos Aires
782,782,Antonella Cabrera,Activo,2024-02-03,2024-02,Córdoba
783,783,Julieta Molina,Activo,2024-02-03,2024-02,Buenos Aires
784,784,Romina López,Activo,2024-02-03,2024-02,Mendoza
785,785,Natalia Muñoz,Activo,2024-02-04,2024-02,Buenos Aires
786,786,Emiliano Silva,Activo,2024-02-04,2024-02,Santa Fe
787,787,Santiago Domínguez,Activo,2024-02-04,2024-02,Buenos Aires
788,788,Milagros Fernández,Activo,2024-02-04,2024-02,Mendoza
789,789,Rocío Muñoz,Activo,2024-02-05,2024-02,Santa Fe
790,790,Lucía Ferreyra,Activo,2024-02-05,2024-02,Buenos Aires
791,791,Facundo Aguirre,Activo,2024-02-05,2024-02,Buenos Aires
792,792,Benjamín Sánchez,Activo,2024-02-05,2024-02,Buenos Aires
793,793,Brenda Sosa,Activo,2024-02-05,2024-02,Córdoba
794,794,Juan Ferreyra,Activo,2024-02-06,2024-02,Buenos Aires
795,795,Leandro Pereyra,Activo,2024-02-06,2024-02,
796,796,Facundo Carrizo,Inactivo,2024-02-07,2024-02,Santa Fe
797,797,Catalina Fernández,Activo,2024-02-08,2024-02,Buenos Aires
798,798,Gabriel Torres,Activo,2024-02-09,2024-02,Santa Fe
799,799,Ramiro Castillo,Activo,2024-02-09,2024-02,Buenos Aires
800,800,Emiliano González,Activo,2024-02-10,2024-02,Santa Fe
801,801,Daniela Ponce,Activo,2024-02-10,2024-02,Mendoza
802,802,Valentina Silva,Activo,2024-02-10,2024-02,Mendoza
803,803,Agustina Gómez,Activo,2024-02-10,2024-02,Buenos Aires
804,804,Ignacio Ponce,Inactivo,2024-02-10,2024-02,Buenos Aires
805,805,Santiago Torres,Inactivo,2024-02-10,2024-02,Mendoza
806,806,Joaquín Álvarez,Activo,2024-02-11,2024-02,Buenos Aires
807,807,Mateo Domínguez,Activo,2024-02-13,2024-02,
808,808,María Castillo,Activo,2024-02-13,2024-02,Mendoza
809,809,Mateo Aguirre,Activo,2024-02-13,2024-02,Córdoba
810,810,Nicolás Muñoz,Activo,2024-02-14,2024-02,Santa Fe
811,811,Martina Giménez,Activo,2024-02-14,2024-02,Buenos Aires
812,812,Emiliano Aguirre,Activo,2024-02-14,2024-02,Córdoba
813,813,Martín Molina,Activo,2024-02-15,2024-02,Santa Fe
814,814,Ana Peralta,Activo,2024-02-15,2024-02,Buenos Aires
815,815,Hernán López,Activo,2024-02-15,2024-02,
816,816,Benjamín Torres,Activo,2024-02-15,2024-02,Buenos Aires
817,817,Rocío Pereyra,Inactivo,2024-02-15,2024-02,Córdoba
818,818,Joaquín Romero,Activo,2024-02-16,2024-02,
819,819,Micaela García,Activo,2024-02-16,2024-02,
820,820,Victoria Ponce,Activo,2024-02-16,2024-02,
821,821,Catalina Silva,Activo,2024-02-16,2024-02,Buenos Aires
822,822,Martín Ramírez,Activo,2024-02-16,2024-02,Santa Fe
823,823,Tomás Ledesma,Activo,2024-02-16,2024-02,Buenos Aires
824,824,Victoria López,Activo,2024-02-16,2024-02,
825,825,Antonella Martínez,Activo,2024-02-17,2024-02,Buenos Aires
826,826,Pablo Ortiz,Activo,2024-02-17,2024-02,Santa Fe
827,827,Milagros Benítez,Inactivo,2024-02-17,2024-02,Mendoza
828,828,Paula Herrera,Activo,2024-02-17,2024-02,Mendoza
829,829,Belén Ferreyra,Activo,2024-02-17,2024-02,
830,830,Ana Ortiz,Activo,2024-02-17,2024-02,
831,831,Tomás Molina,Activo,2024-02-18,2024-02,Mendoza
832,832,Lucía Pérez,Inactivo,2024-02-18,2024-02,Santa Fe
833,833,Benjamín Ponce,Activo,2024-02-19,2024-02,Córdoba
834,834,Alejandro Domínguez,Activo,2024-02-19,2024-02,Santa Fe
835,835,Camila Vega,Activo,2024-02-19,2024-02,Córdoba
836,836,Gabriel Peralta,Activo,2024-02-19,2024-02,Córdoba
837,837,Benjamín Rojas,Activo,2024-02-19,2024-02,Buenos Aires
838,838,Leandro Moreno,Activo,2024-02-19,2024-02,
839,839,Daniela Pereyra,Activo,2024-02-20,2024-02,
840,840,Florencia Romero,Inactivo,2024-02-20,2024-02,Córdoba
841,841,Romina García,Activo,2024-02-20,2024-02,
842,842,Ignacio Quiroga,Inactivo,2024-02-20,2024-02,
843,843,Alejandro Acosta,Activo,2024-02-21,2024-02,
844,844,Martín López,Activo,2024-02-21,2024-02,Buenos Aires
845,845,Romina Álvarez,Activo,2024-02-21,2024-02,Buenos Aires
846,846,Facundo Peralta,Activo,2024-02-21,2024-02,Buenos Aires
847,847,Rocío Sánchez,Inactivo,2024-02-21,2024-02,Córdoba
848,848,Ezequiel Díaz,Activo,2024-02-21,2024-02,
849,849,Gabriel Torres,Inactivo,2024-02-21,2024-02,Santa Fe
850,850,Agustina Pereyra,Activo,2024-02-21,2024-02,
851,851,Ezequiel Torres,Activo,2024-02-21,2024-02,Córdoba
852,852,Camila Ferreyra,Activo,2024-02-22,2024-02,Mendoza
853,853,Ramiro Flores,Inactivo,2024-02-22,2024-02,Córdoba
854,854,Victoria García,Activo,2024-02-22,2024-02,Santa Fe
855,855,Antonella Molina,Activo,2024-02-23,2024-02,Buenos Aires
856,856,Gabriel Ferreyra,Activo,2024-02-23,2024-02,
857,857,Daniela Acosta,Activo,2024-02-23,2024-02,
858,858,Alejandro Godoy,Activo,2024-02-23,2024-02,
859,859,Juan Silva,Activo,2024-02-23,2024-02,Córdoba
860,860,Alejandro Aguirre,Activo,2024-02-23,2024-02,
861,861,Leandro Godoy,Activo,2024-02-23,2024-02,Buenos Aires
862,862,Lucas Aguirre,Activo,2024-02-23,2024-02,
863,863,Victoria Martínez,Activo,2024-02-24,2024-02,
864,864,Silvina Benítez,Activo,2024-02-24,2024-02,
865,865,Juan Herrera,Activo,2024-02-24,2024-02,
866,866,Julieta Giménez,Activo,2024-02-24,2024-02,
867,867,Micaela Álvarez,Activo,2024-02-24,2024-02,Santa Fe
868,868,Juan Molina,Activo,2024-02-24,2024-02,
869,869,Paula Silva,Activo,2024-02-25,2024-02,Buenos Aires
870,870,Federico Torres,Activo,2024-02-25,2024-02,Buenos Aires
871,871,Ezequiel Sosa,Activo,2024-02-26,2024-02,Mendoza
872,872,Sofía Ponce,Activo,2024-02-26,2024-02,Mendoza
873,873,Catalina Ortiz,Activo,2024-02-26,2024-02,
874,874,Sebastián Gutiérrez,Activo,2024-02-26,2024-02,Córdoba
875,875,Silvina Medina,Activo,2024-02-26,2024-02,Santa Fe
876,876,Ana Castillo,Activo,2024-02-26,2024-02,Córdoba
877,877,Rocío Giménez,Inactivo,2024-02-26,2024-02,Córdoba
878,878,Ramiro Flores,Activo,2024-02-26,2024-02,Santa Fe
879,879,Carolina Castillo,Inactivo,2024-02-26,2024-02,
880,880,Santiago Suárez,Activo,2024-02-27,2024-02,Córdoba
881,881,Alejandro Romero,Activo,2024-02-27,2024-02,Santa Fe
882,882,Facundo Ojeda,Activo,2024-02-27,2024-02,Buenos Aires
883,883,Leandro Benítez,Activo,2024-02-27,2024-02,Córdoba
884,884,Silvina Gutiérrez,Inactivo,2024-02-27,2024-02,Santa Fe
885,885,Mateo Peralta,Activo,2024-02-28,2024-02,Córdoba
886,886,Florencia López,Activo,2024-02-28,2024-02,Córdoba
887,887,Facundo Sosa,Activo,2024-02-28,2024-02,
888,888,Victoria Cabrera,Activo,2024-02-28,2024-02,Santa Fe
889,889,Catalina Gutiérrez,Activo,2024-02-28,2024-02,Buenos Aires
890,890,Benjamín Godoy,Activo,2024-02-29,2024-02,
891,891,Hernán Carrizo,Activo,2024-02-29,2024-02,Córdoba
892,892,Brenda Rojas,Activo,2024-02-29,2024-02,
893,893,Matías Acosta,Activo,2024-02-29,2024-02,Mendoza
894,894,Federico Martínez,Activo,2024-02-29,2024-02,Buenos Aires
895,895,Ana Aguirre,Activo,2024-02-29,2024-02,Santa Fe
896,896,Gonzalo Giménez,Activo,2024-03-01,2024-03,Córdoba
897,897,Agustina Vega,Activo,2024-03-01,2024-03,Córdoba
898,898,Camila Juárez,Activo,2024-03-01,2024-03,Buenos Aires
899,899,Camila Cabrera,Activo,2024-03-01,2024-03,Córdoba
900,900,Lucas Ferreyra,Inactivo,2024-03-01,2024-03,Mendoza
901,901,Lucas Carrizo,Activo,2024-03-01,2024-03,
902,902,Agustina González,Inactivo,2024-03-01,2024-03,Córdoba
903,903,Sofía Ferreyra,Inactivo,2024-03-01,2024-03,Córdoba
904,904,Matías Ledesma,Inactivo,2024-03-01,2024-03,Buenos Aires
905,905,Antonella Carrizo,Activo,2024-03-01,2024-03,Mendoza
906,906,Santiago Castillo,Activo,2024-03-02,2024-03,Buenos Aires
907,907,Martina Herrera,Activo,2024-03-02,2024-03,Santa Fe
908,908,Micaela Flores,Activo,2024-03-02,2024-03,
909,909,Hernán Núñez,Activo,2024-03-02,2024-03,Córdoba
910,910,Ramiro Díaz,Activo,2024-03-02,2024-03,
911,911,Emiliano Martínez,Activo,2024-03-02,2024-03,
912,912,Natalia Suárez,Activo,2024-03-03,2024-03,Buenos Aires
913,913,Tomás Medina,Activo,2024-03-03,2024-03,Santa Fe
914,914,Pablo Molina,Activo,2024-03-04,2024-03,Santa Fe
915,915,Juan Medina,Activo,2024-03-04,2024-03,Buenos Aires
916,916,Leandro Sánchez,Inactivo,2024-03-04,2024-03,Córdoba
917,917,Pablo Pereyra,Inactivo,2024-03-04,2024-03,
918,918,Gabriel Rodríguez,Activo,2024-03-04,2024-03,Buenos Aires
919,919,Lucía Herrera,Activo,2024-03-04,2024-03,
920,920,Ignacio Álvarez,Activo,2024-03-04,2024-03,Mendoza
921,921,Julieta Gómez,Activo,2024-03-04,2024-03,
922,922,Sebastián Juárez,Activo,2024-03-04,2024-03,Córdoba
923,923,Belén Herrera,Inactivo,2024-03-05,2024-03,Santa Fe
924,924,Emiliano Cabrera,Activo,2024-03-05,2024-03,
925,925,Matías Gómez,Activo,2024-03-06,2024-03,Córdoba
926,926,Diego Ledesma,Activo,2024-03-06,2024-03,Santa Fe
927,927,Belén Rojas,Activo,2024-03-07,2024-03,
928,928,Federico Giménez,Activo,2024-03-07,2024-03,
929,929,Sofía Peralta,Activo,2024-03-07,2024-03,
930,930,Nicolás Medina,Activo,2024-03-08,2024-03,Buenos Aires
931,931,Mateo Carrizo,Activo,2024-03-08,2024-03,
932,932,Juan Díaz,Activo,2024-03-08,2024-03,Buenos Aires
933,933,Martina Álvarez,Activo,2024-03-08,2024-03,
934,934,Brenda Peralta,Activo,2024-03-08,2024-03,Buenos Aires
935,935,Mateo Luna,Activo,2024-03-09,2024-03,Córdoba
936,936,Lucía Cabrera,Activo,2024-03-09,2024-03,
937,937,Joaquín Ledesma,Inactivo,2024-03-09,2024-03,
938,938,Franco Giménez,Activo,2024-03-09,2024-03,Santa Fe
939,939,Milagros Castillo,Activo,2024-03-10,2024-03,
940,940,Carolina Ruiz,Activo,2024-03-10,2024-03,
941,941,Santiago Pereyra,Activo,2024-03-10,2024-03,Buenos Aires
942,942,Martín Sosa,Activo,2024-03-10,2024-03,Buenos Aires
943,943,Hernán Sosa,Activo,2024-03-10,2024-03,Buenos Aires
944,944,Franco Domínguez,Activo,2024-03-11,2024-03,Buenos Aires
945,945,Sofía Álvarez,Activo,2024-03-11,2024-03,Córdoba
946,946,Antonella Sánchez,Activo,2024-03-11,2024-03,Buenos Aires
947,947,Federico Castillo,Activo,2024-03-11,2024-03,Córdoba
948,948,Silvina Díaz,Activo,2024-03-12,2024-03,Santa Fe
949,949,Silvina Díaz,Activo,2024-03-12,2024-03,
950,950,Martín Herrera,Activo,2024-03-12,2024-03,Santa Fe
951,951,Tomás Gutiérrez,Activo,2024-03-12,2024-03,Buenos Aires
952,952,María Ruiz,Activo,2024-03-12,2024-03,Buenos Aires
953,953,Alejandro Benítez,Activo,2024-03-13,2024-03,
954,954,Juan Pérez,Activo,2024-03-13,2024-03,
955,955,Sebastián Vega,Activo,2024-03-13,2024-03,Buenos Aires
956,956,María Ledesma,Activo,2024-03-14,2024-03,Santa Fe
957,957,Carolina Silva,Activo,2024-03-14,2024-03,
958,958,Matías Ledesma,Activo,2024-03-15,2024-03,
959,959,Joaquín Rojas,Activo,2024-03-15,2024-03,
960,960,Carolina Domínguez,Activo,2024-03-15,2024-03,Buenos Aires
961,961,Joaquín Núñez,Activo,2024-03-15,2024-03,
962,962,Santiago Torres,Activo,2024-03-16,2024-03,
963,963,Franco Suárez,Inactivo,2024-03-16,2024-03,Córdoba
964,964,Camila Domínguez,Activo,2024-03-17,2024-03,Santa Fe
965,965,Belén Ponce,Activo,2024-03-17,2024-03,Buenos Aires
966,966,Emiliano Ramírez,Activo,2024-03-18,2024-03,Córdoba
967,967,Leandro Carrizo,Activo,2024-03-18,2024-03,Buenos Aires
968,968,Juan Ferreyra,Activo,2024-03-18,2024-03,Santa Fe
969,969,Sebastián Gómez,Activo,2024-03-18,2024-03,Córdoba
970,970,María Castillo,Inactivo,2024-03-19,2024-03,Mendoza
971,971,Belén Gutiérrez,Activo,2024-03-19,2024-03,Buenos Aires
972,972,Antonella Ojeda,Inactivo,2024-03-19,2024-03,
973,973,Ramiro Ponce,Activo,2024-03-19,2024-03,Córdoba
974,974,Milagros García,Activo,2024-03-19,2024-03,Buenos Aires
975,975,Milagros Pereyra,Activo,2024-03-19,2024-03,
976,976,Leandro Acosta,Activo,2024-03-20,2024-03,Santa Fe
977,977,Ramiro Gutiérrez,Activo,2024-03-20,2024-03,Santa Fe
978,978,Gonzalo Rodríguez,Activo,2024-03-21,2024-03,Córdoba
979,979,Benjamín Pérez,Activo,2024-03-21,2024-03,Córdoba
980,980,Ignacio Vega,Inactivo,2024-03-21,2024-03,Buenos Aires
981,981,Natalia Vega,Activo,2024-03-21,2024-03,
982,982,Nicolás Domínguez,Activo,2024-03-21,2024-03,Santa Fe
983,983,Gonzalo Ruiz,Activo,2024-03-21,2024-03,Buenos Aires
984,984,Matías Martínez,Activo,2024-03-22,2024-03,Córdoba
985,985,Martín Moreno,Activo,2024-03-22,2024-03,Buenos Aires
986,986,Antonella Núñez,Activo,2024-03-22,2024-03,Mendoza
987,987,Gonzalo Ledesma,Activo,2024-03-23,2024-03,
988,988,Martín Acosta,Inactivo,2024-03-23,2024-03,
989,989,Facundo Ríos,Activo,2024-03-23,2024-03,Santa Fe
990,990,Hernán Domínguez,Activo,2024-03-24,2024-03,
991,991,Pablo López,Activo,2024-03-25,2024-03,Buenos Aires
992,992,Catalina Godoy,Activo,2024-03-25,2024-03,
993,993,Catalina Álvarez,Activo,2024-03-26,2024-03,Santa Fe
994,994,Lucía Álvarez,Activo,2024-03-26,2024-03,Buenos Aires
995,995,Silvina Vega,Activo,2024-03-26,2024-03,Santa Fe
996,996,Ignacio Benítez,Activo,2024-03-26,2024-03,Córdoba
997,997,Juan Silva,Activo,2024-03-26,2024-03,Santa Fe
998,998,Joaquín Castillo,Activo,2024-03-26,2024-03,Buenos Aires
999,999,Romina Giménez,Inactivo,2024-03-27,2024-03,Mendoza
1000,1000,Facundo Gómez,Inactivo,2024-03-27,2024-03,Buenos Aires
1001,1001,Federico Flores,Activo,2024-03-27,2024-03,Santa Fe
1002,1002,Daniela Herrera,Activo,2024-03-27,2024-03,Santa Fe
1003,1003,Matías Peralta,Activo,2024-03-28,2024-03,Santa Fe
1004,1004,Emiliano Aguirre,Activo,2024-03-28,2024-03,
1005,1005,Ignacio Juárez,Inactivo,2024-03-28,2024-03,Buenos Aires
1006,1006,Mateo Sánchez,Activo,2024-03-28,2024-03,Córdoba
1007,1007,Emiliano Ledesma,Activo,2024-03-28,2024-03,Buenos Aires
1008,1008,Pablo García,Activo,2024-03-28,2024-03,Buenos Aires
1009,1009,Silvina Peralta,Activo,2024-03-28,2024-03,Mendoza
1010,1010,Florencia Morales,Activo,2024-03-29,2024-03,
1011,1011,Milagros Quiroga,Activo,2024-03-29,2024-03,
1012,1012,Hernán Rodríguez,Activo,2024-03-29,2024-03,Córdoba
1013,1013,Ana López,Activo,2024-03-29,2024-03,Córdoba
1014,1014,Nicolás Díaz,Inactivo,2024-03-30,2024-03,
1015,1015,Hernán Acosta,Activo,2024-03-30,2024-03,Santa Fe
1016,1016,Carolina Gómez,Activo,2024-03-30,2024-03,Buenos Aires
1017,1017,Valentina Pérez,Activo,2024-03-30,2024-03,Santa Fe
1018,1018,Sebastián Ledesma,Inactivo,2024-03-31,2024-03,Córdoba
1019,1019,Antonella Pereyra,Activo,2024-03-31,2024-03,Córdoba
1020,1020,Belén Quiroga,Activo,2024-03-31,2024-03,Santa Fe
1021,1021,Pablo Ruiz,Activo,2024-03-31,2024-03,Buenos Aires
1022,1022,Belén Núñez,Activo,2024-04-01,2024-04,Córdoba
1023,1023,Hernán Ojeda,Activo,2024-04-01,2024-04,Buenos Aires
1024,1024,Nicolás Ferreyra,Activo,2024-04-01,2024-04,Mendoza
1025,1025,Sebastián Quiroga,Activo,2024-04-01,2024-04,Santa Fe
1026,1026,Milagros Morales,Activo,2024-04-01,2024-04,Santa Fe
1027,1027,Facundo Acosta,Activo,2024-04-02,2024-04,Buenos Aires
1028,1028,Emiliano Cabrera,Activo,2024-04-03,2024-04,Buenos Aires
1029,1029,Hernán Ríos,Activo,2024-04-03,2024-04,Buenos Aires
1030,1030,Emiliano Cabrera,Activo,2024-04-04,2024-04,Buenos Aires
1031,1031,Florencia Acosta,Activo,2024-04-04,2024-04,
1032,1032,Matías Juárez,Activo,2024-04-05,2024-04,
1033,1033,Micaela Quiroga,Activo,2024-04-05,2024-04,Córdoba
1034,1034,Tomás Ruiz,Activo,2024-04-06,2024-04,
1035,1035,Sofía Domínguez,Activo,2024-04-06,2024-04,Córdoba
1036,1036,Ezequiel Ríos,Activo,2024-04-06,2024-04,
1037,1037,Julieta Ferreyra,Activo,2024-04-07,2024-04,Córdoba
1038,1038,Alejandro Godoy,Activo,2024-04-07,2024-04,Santa Fe
1039,1039,Rocío Benítez,Activo,2024-04-07,2024-04,Santa Fe
1040,1040,Ramiro Ferreyra,Activo,2024-04-08,2024-04,
1041,1041,Carolina Carrizo,Activo,2024-04-08,2024-04,Santa Fe
1042,1042,Federico García,Activo,2024-04-08,2024-04,Buenos Aires
1043,1043,Pablo Martínez,Activo,2024-04-08,2024-04,Buenos Aires
1044,1044,Ignacio Pereyra,Activo,2024-04-08,2024-04,
1045,1045,María Ferreyra,Activo,2024-04-09,2024-04,Buenos Aires
1046,1046,Florencia Morales,Activo,2024-04-09,2024-04,Buenos Aires
1047,1047,Catalina Ortiz,Activo,2024-04-09,2024-04,Santa Fe
1048,1048,Federico Cabrera,Activo,2024-04-10,2024-04,Mendoza
1049,1049,Agustina Silva,Activo,2024-04-10,2024-04,
1050,1050,Joaquín Martínez,Activo,2024-04-10,2024-04,
1051,1051,Matías Álvarez,Activo,2024-04-10,2024-04,Santa Fe
1052,1052,Brenda Torres,Activo,2024-04-10,2024-04,Santa Fe
1053,1053,Sofía Vega,Activo,2024-04-11,2024-04,Buenos Aires
1054,1054,Gabriel Torres,Activo,2024-04-11,2024-04,Buenos Aires
1055,1055,Alejandro Peralta,Activo,2024-04-11,2024-04,Córdoba
1056,1056,Sebastián Rojas,Activo,2024-04-11,2024-04,
1057,1057,Milagros Herrera,Activo,2024-04-11,2024-04,Mendoza
1058,1058,Daniela García,Activo,2024-04-12,2024-04,Santa Fe
1059,1059,Agustina Carrizo,Activo,2024-04-12,2024-04,
1060,1060,Sebastián Martínez,Activo,2024-04-12,2024-04,Córdoba
1061,1061,Silvina Giménez,Activo,2024-04-12,2024-04,
1062,1062,Matías Acosta,Activo,2024-04-12,2024-04,Mendoza
1063,1063,Juan Morales,Inactivo,2024-04-13,2024-04,
1064,1064,Silvina Flores,Inactivo,2024-04-13,2024-04,Córdoba
1065,1065,Pablo Herrera,Activo,2024-04-13,2024-04,Buenos Aires
1066,1066,Romina Castillo,Activo,2024-04-14,2024-04,Córdoba
1067,1067,Luciana Sánchez,Activo,2024-04-14,2024-04,Mendoza
1068,1068,Lucas Quiroga,Activo,2024-04-14,2024-04,Buenos Aires
1069,1069,Daniela Rodríguez,Activo,2024-04-14,2024-04,
1070,1070,Daniela Benítez,Activo,2024-04-15,2024-04,Santa Fe
1071,1071,Franco González,Activo,2024-04-15,2024-04,Buenos Aires
1072,1072,Diego Ponce,Activo,2024-04-15,2024-04,Buenos Aires
1073,1073,Gabriel Ortiz,Activo,2024-04-17,2024-04,Santa Fe
1074,1074,Alejandro Godoy,Activo,2024-04-17,2024-04,Córdoba
1075,1075,Antonella González,Inactivo,2024-04-17,2024-04,Santa Fe
1076,1076,Hernán Domínguez,Activo,2024-04-17,2024-04,Buenos Aires
1077,1077,Alejandro López,Activo,2024-04-17,2024-04,Santa Fe
1078,1078,Rocío Acosta,Activo,2024-04-18,2024-04,Buenos Aires
1079,1079,Benjamín Muñoz,Activo,2024-04-18,2024-04,Santa Fe
1080,1080,Martina Fernández,Inactivo,2024-04-19,2024-04,Buenos Aires
1081,1081,Paula Gómez,Activo,2024-04-19,2024-04,
1082,1082,Camila Sánchez,Activo,2024-04-19,2024-04,
1083,1083,Agustina Ortiz,Inactivo,2024-04-19,2024-04,Córdoba
1084,1084,Julieta Morales,Activo,2024-04-20,2024-04,Buenos Aires
1085,1085,Federico Fernández,Activo,2024-04-20,2024-04,
1086,1086,Romina Flores,Activo,2024-04-20,2024-04,Mendoza
1087,1087,Alejandro Acosta,Activo,2024-04-20,2024-04,Mendoza
1088,1088,Mateo López,Activo,2024-04-21,2024-04,Córdoba
1089,1089,Brenda Ríos,Activo,2024-04-22,2024-04,Buenos Aires
1090,1090,Benjamín Ríos,Inactivo,2024-04-22,2024-04,Buenos Aires
1091,1091,Ezequiel Castillo,Activo,2024-04-22,2024-04,Buenos Aires
1092,1092,Daniela Benítez,Activo,2024-04-22,2024-04,
1093,1093,Santiago Rodríguez,Activo,2024-04-22,2024-04,Córdoba
1094,1094,Paula Sosa,Activo,2024-04-23,2024-04,Mendoza
1095,1095,Hernán Luna,Activo,2024-04-23,2024-04,Buenos Aires
1096,1096,Natalia Silva,Activo,2024-04-24,2024-04,Buenos Aires
1097,1097,Santiago Ortiz,Activo,2024-04-24,2024-04,Buenos Aires
1098,1098,Juan Quiroga,Activo,2024-04-24,2024-04,Mendoza
1099,1099,Ignacio Carrizo,Activo,2024-04-24,2024-04,Buenos Aires
1100,1100,Leandro Silva,Activo,2024-04-24,2024-04,Buenos Aires
1101,1101,Matías Ferreyra,Activo,2024-04-24,2024-04,Santa Fe
1102,1102,Santiago González,Activo,2024-04-24,2024-04,Buenos Aires
1103,1103,Sofía Silva,Activo,2024-04-25,2024-04,Mendoza
1104,1104,Gonzalo Peralta,Activo,2024-04-25,2024-04,Buenos Aires
1105,1105,Mateo Ruiz,Activo,2024-04-25,2024-04,Córdoba
1106,1106,Tomás Cabrera,Activo,2024-04-25,2024-04,Santa Fe
1107,1107,Pablo Gutiérrez,Activo,2024-04-25,2024-04,
1108,1108,Camila Ramírez,Activo,2024-04-25,2024-04,Córdoba
1109,1109,Gonzalo Ledesma,Activo,2024-04-25,2024-04,Mendoza
1110,1110,Daniela Molina,Activo,2024-04-25,2024-04,Mendoza
1111,1111,Milagros Pérez,Activo,2024-04-26,2024-04,Santa Fe
1112,1112,Brenda Ríos,Activo,2024-04-26,2024-04,Buenos Aires
1113,1113,Camila Herrera,Activo,2024-04-26,2024-04,Buenos Aires
1114,1114,Catalina Medina,Activo,2024-04-26,2024-04,Mendoza
1115,1115,Micaela Martínez,Activo,2024-04-26,2024-04,Buenos Aires
1116,1116,Gonzalo Fernández,Activo,2024-04-27,2024-04,Buenos Aires
1117,1117,Ignacio Vega,Activo,2024-04-28,2024-04,Buenos Aires
1118,1118,Ana Pereyra,Activo,2024-04-28,2024-04,Buenos Aires
1119,1119,Micaela Peralta,Inactivo,2024-04-29,2024-04,Santa Fe
1120,1120,Nicolás Flores,Activo,2024-04-29,2024-04,Buenos Aires
1121,1121,Ramiro Benítez,Activo,2024-04-30,2024-04,Córdoba
1122,1122,Camila Peralta,Activo,2024-04-30,2024-04,
1123,1123,Brenda Godoy,Activo,2024-04-30,2024-04,Santa Fe
1124,1124,Ana Benítez,Activo,2024-05-02,2024-05,Buenos Aires
1125,1125,Agustina González,Inactivo,2024-05-02,2024-05,Córdoba
1126,1126,Rocío Rojas,Activo,2024-05-02,2024-05,Buenos Aires
1127,1127,Julieta Ferreyra,Activo,2024-05-03,2024-05,Buenos Aires
1128,1128,María Ferreyra,Activo,2024-05-03,2024-05,
1129,1129,Sofía Moreno,Activo,2024-05-03,2024-05,Mendoza
1130,1130,Natalia Domínguez,Activo,2024-05-03,2024-05,Buenos Aires
1131,1131,Camila Núñez,Inactivo,2024-05-04,2024-05,
1132,1132,Nicolás Fernández,Inactivo,2024-05-04,2024-05,
1133,1133,Ignacio Aguirre,Activo,2024-05-05,2024-05,
1134,1134,Sebastián López,Activo,2024-05-05,2024-05,Santa Fe
1135,1135,Franco Fernández,Activo,2024-05-06,2024-05,Buenos Aires
1136,1136,Agustina Cabrera,Activo,2024-05-06,2024-05,Buenos Aires
1137,1137,Martín Godoy,Inactivo,2024-05-07,2024-05,
1138,1138,Matías Domínguez,Activo,2024-05-07,2024-05,Buenos Aires
1139,1139,Martina Torres,Activo,2024-05-07,2024-05,
1140,1140,Matías Cabrera,Activo,2024-05-07,2024-05,
1141,1141,Natalia Medina,Activo,2024-05-07,2024-05,Córdoba
1142,1142,Florencia Molina,Activo,2024-05-07,2024-05,Mendoza
1143,1143,Pablo Fernández,Activo,2024-05-08,2024-05,Mendoza
1144,1144,Gabriel Castillo,Activo,2024-05-08,2024-05,Mendoza
1145,1145,Ezequiel Ojeda,Activo,2024-05-08,2024-05,Buenos Aires
1146,1146,Joaquín Sánchez,Activo,2024-05-08,2024-05,Mendoza
1147,1147,Diego Giménez,Activo,2024-05-09,2024-05,
1148,1148,Pablo Carrizo,Activo,2024-05-09,2024-05,Santa Fe
1149,1149,Juan Rojas,Activo,2024-05-09,2024-05,Mendoza
1150,1150,Joaquín Suárez,Activo,2024-05-10,2024-05,Buenos Aires
1151,1151,Pablo Morales,Activo,2024-05-10,2024-05,
1152,1152,Martina Castro,Activo,2024-05-10,2024-05,Mendoza
1153,1153,Rocío Herrera,Activo,2024-05-11,2024-05,
1154,1154,Ezequiel Silva,Activo,2024-05-11,2024-05,Buenos Aires
1155,1155,Natalia Suárez,Activo,2024-05-11,2024-05,
1156,1156,Silvina Gómez,Activo,2024-05-11,2024-05,
1157,1157,Antonella Rodríguez,Activo,2024-05-11,2024-05,
1158,1158,Federico Ojeda,Activo,2024-05-12,2024-05,Buenos Aires
1159,1159,Sebastián Benítez,Activo,2024-05-13,2024-05,Buenos Aires
1160,1160,Agustina Acosta,Activo,2024-05-13,2024-05,Córdoba
1161,1161,Diego Torres,Inactivo,2024-05-13,2024-05,Córdoba
1162,1162,Belén Ortiz,Activo,2024-05-13,2024-05,Buenos Aires
1163,1163,Martina Ruiz,Activo,2024-05-13,2024-05,Córdoba
1164,1164,Joaquín Díaz,Inactivo,2024-05-13,2024-05,Santa Fe
1165,1165,Joaquín López,Activo,2024-05-13,2024-05,Buenos Aires
1166,1166,Rocío Quiroga,Activo,2024-05-13,2024-05,Santa Fe
1167,1167,Santiago Rodríguez,Inactivo,2024-05-14,2024-05,
1168,1168,Martina Sosa,Activo,2024-05-14,2024-05,Córdoba
1169,1169,Franco González,Activo,2024-05-14,2024-05,Mendoza
1170,1170,Joaquín Ortiz,Activo,2024-05-14,2024-05,Santa Fe
1171,1171,Franco Sosa,Inactivo,2024-05-14,2024-05,Córdoba
1172,1172,Lucía Juárez,Activo,2024-05-14,2024-05,Mendoza
1173,1173,Catalina Martínez,Activo,2024-05-14,2024-05,Buenos Aires
1174,1174,Lucas Giménez,Activo,2024-05-14,2024-05,Córdoba
1175,1175,Matías García,Activo,2024-05-14,2024-05,Buenos Aires
1176,1176,Sebastián Morales,Activo,2024-05-14,2024-05,
1177,1177,Emiliano Benítez,Activo,2024-05-14,2024-05,
1178,1178,Sebastián Ruiz,Activo,2024-05-14,2024-05,Córdoba
1179,1179,Luciana Ruiz,Activo,2024-05-15,2024-05,Buenos Aires
1180,1180,Alejandro Álvarez,Activo,2024-05-15,2024-05,Buenos Aires
1181,1181,Natalia Acosta,Inactivo,2024-05-15,2024-05,Buenos Aires
1182,1182,Florencia Silva,Activo,2024-05-15,2024-05,Córdoba
1183,1183,Ignacio Carrizo,Activo,2024-05-15,2024-05,
1184,1184,Diego Castillo,Activo,2024-05-15,2024-05,Santa Fe
1185,1185,Ezequiel Castro,Activo,2024-05-15,2024-05,Mendoza
1186,1186,Micaela Gutiérrez,Activo,2024-05-15,2024-05,Santa Fe
1187,1187,Paula Torres,Activo,2024-05-15,2024-05,Buenos Aires
1188,1188,Franco Álvarez,Activo,2024-05-15,2024-05,Buenos Aires
1189,1189,Franco Medina,Inactivo,2024-05-15,2024-05,Mendoza
1190,1190,Sofía Flores,Activo,2024-05-16,2024-05,
1191,1191,Leandro Flores,Activo,2024-05-16,2024-05,Córdoba
1192,1192,Catalina Giménez,Activo,2024-05-16,2024-05,
1193,1193,Tomás Ferreyra,Inactivo,2024-05-17,2024-05,
1194,1194,Romina Sosa,Activo,2024-05-17,2024-05,Santa Fe
1195,1195,Julieta Juárez,Activo,2024-05-17,2024-05,
1196,1196,Valentina Moreno,Activo,2024-05-17,2024-05,Buenos Aires
1197,1197,Santiago Aguirre,Activo,2024-05-18,2024-05,
1198,1198,Milagros Vega,Activo,2024-05-18,2024-05,
1199,1199,Sebastián Álvarez,Inactivo,2024-05-18,2024-05,
1200,1200,Juan Romero,Activo,2024-05-18,2024-05,Córdoba
1201,1201,Sebastián Torres,Activo,2024-05-19,2024-05,
1202,1202,Gonzalo Ledesma,Activo,2024-05-19,2024-05,Córdoba
1203,1203,Lucas Morales,Inactivo,2024-05-19,2024-05,Buenos Aires
1204,1204,Juan Romero,Activo,2024-05-20,2024-05,Santa Fe
1205,1205,Luciana Pérez,Activo,2024-05-20,2024-05,
1206,1206,Matías Aguirre,Activo,2024-05-21,2024-05,Buenos Aires
1207,1207,Silvina Carrizo,Activo,2024-05-21,2024-05,Santa Fe
1208,1208,Diego Benítez,Activo,2024-05-21,2024-05,
1209,1209,Nicolás Moreno,Inactivo,2024-05-21,2024-05,
1210,1210,María Suárez,Activo,2024-05-22,2024-05,
1211,1211,Daniela Medina,Activo,2024-05-22,2024-05,Santa Fe
1212,1212,Florencia Sosa,Activo,2024-05-23,2024-05,Santa Fe
1213,1213,Martina Godoy,Activo,2024-05-23,2024-05,Córdoba
1214,1214,Camila Núñez,Activo,2024-05-23,2024-05,Buenos Aires
1215,1215,Antonella Giménez,Inactivo,2024-05-23,2024-05,Buenos Aires
1216,1216,Ana Ortiz,Inactivo,2024-05-23,2024-05,Buenos Aires
1217,1217,Ana Álvarez,Activo,2024-05-23,2024-05,
1218,1218,Nicolás Silva,Activo,2024-05-23,2024-05,Córdoba
1219,1219,Romina Torres,Activo,2024-05-24,2024-05,
1220,1220,Federico Fernández,Activo,2024-05-24,2024-05,
1221,1221,Natalia Moreno,Activo,2024-05-24,2024-05,
1222,1222,Diego Sosa,Inactivo,2024-05-24,2024-05,
1223,1223,Benjamín Gómez,Activo,2024-05-24,2024-05,Buenos Aires
1224,1224,Catalina Sosa,Activo,2024-05-24,2024-05,Buenos Aires
1225,1225,Belén Fernández,Activo,2024-05-25,2024-05,Mendoza
1226,1226,Santiago Ferreyra,Inactivo,2024-05-25,2024-05,
1227,1227,Nicolás García,Activo,2024-05-26,2024-05,
1228,1228,Julieta Fernández,Activo,2024-05-26,2024-05,Buenos Aires
1229,1229,Facundo Fernández,Activo,2024-05-26,2024-05,Buenos Aires
1230,1230,Carolina Ponce,Activo,2024-05-27,2024-05,
1231,1231,Luciana Domínguez,Activo,2024-05-27,2024-05,
1232,1232,Ezequiel Acosta,Activo,2024-05-27,2024-05,Buenos Aires
1233,1233,Micaela Juárez,Activo,2024-05-27,2024-05,Córdoba
1234,1234,Victoria Quiroga,Activo,2024-05-27,2024-05,Santa Fe
1235,1235,Camila Sosa,Activo,2024-05-27,2024-05,
1236,1236,Carolina Martínez,Inactivo,2024-05-27,2024-05,Buenos Aires
1237,1237,Silvina Moreno,Activo,2024-05-27,2024-05,Buenos Aires
1238,1238,Tomás Ríos,Activo,2024-05-27,2024-05,Buenos Aires
1239,1239,Sofía Ledesma,Activo,2024-05-28,2024-05,Buenos Aires
1240,1240,Sofía Domínguez,Activo,2024-05-28,2024-05,Buenos Aires
1241,1241,Florencia Morales,Activo,2024-05-29,2024-05,
1242,1242,Luciana Juárez,Activo,2024-05-29,2024-05,Córdoba
1243,1243,Gonzalo Carrizo,Activo,2024-05-29,2024-05,
1244,1244,Paula Cabrera,Activo,2024-05-30,2024-05,Buenos Aires
1245,1245,Nicolás Herrera,Activo,2024-05-30,2024-05,
1246,1246,Romina Martínez,Activo,2024-05-30,2024-05,
1247,1247,Ezequiel Gutiérrez,Activo,2024-05-30,2024-05,Buenos Aires
1248,1248,Brenda Muñoz,Activo,2024-05-30,2024-05,Santa Fe
1249,1249,Gonzalo Juárez,Activo,2024-05-30,2024-05,Buenos Aires
1250,1250,Facundo García,Activo,2024-05-31,2024-05,
1251,1251,Hernán Juárez,Inactivo,2024-05-31,2024-05,
1252,1252,Gabriel Domínguez,Activo,2024-06-01,2024-06,Buenos Aires
1253,1253,Paula Ferreyra,Activo,2024-06-01,2024-06,Santa Fe
1254,1254,Tomás Molina,Activo,2024-06-01,2024-06,Córdoba
1255,1255,Florencia Juárez,Activo,2024-06-01,2024-06,Mendoza
1256,1256,Rocío Domínguez,Inactivo,2024-06-02,2024-06,Buenos Aires
1257,1257,Silvina Luna,Activo,2024-06-02,2024-06,Córdoba
1258,1258,Gabriel Gómez,Activo,2024-06-03,2024-06,Buenos Aires
1259,1259,Franco Romero,Activo,2024-06-03,2024-06,Córdoba
1260,1260,Matías Romero,Activo,2024-06-03,2024-06,Córdoba
1261,1261,Lucía Castillo,Activo,2024-06-03,2024-06,
1262,1262,Hernán Silva,Activo,2024-06-03,2024-06,
1263,1263,Franco Acosta,Activo,2024-06-03,2024-06,Buenos Aires
1264,1264,Brenda Carrizo,Inactivo,2024-06-04,2024-06,
1265,1265,Brenda Godoy,Inactivo,2024-06-04,2024-06,Buenos Aires
1266,1266,Natalia Álvarez,Activo,2024-06-04,2024-06,Santa Fe
1267,1267,Franco Ferreyra,Inactivo,2024-06-04,2024-06,Santa Fe
1268,1268,Luciana Fernández,Activo,2024-06-04,2024-06,Santa Fe
1269,1269,Ana Carrizo,Activo,2024-06-04,2024-06,Mendoza
1270,1270,Catalina Moreno,Inactivo,2024-06-04,2024-06,Santa Fe
1271,1271,Pablo Ríos,Activo,2024-06-05,2024-06,Santa Fe
1272,1272,Daniela Ruiz,Activo,2024-06-05,2024-06,Córdoba
1273,1273,Gonzalo Morales,Activo,2024-06-05,2024-06,Córdoba
1274,1274,Rocío Rodríguez,Activo,2024-06-05,2024-06,Santa Fe
1275,1275,Leandro Luna,Activo,2024-06-06,2024-06,Mendoza
1276,1276,Sofía Molina,Inactivo,2024-06-06,2024-06,Buenos Aires
1277,1277,Agustina Rodríguez,Activo,2024-06-06,2024-06,
1278,1278,María Sosa,Activo,2024-06-06,2024-06,Mendoza
1279,1279,Federico Fernández,Activo,2024-06-07,2024-06,Córdoba
1280,1280,Agustina Suárez,Activo,2024-06-07,2024-06,
1281,1281,Paula Carrizo,Activo,2024-06-07,2024-06,Santa Fe
1282,1282,Federico Medina,Activo,2024-06-07,2024-06,
1283,1283,Sofía Pereyra,Activo,2024-06-07,2024-06,
1284,1284,Antonella Giménez,Activo,2024-06-07,2024-06,Buenos Aires
1285,1285,Romina Ríos,Activo,2024-06-07,2024-06,Santa Fe
1286,1286,Martina Romero,Activo,2024-06-07,2024-06,Buenos Aires
1287,1287,Julieta Flores,Inactivo,2024-06-07,2024-06,Buenos Aires
1288,1288,Luciana Moreno,Activo,2024-06-08,2024-06,
1289,1289,Sebastián Vega,Activo,2024-06-08,2024-06,
1290,1290,Belén Silva,Inactivo,2024-06-08,2024-06,
1291,1291,Ezequiel Gutiérrez,Activo,2024-06-08,2024-06,Córdoba
1292,1292,Benjamín Ponce,Activo,2024-06-08,2024-06,
1293,1293,Agustina Sosa,Inactivo,2024-06-08,2024-06,Buenos Aires
1294,1294,Sebastián Sánchez,Activo,2024-06-08,2024-06,Buenos Aires
1295,1295,Ignacio Núñez,Activo,2024-06-08,2024-06,Buenos Aires
1296,1296,Juan Herrera,Activo,2024-06-08,2024-06,
1297,1297,Catalina Núñez,Activo,2024-06-08,2024-06,Córdoba
1298,1298,Catalina González,Activo,2024-06-08,2024-06,
1299,1299,Ramiro Díaz,Activo,2024-06-08,2024-06,
1300,1300,Tomás Gómez,Activo,2024-06-08,2024-06,Mendoza
1301,1301,Paula Fernández,Activo,2024-06-09,2024-06,Mendoza
1302,1302,Belén Acosta,Activo,2024-06-10,2024-06,Santa Fe
1303,1303,Camila Herrera,Activo,2024-06-10,2024-06,
1304,1304,Belén Peralta,Activo,2024-06-10,2024-06,Córdoba
1305,1305,Daniela Ríos,Activo,2024-06-11,2024-06,Córdoba
1306,1306,Tomás Ortiz,Activo,2024-06-11,2024-06,Buenos Aires
1307,1307,Valentina Giménez,Activo,2024-06-11,2024-06,
1308,1308,Ramiro Núñez,Activo,2024-06-12,2024-06,
1309,1309,Alejandro Juárez,Activo,2024-06-12,2024-06,Buenos Aires
1310,1310,Milagros Sánchez,Inactivo,2024-06-12,2024-06,
1311,1311,Camila Rojas,Activo,2024-06-12,2024-06,Santa Fe
1312,1312,Federico Sosa,Inactivo,2024-06-12,2024-06,Mendoza
1313,1313,Florencia Godoy,Activo,2024-06-12,2024-06,Córdoba
1314,1314,Camila Ríos,Activo,2024-06-12,2024-06,Córdoba
1315,1315,Rocío López,Activo,2024-06-12,2024-06,Córdoba
1316,1316,Romina Romero,Activo,2024-06-13,2024-06,
1317,1317,Benjamín Domínguez,Activo,2024-06-13,2024-06,Buenos Aires
1318,1318,Facundo Rojas,Activo,2024-06-13,2024-06,Córdoba
1319,1319,Ramiro Giménez,Activo,2024-06-13,2024-06,Córdoba
1320,1320,Sofía Cabrera,Inactivo,2024-06-13,2024-06,Córdoba
1321,1321,Martina Ruiz,Activo,2024-06-13,2024-06,
1322,1322,Hernán Giménez,Activo,2024-06-13,2024-06,Mendoza
1323,1323,Rocío Medina,Inactivo,2024-06-13,2024-06,Buenos Aires
1324,1324,Martín Peralta,Inactivo,2024-06-14,2024-06,
1325,1325,Julieta Peralta,Activo,2024-06-14,2024-06,
1326,1326,Lucía Torres,Activo,2024-06-14,2024-06,
1327,1327,Matías Pereyra,Activo,2024-06-14,2024-06,
1328,1328,Paula Giménez,Activo,2024-06-14,2024-06,Córdoba
1329,1329,Joaquín Ortiz,Activo,2024-06-14,2024-06,Buenos Aires
1330,1330,Valentina Álvarez,Activo,2024-06-15,2024-06,Santa Fe
1331,1331,Gabriel Gutiérrez,Inactivo,2024-06-15,2024-06,Córdoba
1332,1332,Romina Domínguez,Activo,2024-06-15,2024-06,
1333,1333,Santiago Rodríguez,Inactivo,2024-06-15,2024-06,Buenos Aires
1334,1334,Carolina Ferreyra,Activo,2024-06-15,2024-06,Mendoza
1335,1335,Mateo Giménez,Activo,2024-06-15,2024-06,
1336,1336,Nicolás Torres,Activo,2024-06-15,2024-06,Santa Fe
1337,1337,Martín Castillo,Activo,2024-06-16,2024-06,Buenos Aires
1338,1338,Luciana Gutiérrez,Inactivo,2024-06-16,2024-06,Santa Fe
1339,1339,Juan Moreno,Activo,2024-06-16,2024-06,Córdoba
1340,1340,Antonella Sánchez,Activo,2024-06-16,2024-06,Buenos Aires
1341,1341,Valentina Sánchez,Activo,2024-06-17,2024-06,
1342,1342,Alejandro Godoy,Activo,2024-06-17,2024-06,Buenos Aires
1343,1343,Tomás Ramírez,Activo,2024-06-17,2024-06,Buenos Aires
1344,1344,Benjamín Ledesma,Inactivo,2024-06-17,2024-06,
1345,1345,Daniela Ríos,Activo,2024-06-17,2024-06,Buenos Aires
1346,1346,Lucía Moreno,Activo,2024-06-17,2024-06,Mendoza
1347,1347,Ignacio Torres,Activo,2024-06-18,2024-06,Córdoba
1348,1348,Antonella Castillo,Activo,2024-06-18,2024-06,Mendoza
1349,1349,Valentina Flores,Activo,2024-06-18,2024-06,Buenos Aires
1350,1350,Leandro Silva,Activo,2024-06-18,2024-06,Santa Fe
1351,1351,Micaela Sosa,Activo,2024-06-18,2024-06,Córdoba
1352,1352,Daniela Núñez,Inactivo,2024-06-18,2024-06,Córdoba
1353,1353,Ana Díaz,Activo,2024-06-19,2024-06,
1354,1354,Carolina Ríos,Activo,2024-06-19,2024-06,
1355,1355,Federico Núñez,Activo,2024-06-19,2024-06,
1356,1356,Valentina Domínguez,Activo,2024-06-19,2024-06,
1357,1357,Natalia Giménez,Activo,2024-06-20,2024-06,
1358,1358,Pablo Ledesma,Activo,2024-06-20,2024-06,Buenos Aires
1359,1359,Benjamín Vega,Activo,2024-06-20,2024-06,Mendoza
1360,1360,Alejandro Ojeda,Activo,2024-06-20,2024-06,Buenos Aires
1361,1361,Milagros Pereyra,Activo,2024-06-21,2024-06,Buenos Aires
1362,1362,Julieta González,Activo,2024-06-21,2024-06,
1363,1363,Romina Ruiz,Activo,2024-06-21,2024-06,Santa Fe
1364,1364,Romina Ledesma,Activo,2024-06-22,2024-06,
1365,1365,Florencia Carrizo,Inactivo,2024-06-22,2024-06,Santa Fe
1366,1366,Hernán Giménez,Activo,2024-06-22,2024-06,
1367,1367,Facundo Núñez,Inactivo,2024-06-22,2024-06,Mendoza
1368,1368,Facundo Ojeda,Activo,2024-06-23,2024-06,Buenos Aires
1369,1369,Matías Álvarez,Activo,2024-06-23,2024-06,Córdoba
1370,1370,Pablo Núñez,Activo,2024-06-23,2024-06,Santa Fe
1371,1371,Facundo Aguirre,Activo,2024-06-24,2024-06,Santa Fe
1372,1372,Lucía González,Activo,2024-06-24,2024-06,
1373,1373,Julieta López,Activo,2024-06-24,2024-06,Buenos Aires
1374,1374,Lucía Ortiz,Activo,2024-06-25,2024-06,
1375,1375,Gonzalo Muñoz,Activo,2024-06-25,2024-06,Buenos Aires
1376,1376,Brenda Domínguez,Activo,2024-06-25,2024-06,Santa Fe
1377,1377,Facundo Cabrera,Activo,2024-06-25,2024-06,Mendoza
1378,1378,Hernán Silva,Activo,2024-06-25,2024-06,Santa Fe
1379,1379,Juan Ferreyra,Activo,2024-06-25,2024-06,Córdoba
1380,1380,Mateo Vega,Activo,2024-06-26,2024-06,Buenos Aires
1381,1381,Ignacio Álvarez,Activo,2024-06-26,2024-06,
1382,1382,Hernán González,Activo,2024-06-26,2024-06,
1383,1383,Facundo Rodríguez,Activo,2024-06-26,2024-06,Buenos Aires
1384,1384,Romina Sosa,Activo,2024-06-27,2024-06,Buenos Aires
1385,1385,Milagros Núñez,Activo,2024-06-27,2024-06,Córdoba
1386,1386,Ezequiel Suárez,Activo,2024-06-27,2024-06,Santa Fe
1387,1387,Hernán Luna,Activo,2024-06-27,2024-06,Santa Fe
1388,1388,Nicolás Ríos,Inactivo,2024-06-28,2024-06,Buenos Aires
1389,1389,Julieta Suárez,Inactivo,2024-06-28,2024-06,Buenos Aires
1390,1390,Pablo Morales,Activo,2024-06-28,2024-06,Mendoza
1391,1391,Ignacio Castillo,Activo,2024-06-29,2024-06,Buenos Aires
1392,1392,Ana Romero,Activo,2024-06-29,2024-06,
1393,1393,Sofía Ortiz,Activo,2024-06-29,2024-06,Mendoza
1394,1394,Juan Ojeda,Activo,2024-06-29,2024-06,Buenos Aires
1395,1395,Rocío Gutiérrez,Activo,2024-06-29,2024-06,
1396,1396,Natalia Pérez,Activo,2024-06-29,2024-06,Mendoza
1397,1397,Juan Peralta,Activo,2024-06-30,2024-06,Córdoba
1398,1398,Belén Sosa,Activo,2024-06-30,2024-06,Mendoza
1399,1399,Ezequiel Aguirre,Activo,2024-07-01,2024-07,Buenos Aires
1400,1400,Martina Cabrera,Activo,2024-07-01,2024-07,Santa Fe
1401,1401,Milagros Aguirre,Activo,2024-07-01,2024-07,Buenos Aires
1402,1402,Carolina García,Activo,2024-07-02,2024-07,Buenos Aires
1403,1403,Gonzalo Muñoz,Activo,2024-07-02,2024-07,Mendoza
1404,1404,Facundo Martínez,Activo,2024-07-03,2024-07,Mendoza
1405,1405,Matías Benítez,Activo,2024-07-03,2024-07,
1406,1406,Lucas Benítez,Activo,2024-07-03,2024-07,
1407,1407,Agustina Flores,Activo,2024-07-03,2024-07,Santa Fe
1408,1408,Martina Domínguez,Activo,2024-07-03,2024-07,Córdoba
1409,1409,Alejandro Benítez,Activo,2024-07-04,2024-07,Santa Fe
1410,1410,Santiago Gómez,Inactivo,2024-07-04,2024-07,
1411,1411,Belén Álvarez,Activo,2024-07-04,2024-07,Mendoza
1412,1412,Matías Herrera,Inactivo,2024-07-04,2024-07,Buenos Aires
1413,1413,Brenda Ortiz,Activo,2024-07-04,2024-07,
1414,1414,Victoria Peralta,Activo,2024-07-04,2024-07,Buenos Aires
1415,1415,Paula Herrera,Activo,2024-07-04,2024-07,Buenos Aires
1416,1416,Gabriel Álvarez,Inactivo,2024-07-04,2024-07,Santa Fe
1417,1417,Florencia Sánchez,Activo,2024-07-05,2024-07,Córdoba
1418,1418,Luciana Rodríguez,Activo,2024-07-05,2024-07,Buenos Aires
1419,1419,Silvina Quiroga,Activo,2024-07-05,2024-07,
1420,1420,Nicolás Herrera,Activo,2024-07-06,2024-07,Buenos Aires
1421,1421,Ignacio Ponce,Activo,2024-07-06,2024-07,
1422,1422,Daniela García,Activo,2024-07-06,2024-07,Buenos Aires
1423,1423,Pablo Pereyra,Activo,2024-07-07,2024-07,Buenos Aires
1424,1424,Catalina Ledesma,Activo,2024-07-07,2024-07,Buenos Aires
1425,1425,Sebastián Ledesma,Activo,2024-07-08,2024-07,Buenos Aires
1426,1426,Micaela Acosta,Activo,2024-07-08,2024-07,Buenos Aires
1427,1427,Camila Cabrera,Inactivo,2024-07-08,2024-07,
1428,1428,Ana López,Activo,2024-07-08,2024-07,Santa Fe
1429,1429,Camila Acosta,Activo,2024-07-08,2024-07,Córdoba
1430,1430,Pablo García,Inactivo,2024-07-09,2024-07,
1431,1431,Nicolás Aguirre,Activo,2024-07-09,2024-07,Córdoba
1432,1432,Ezequiel Morales,Activo,2024-07-09,2024-07,Mendoza
1433,1433,Federico Ruiz,Inactivo,2024-07-09,2024-07,Santa Fe
1434,1434,Martina Díaz,Activo,2024-07-09,2024-07,Buenos Aires
1435,1435,Silvina Silva,Activo,2024-07-10,2024-07,
1436,1436,Milagros Suárez,Activo,2024-07-10,2024-07,Mendoza
1437,1437,Leandro Luna,Activo,2024-07-10,2024-07,Santa Fe
1438,1438,Hernán Carrizo,Activo,2024-07-11,2024-07,
1439,1439,Joaquín Ramírez,Activo,2024-07-11,2024-07,Mendoza
1440,1440,Ramiro Giménez,Activo,2024-07-12,2024-07,Santa Fe
1441,1441,Luciana Molina,Inactivo,2024-07-12,2024-07,
1442,1442,Santiago Quiroga,Activo,2024-07-13,2024-07,
1443,1443,Paula Díaz,Activo,2024-07-13,2024-07,
1444,1444,Paula Ríos,Activo,2024-07-13,2024-07,Santa Fe
1445,1445,Ignacio Muñoz,Activo,2024-07-14,2024-07,
1446,1446,Martín Torres,Activo,2024-07-14,2024-07,Buenos Aires
1447,1447,Natalia García,Inactivo,2024-07-14,2024-07,
1448,1448,Diego Ferreyra,Activo,2024-07-14,2024-07,Santa Fe
1449,1449,Agustina Gómez,Inactivo,2024-07-14,2024-07,Buenos Aires
1450,1450,Benjamín Romero,Activo,2024-07-14,2024-07,Santa Fe
1451,1451,Pablo Castro,Activo,2024-07-15,2024-07,Buenos Aires
1452,1452,Juan Silva,Activo,2024-07-15,2024-07,Buenos Aires
1453,1453,Tomás Aguirre,Inactivo,2024-07-15,2024-07,
1454,1454,Matías Suárez,Activo,2024-07-15,2024-07,Buenos Aires
1455,1455,Camila Quiroga,Activo,2024-07-15,2024-07,Santa Fe
1456,1456,Rocío Morales,Activo,2024-07-17,2024-07,Córdoba
1457,1457,Silvina López,Activo,2024-07-17,2024-07,
1458,1458,Romina Ortiz,Activo,2024-07-17,2024-07,
1459,1459,Rocío Herrera,Activo,2024-07-17,2024-07,Santa Fe
1460,1460,Ana Moreno,Activo,2024-07-18,2024-07,
1461,1461,Matías Herrera,Activo,2024-07-18,2024-07,
1462,1462,Martina Carrizo,Activo,2024-07-19,2024-07,
1463,1463,Sofía Fernández,Activo,2024-07-19,2024-07,Buenos Aires
1464,1464,Benjamín Sosa,Activo,2024-07-19,2024-07,Mendoza
1465,1465,Lucía Ríos,Activo,2024-07-19,2024-07,Santa Fe
1466,1466,Natalia Cabrera,Activo,2024-07-20,2024-07,Córdoba
1467,1467,Benjamín García,Activo,2024-07-20,2024-07,Córdoba
1468,1468,Luciana Sosa,Activo,2024-07-20,2024-07,Buenos Aires
1469,1469,Benjamín Muñoz,Activo,2024-07-20,2024-07,Santa Fe
1470,1470,Lucas Molina,Activo,2024-07-20,2024-07,
1471,1471,Franco Benítez,Activo,2024-07-20,2024-07,Córdoba
1472,1472,Luciana Castro,Activo,2024-07-20,2024-07,Mendoza
1473,1473,Emiliano Aguirre,Activo,2024-07-21,2024-07,Buenos Aires
1474,1474,Agustina Juárez,Activo,2024-07-21,2024-07,Buenos Aires
1475,1475,Ignacio Quiroga,Activo,2024-07-22,2024-07,Córdoba
1476,1476,Ana Silva,Activo,2024-07-22,2024-07,Mendoza
1477,1477,Florencia Ramírez,Activo,2024-07-22,2024-07,
1478,1478,Mateo Gómez,Activo,2024-07-22,2024-07,Santa Fe
1479,1479,Leandro Moreno,Activo,2024-07-23,2024-07,Buenos Aires
1480,1480,Victoria Pérez,Activo,2024-07-23,2024-07,
1481,1481,Agustina García,Activo,2024-07-23,2024-07,
1482,1482,Nicolás Aguirre,Activo,2024-07-23,2024-07,Córdoba
1483,1483,Alejandro Quiroga,Activo,2024-07-23,2024-07,Santa Fe
1484,1484,Sebastián Ledesma,Activo,2024-07-25,2024-07,Buenos Aires
1485,1485,Ana Pérez,Activo,2024-07-25,2024-07,Buenos Aires
1486,1486,Martín Quiroga,Activo,2024-07-26,2024-07,Mendoza
1487,1487,Agustina Romero,Inactivo,2024-07-26,2024-07,Buenos Aires
1488,1488,Victoria Ferreyra,Activo,2024-07-26,2024-07,
1489,1489,Belén Aguirre,Activo,2024-07-26,2024-07,
1490,1490,Diego López,Inactivo,2024-07-26,2024-07,Buenos Aires
1491,1491,Daniela Núñez,Activo,2024-07-26,2024-07,
1492,1492,Micaela Benítez,Activo,2024-07-26,2024-07,Buenos Aires
1493,1493,Camila Pérez,Activo,2024-07-27,2024-07,Buenos Aires
1494,1494,Victoria Sosa,Activo,2024-07-27,2024-07,
1495,1495,Romina Aguirre,Activo,2024-07-27,2024-07,
1496,1496,Alejandro García,Inactivo,2024-07-27,2024-07,Mendoza
1497,1497,Tomás Quiroga,Activo,2024-07-27,2024-07,Córdoba
1498,1498,María Fernández,Activo,2024-07-28,2024-07,
1499,1499,Carolina Torres,Activo,2024-07-28,2024-07,Santa Fe
1500,1500,Romina López,Activo,2024-07-28,2024-07,Córdoba
1501,1501,Nicolás Sosa,Activo,2024-07-29,2024-07,Santa Fe
1502,1502,Nicolás Ojeda,Inactivo,2024-07-29,2024-07,Buenos Aires
1503,1503,Valentina Herrera,Activo,2024-07-29,2024-07,
1504,1504,Catalina Pérez,Activo,2024-07-29,2024-07,Santa Fe
1505,1505,Franco Ojeda,Activo,2024-07-29,2024-07,Buenos Aires
1506,1506,Paula Suárez,Activo,2024-07-29,2024-07,Santa Fe
1507,1507,Antonella Herrera,Activo,2024-07-30,2024-07,Córdoba
1508,1508,Catalina Rojas,Activo,2024-07-30,2024-07,
1509,1509,Victoria Rojas,Activo,2024-07-30,2024-07,Santa Fe
1510,1510,Ramiro Molina,Activo,2024-07-30,2024-07,Santa Fe
1511,1511,Lucas Ramírez,Inactivo,2024-07-30,2024-07,Santa Fe
1512,1512,Ramiro Sosa,Activo,2024-07-31,2024-07,Córdoba
1513,1513,Juan Díaz,Activo,2024-07-31,2024-07,Córdoba
1514,1514,Belén Medina,Activo,2024-07-31,2024-07,Santa Fe
1515,1515,Ana Álvarez,Activo,2024-07-31,2024-07,Buenos Aires
1516,1516,Emiliano Ponce,Activo,2024-07-31,2024-07,Córdoba
1517,1517,María Medina,Activo,2024-07-31,2024-07,Córdoba
1518,1518,Sebastián Juárez,Activo,2024-08-01,2024-08,Buenos Aires
1519,1519,Juan Silva,Activo,2024-08-01,2024-08,
1520,1520,Belén Carrizo,Activo,2024-08-01,2024-08,Mendoza
1521,1521,Daniela Fernández,Activo,2024-08-01,2024-08,Buenos Aires
1522,1522,Facundo Pérez,Activo,2024-08-01,2024-08,
1523,1523,Joaquín Carrizo,Activo,2024-08-01,2024-08,Córdoba
1524,1524,Gonzalo Rojas,Activo,2024-08-01,2024-08,Córdoba
1525,1525,Benjamín Ruiz,Activo,2024-08-02,2024-08,Buenos Aires
1526,1526,Lucía Aguirre,Activo,2024-08-02,2024-08,Buenos Aires
1527,1527,Rocío Carrizo,Activo,2024-08-02,2024-08,Buenos Aires
1528,1528,Daniela Silva,Activo,2024-08-02,2024-08,Santa Fe
1529,1529,Julieta Ponce,Activo,2024-08-03,2024-08,
1530,1530,Martín Muñoz,Activo,2024-08-03,2024-08,Córdoba
1531,1531,Luciana Ledesma,Activo,2024-08-03,2024-08,
1532,1532,María Juárez,Activo,2024-08-03,2024-08,Mendoza
1533,1533,Florencia Rodríguez,Activo,2024-08-03,2024-08,
1534,1534,Valentina Flores,Activo,2024-08-03,2024-08,Santa Fe
1535,1535,Sofía Martínez,Activo,2024-08-04,2024-08,Buenos Aires
1536,1536,Ignacio Ríos,Activo,2024-08-04,2024-08,
1537,1537,Natalia Domínguez,Activo,2024-08-04,2024-08,Santa Fe
1538,1538,Sebastián Torres,Activo,2024-08-05,2024-08,Córdoba
1539,1539,Luciana Ponce,Activo,2024-08-05,2024-08,Buenos Aires
1540,1540,Micaela Ojeda,Activo,2024-08-05,2024-08,Buenos Aires
1541,1541,Belén López,Activo,2024-08-05,2024-08,Santa Fe
1542,1542,Silvina Ríos,Activo,2024-08-05,2024-08,Córdoba
1543,1543,Agustina Gómez,Activo,2024-08-06,2024-08,Buenos Aires
1544,1544,Pablo Quiroga,Activo,2024-08-06,2024-08,
1545,1545,María Sosa,Activo,2024-08-06,2024-08,
1546,1546,Nicolás Pereyra,Activo,2024-08-06,2024-08,
1547,1547,Gabriel Benítez,Activo,2024-08-06,2024-08,Córdoba
1548,1548,Facundo Fernández,Activo,2024-08-06,2024-08,
1549,1549,Ignacio Godoy,Activo,2024-08-06,2024-08,Buenos Aires
1550,1550,Tomás García,Activo,2024-08-07,2024-08,Santa Fe
1551,1551,Sebastián Gutiérrez,Activo,2024-08-07,2024-08,Santa Fe
1552,1552,Silvina Silva,Activo,2024-08-07,2024-08,Buenos Aires
1553,1553,Antonella Ponce,Activo,2024-08-08,2024-08,Buenos Aires
1554,1554,Natalia Álvarez,Activo,2024-08-08,2024-08,Buenos Aires
1555,1555,Agustina Ponce,Activo,2024-08-08,2024-08,Córdoba
1556,1556,Emiliano Acosta,Activo,2024-08-08,2024-08,
1557,1557,Tomás Luna,Activo,2024-08-10,2024-08,Córdoba
1558,1558,Ana Peralta,Inactivo,2024-08-10,2024-08,
1559,1559,Milagros Martínez,Activo,2024-08-10,2024-08,
1560,1560,Ana Godoy,Activo,2024-08-10,2024-08,Córdoba
1561,1561,Milagros Núñez,Activo,2024-08-12,2024-08,Buenos Aires
1562,1562,Gonzalo Aguirre,Inactivo,2024-08-12,2024-08,
1563,1563,Facundo Aguirre,Activo,2024-08-12,2024-08,Buenos Aires
1564,1564,Belén Muñoz,Activo,2024-08-13,2024-08,Córdoba
1565,1565,Florencia Fernández,Inactivo,2024-08-13,2024-08,Mendoza
1566,1566,Victoria Giménez,Activo,2024-08-13,2024-08,Santa Fe
1567,1567,Ezequiel Ramírez,Activo,2024-08-13,2024-08,
1568,1568,Gonzalo Giménez,Activo,2024-08-13,2024-08,Córdoba
1569,1569,Matías Moreno,Activo,2024-08-13,2024-08,Buenos Aires
1570,1570,Daniela Ledesma,Activo,2024-08-13,2024-08,Buenos Aires
1571,1571,Pablo Castro,Activo,2024-08-14,2024-08,Córdoba
1572,1572,Diego Godoy,Activo,2024-08-14,2024-08,Santa Fe
1573,1573,Victoria Quiroga,Activo,2024-08-14,2024-08,Córdoba
1574,1574,Micaela Castillo,Inactivo,2024-08-14,2024-08,
1575,1575,Sebastián Herrera,Activo,2024-08-15,2024-08,
1576,1576,Daniela López,Activo,2024-08-15,2024-08,Córdoba
1577,1577,Alejandro Vega,Activo,2024-08-15,2024-08,Buenos Aires
1578,1578,Lucía Pereyra,Activo,2024-08-15,2024-08,
1579,1579,Belén Ferreyra,Activo,2024-08-15,2024-08,Mendoza
1580,1580,Nicolás Romero,Activo,2024-08-15,2024-08,Buenos Aires
1581,1581,Ana Silva,Activo,2024-08-15,2024-08,Buenos Aires
1582,1582,Florencia Morales,Activo,2024-08-16,2024-08,Córdoba
1583,1583,Lucas Suárez,Activo,2024-08-16,2024-08,Buenos Aires
1584,1584,Camila Godoy,Activo,2024-08-16,2024-08,Buenos Aires
1585,1585,Natalia Torres,Activo,2024-08-16,2024-08,Santa Fe
1586,1586,Diego Fernández,Activo,2024-08-16,2024-08,Buenos Aires
1587,1587,María Ledesma,Activo,2024-08-16,2024-08,Córdoba
1588,1588,Hernán Ferreyra,Activo,2024-08-17,2024-08,Buenos Aires
1589,1589,Victoria Rodríguez,Activo,2024-08-17,2024-08,Buenos Aires
1590,1590,Benjamín Gómez,Activo,2024-08-17,2024-08,
1591,1591,Pablo Rojas,Activo,2024-08-17,2024-08,Buenos Aires
1592,1592,Daniela Ruiz,Activo,2024-08-18,2024-08,Córdoba
1593,1593,Ignacio Benítez,Activo,2024-08-19,2024-08,Córdoba
1594,1594,Hernán Núñez,Activo,2024-08-19,2024-08,Santa Fe
1595,1595,Martina Morales,Activo,2024-08-19,2024-08,Córdoba
1596,1596,Luciana Flores,Activo,2024-08-19,2024-08,
1597,1597,Camila Benítez,Activo,2024-08-19,2024-08,Mendoza
1598,1598,Federico Silva,Activo,2024-08-19,2024-08,Mendoza
1599,1599,Martina Aguirre,Activo,2024-08-20,2024-08,Buenos Aires
1600,1600,Emiliano Martínez,Activo,2024-08-20,2024-08,Mendoza
1601,1601,Ignacio Benítez,Activo,2024-08-20,2024-08,Córdoba
1602,1602,Ezequiel Sosa,Activo,2024-08-21,2024-08,Córdoba
1603,1603,Benjamín Acosta,Activo,2024-08-21,2024-08,Mendoza
1604,1604,Ezequiel Castro,Activo,2024-08-21,2024-08,Córdoba
1605,1605,Sebastián Gutiérrez,Activo,2024-08-22,2024-08,Mendoza
1606,1606,Facundo Luna,Activo,2024-08-22,2024-08,Córdoba
1607,1607,Florencia Romero,Activo,2024-08-22,2024-08,Santa Fe
1608,1608,Florencia Quiroga,Activo,2024-08-22,2024-08,Buenos Aires
1609,1609,Florencia Pereyra,Activo,2024-08-22,2024-08,
1610,1610,Ramiro Muñoz,Activo,2024-08-22,2024-08,Buenos Aires
1611,1611,Florencia Muñoz,Activo,2024-08-22,2024-08,Córdoba
1612,1612,Alejandro Medina,Inactivo,2024-08-22,2024-08,Santa Fe
1613,1613,Gonzalo Peralta,Activo,2024-08-22,2024-08,
1614,1614,Florencia Benítez,Activo,2024-08-23,2024-08,
1615,1615,Joaquín Acosta,Activo,2024-08-23,2024-08,
1616,1616,Catalina Romero,Activo,2024-08-23,2024-08,
1617,1617,Belén Pereyra,Activo,2024-08-23,2024-08,
1618,1618,Carolina Romero,Activo,2024-08-23,2024-08,
1619,1619,Alejandro Quiroga,Activo,2024-08-23,2024-08,Buenos Aires
1620,1620,Santiago Rodríguez,Activo,2024-08-23,2024-08,Buenos Aires
1621,1621,Sebastián Godoy,Activo,2024-08-23,2024-08,Buenos Aires
1622,1622,Alejandro Benítez,Activo,2024-08-23,2024-08,Buenos Aires
1623,1623,Luciana Medina,Activo,2024-08-24,2024-08,Buenos Aires
1624,1624,Rocío Domínguez,Activo,2024-08-24,2024-08,Córdoba
1625,1625,Tomás Rojas,Activo,2024-08-25,2024-08,Buenos Aires
1626,1626,Milagros Vega,Activo,2024-08-26,2024-08,Córdoba
1627,1627,Catalina Medina,Activo,2024-08-26,2024-08,
1628,1628,Juan Torres,Activo,2024-08-27,2024-08,Buenos Aires
1629,1629,Agustina López,Activo,2024-08-27,2024-08,Santa Fe
1630,1630,Matías Peralta,Activo,2024-08-28,2024-08,
1631,1631,Martín Rodríguez,Activo,2024-08-28,2024-08,
1632,1632,Juan Castillo,Inactivo,2024-08-28,2024-08,Buenos Aires
1633,1633,Juan Ledesma,Activo,2024-08-29,2024-08,Mendoza
1634,1634,María Ruiz,Activo,2024-08-29,2024-08,Córdoba
1635,1635,Emiliano Vega,Activo,2024-08-29,2024-08,
1636,1636,Milagros García,Activo,2024-08-29,2024-08,Santa Fe
1637,1637,Pablo Domínguez,Activo,2024-08-29,2024-08,Buenos Aires
1638,1638,Ezequiel Gutiérrez,Activo,2024-08-29,2024-08,Mendoza
1639,1639,Matías Gómez,Activo,2024-08-30,2024-08,Buenos Aires
1640,1640,Pablo Pereyra,Activo,2024-08-30,2024-08,
1641,1641,Mateo Giménez,Activo,2024-08-30,2024-08,Mendoza
1642,1642,Antonella Morales,Inactivo,2024-08-30,2024-08,
1643,1643,Romina Castro,Activo,2024-08-30,2024-08,Buenos Aires
1644,1644,Hernán Peralta,Activo,2024-08-31,2024-08,
1645,1645,Sebastián Ponce,Activo,2024-08-31,2024-08,Córdoba
1646,1646,Sebastián Silva,Activo,2024-08-31,2024-08,Santa Fe
1647,1647,Lucía Medina,Activo,2024-08-31,2024-08,Buenos Aires
1648,1648,Mateo Núñez,Activo,2024-08-31,2024-08,
1649,1649,Joaquín Rojas,Activo,2024-08-31,2024-08,
1650,1650,Franco Suárez,Inactivo,2024-08-31,2024-08,Buenos Aires
1651,1651,Juan López,Activo,2024-08-31,2024-08,
1652,1652,Facundo Silva,Activo,2024-09-01,2024-09,Santa Fe
1653,1653,Natalia García,Activo,2024-09-01,2024-09,Buenos Aires
1654,1654,Ignacio Díaz,Activo,2024-09-01,2024-09,Mendoza
1655,1655,Brenda Ruiz,Activo,2024-09-02,2024-09,Santa Fe
1656,1656,Brenda Carrizo,Activo,2024-09-02,2024-09,
1657,1657,Ezequiel Luna,Activo,2024-09-03,2024-09,
1658,1658,Hernán Torres,Activo,2024-09-03,2024-09,
1659,1659,Facundo Aguirre,Inactivo,2024-09-03,2024-09,Buenos Aires
1660,1660,Brenda Díaz,Activo,2024-09-04,2024-09,Córdoba
1661,1661,Catalina Castro,Activo,2024-09-04,2024-09,Buenos Aires
1662,1662,Daniela Gómez,Activo,2024-09-04,2024-09,Buenos Aires
1663,1663,Rocío Ruiz,Inactivo,2024-09-04,2024-09,Mendoza
1664,1664,Joaquín Rojas,Activo,2024-09-05,2024-09,Buenos Aires
1665,1665,Matías Sánchez,Activo,2024-09-05,2024-09,Córdoba
1666,1666,Leandro Medina,Activo,2024-09-05,2024-09,
1667,1667,Silvina Juárez,Activo,2024-09-05,2024-09,Córdoba
1668,1668,Antonella Quiroga,Activo,2024-09-06,2024-09,Córdoba
1669,1669,Hernán Juárez,Activo,2024-09-06,2024-09,
1670,1670,Diego Suárez,Inactivo,2024-09-07,2024-09,Buenos Aires
1671,1671,Paula Acosta,Inactivo,2024-09-07,2024-09,
1672,1672,Sebastián Martínez,Activo,2024-09-07,2024-09,Buenos Aires
1673,1673,Daniela Moreno,Inactivo,2024-09-07,2024-09,Santa Fe
1674,1674,Sofía Morales,Activo,2024-09-08,2024-09,Buenos Aires
1675,1675,Ezequiel Acosta,Activo,2024-09-09,2024-09,
1676,1676,Lucas Flores,Activo,2024-09-09,2024-09,
1677,1677,Romina Ponce,Activo,2024-09-09,2024-09,Buenos Aires
1678,1678,Nicolás Muñoz,Inactivo,2024-09-10,2024-09,Buenos Aires
1679,1679,Diego Luna,Activo,2024-09-10,2024-09,Córdoba
1680,1680,Camila Álvarez,Activo,2024-09-10,2024-09,Buenos Aires
1681,1681,Agustina Herrera,Activo,2024-09-10,2024-09,Santa Fe
1682,1682,Antonella Fernández,Activo,2024-09-10,2024-09,Córdoba
1683,1683,Gonzalo González,Activo,2024-09-10,2024-09,Buenos Aires
1684,1684,Hernán Morales,Inactivo,2024-09-10,2024-09,Buenos Aires
1685,1685,Lucas Aguirre,Inactivo,2024-09-10,2024-09,Santa Fe
1686,1686,Sebastián Peralta,Activo,2024-09-11,2024-09,
1687,1687,Martín Torres,Activo,2024-09-11,2024-09,Buenos Aires
1688,1688,Natalia Flores,Activo,2024-09-11,2024-09,
1689,1689,Gonzalo Ponce,Activo,2024-09-11,2024-09,
1690,1690,Nicolás Cabrera,Activo,2024-09-11,2024-09,
1691,1691,Lucía Silva,Activo,2024-09-11,2024-09,
1692,1692,Lucía Suárez,Activo,2024-09-11,2024-09,Buenos Aires
1693,1693,Sofía Muñoz,Activo,2024-09-11,2024-09,Córdoba
1694,1694,Emiliano Pérez,Activo,2024-09-11,2024-09,Santa Fe
1695,1695,Gabriel Medina,Activo,2024-09-12,2024-09,
1696,1696,Nicolás Romero,Activo,2024-09-12,2024-09,
1697,1697,Julieta Castillo,Activo,2024-09-13,2024-09,
1698,1698,Joaquín Díaz,Activo,2024-09-13,2024-09,
1699,1699,María Sosa,Activo,2024-09-13,2024-09,Mendoza
1700,1700,Federico Juárez,Activo,2024-09-14,2024-09,
1701,1701,Catalina Núñez,Activo,2024-09-14,2024-09,
1702,1702,Ignacio García,Activo,2024-09-14,2024-09,Santa Fe
1703,1703,Gabriel Gutiérrez,Activo,2024-09-14,2024-09,Córdoba
1704,1704,Hernán Ortiz,Activo,2024-09-14,2024-09,
1705,1705,Gabriel Rojas,Activo,2024-09-14,2024-09,Buenos Aires
1706,1706,Martina Juárez,Activo,2024-09-14,2024-09,Buenos Aires
1707,1707,Mateo Luna,Activo,2024-09-15,2024-09,Mendoza
1708,1708,Luciana Ruiz,Activo,2024-09-15,2024-09,Buenos Aires
1709,1709,Joaquín Muñoz,Activo,2024-09-15,2024-09,Buenos Aires
1710,1710,Emiliano Gutiérrez,Activo,2024-09-16,2024-09,Santa Fe
1711,1711,Daniela Moreno,Activo,2024-09-16,2024-09,Santa Fe
1712,1712,Juan Cabrera,Inactivo,2024-09-16,2024-09,Buenos Aires
1713,1713,Franco Giménez,Activo,2024-09-17,2024-09,Buenos Aires
1714,1714,Leandro García,Activo,2024-09-17,2024-09,Córdoba
1715,1715,Facundo López,Activo,2024-09-17,2024-09,Córdoba
1716,1716,Florencia Ferreyra,Activo,2024-09-17,2024-09,Córdoba
1717,1717,Silvina Ruiz,Activo,2024-09-17,2024-09,Buenos Aires
1718,1718,Alejandro Benítez,Inactivo,2024-09-18,2024-09,Buenos Aires
1719,1719,Emiliano Morales,Activo,2024-09-18,2024-09,Córdoba
1720,1720,Lucas Benítez,Activo,2024-09-18,2024-09,Santa Fe
1721,1721,Lucas Carrizo,Activo,2024-09-18,2024-09,Santa Fe
1722,1722,Joaquín Acosta,Activo,2024-09-18,2024-09,Córdoba
1723,1723,Carolina Herrera,Activo,2024-09-18,2024-09,Santa Fe
1724,1724,Federico Pérez,Activo,2024-09-19,2024-09,Buenos Aires
1725,1725,Gonzalo Gutiérrez,Activo,2024-09-19,2024-09,Buenos Aires
1726,1726,Martina Castro,Activo,2024-09-19,2024-09,
1727,1727,Mateo Herrera,Activo,2024-09-19,2024-09,Mendoza
1728,1728,Hernán Quiroga,Activo,2024-09-19,2024-09,Buenos Aires
1729,1729,Romina Romero,Activo,2024-09-20,2024-09,Córdoba
1730,1730,Nicolás Suárez,Activo,2024-09-20,2024-09,Buenos Aires
1731,1731,Joaquín Romero,Activo,2024-09-20,2024-09,
1732,1732,Micaela Fernández,Activo,2024-09-20,2024-09,Mendoza
1733,1733,Daniela Carrizo,Activo,2024-09-20,2024-09,Córdoba
1734,1734,Ignacio Núñez,Activo,2024-09-21,2024-09,Córdoba
1735,1735,Gonzalo Godoy,Activo,2024-09-21,2024-09,Mendoza
1736,1736,Juan López,Activo,2024-09-21,2024-09,Buenos Aires
1737,1737,Ezequiel Gómez,Activo,2024-09-21,2024-09,
1738,1738,Antonella Sosa,Activo,2024-09-21,2024-09,Buenos Aires
1739,1739,Gonzalo Sánchez,Activo,2024-09-21,2024-09,Mendoza
1740,1740,Leandro Ponce,Activo,2024-09-21,2024-09,Buenos Aires
1741,1741,Paula Martínez,Activo,2024-09-22,2024-09,Buenos Aires
1742,1742,Daniela Rodríguez,Activo,2024-09-22,2024-09,Santa Fe
1743,1743,Belén Luna,Activo,2024-09-22,2024-09,Córdoba
1744,1744,Ana Giménez,Inactivo,2024-09-23,2024-09,Santa Fe
1745,1745,Romina Gutiérrez,Activo,2024-09-23,2024-09,
1746,1746,Joaquín Quiroga,Activo,2024-09-23,2024-09,Buenos Aires
1747,1747,Lucas Benítez,Activo,2024-09-23,2024-09,
1748,1748,Martín Romero,Activo,2024-09-24,2024-09,Santa Fe
1749,1749,Tomás Muñoz,Activo,2024-09-24,2024-09,
1750,1750,Santiago Juárez,Activo,2024-09-24,2024-09,Santa Fe
1751,1751,Juan Morales,Activo,2024-09-24,2024-09,Mendoza
1752,1752,Mateo Castillo,Inactivo,2024-09-24,2024-09,Mendoza
1753,1753,Santiago Cabrera,Activo,2024-09-24,2024-09,Santa Fe
1754,1754,Luciana Ojeda,Activo,2024-09-25,2024-09,Buenos Aires
1755,1755,Silvina Cabrera,Activo,2024-09-25,2024-09,Buenos Aires
1756,1756,Hernán Flores,Activo,2024-09-26,2024-09,Buenos Aires
1757,1757,Romina Acosta,Activo,2024-09-26,2024-09,
1758,1758,Ana Fernández,Activo,2024-09-26,2024-09,
1759,1759,Ana Juárez,Activo,2024-09-26,2024-09,
1760,1760,Micaela González,Activo,2024-09-26,2024-09,
1761,1761,Gonzalo Gutiérrez,Activo,2024-09-27,2024-09,
1762,1762,Sebastián Benítez,Activo,2024-09-28,2024-09,Córdoba
1763,1763,Antonella Rodríguez,Activo,2024-09-28,2024-09,
1764,1764,Pablo Quiroga,Activo,2024-09-28,2024-09,Buenos Aires
1765,1765,Matías Torres,Activo,2024-09-28,2024-09,Buenos Aires
1766,1766,Joaquín Núñez,Activo,2024-09-29,2024-09,Córdoba
1767,1767,Gonzalo Rojas,Activo,2024-09-29,2024-09,Buenos Aires
1768,1768,Sebastián Ponce,Activo,2024-09-29,2024-09,Santa Fe
1769,1769,Florencia Martínez,Activo,2024-09-30,2024-09,Buenos Aires
1770,1770,Emiliano Flores,Inactivo,2024-09-30,2024-09,Buenos Aires
1771,1771,Santiago Ojeda,Activo,2024-10-01,2024-10,Buenos Aires
1772,1772,Pablo Aguirre,Activo,2024-10-01,2024-10,Santa Fe
1773,1773,Romina Acosta,Activo,2024-10-01,2024-10,Buenos Aires
1774,1774,Emiliano Castillo,Activo,2024-10-02,2024-10,Buenos Aires
1775,1775,Joaquín Ruiz,Activo,2024-10-02,2024-10,
1776,1776,Matías Ojeda,Activo,2024-10-03,2024-10,Santa Fe
1777,1777,Martina Ríos,Activo,2024-10-03,2024-10,Buenos Aires
1778,1778,Gabriel Quiroga,Activo,2024-10-03,2024-10,Buenos Aires
1779,1779,Romina Pereyra,Activo,2024-10-03,2024-10,Buenos Aires
1780,1780,Alejandro Medina,Activo,2024-10-03,2024-10,Buenos Aires
1781,1781,Antonella Moreno,Activo,2024-10-04,2024-10,
1782,1782,Sebastián González,Activo,2024-10-04,2024-10,
1783,1783,Mateo Rodríguez,Activo,2024-10-04,2024-10,Santa Fe
1784,1784,Facundo Quiroga,Activo,2024-10-04,2024-10,Santa Fe
1785,1785,Agustina Álvarez,Activo,2024-10-05,2024-10,Santa Fe
1786,1786,Facundo Domínguez,Activo,2024-10-05,2024-10,Mendoza
1787,1787,Micaela Silva,Activo,2024-10-05,2024-10,Córdoba
1788,1788,Catalina Suárez,Activo,2024-10-05,2024-10,Buenos Aires
1789,1789,Leandro Carrizo,Activo,2024-10-05,2024-10,Santa Fe
1790,1790,Ramiro Ledesma,Activo,2024-10-05,2024-10,Buenos Aires
1791,1791,Mateo Giménez,Inactivo,2024-10-06,2024-10,Santa Fe
1792,1792,Ignacio Herrera,Activo,2024-10-07,2024-10,
1793,1793,Milagros Cabrera,Activo,2024-10-07,2024-10,Buenos Aires
1794,1794,Alejandro Ramírez,Activo,2024-10-08,2024-10,Santa Fe
1795,1795,Julieta Flores,Activo,2024-10-08,2024-10,Santa Fe
1796,1796,Silvina Torres,Inactivo,2024-10-09,2024-10,Buenos Aires
1797,1797,Facundo Morales,Inactivo,2024-10-09,2024-10,Buenos Aires
1798,1798,Martina Silva,Inactivo,2024-10-09,2024-10,Buenos Aires
1799,1799,Ignacio Aguirre,Activo,2024-10-09,2024-10,Córdoba
1800,1800,Lucas Quiroga,Activo,2024-10-09,2024-10,
1801,1801,Micaela Suárez,Activo,2024-10-10,2024-10,Santa Fe
1802,1802,Victoria Ponce,Activo,2024-10-10,2024-10,Mendoza
1803,1803,Facundo Álvarez,Activo,2024-10-10,2024-10,
1804,1804,Hernán Molina,Activo,2024-10-10,2024-10,
1805,1805,Gonzalo Castro,Inactivo,2024-10-10,2024-10,
1806,1806,Paula Sánchez,Activo,2024-10-11,2024-10,Buenos Aires
1807,1807,Lucía García,Activo,2024-10-11,2024-10,
1808,1808,Pablo Álvarez,Activo,2024-10-11,2024-10,Córdoba
1809,1809,María Aguirre,Activo,2024-10-11,2024-10,
1810,1810,Luciana Rojas,Activo,2024-10-11,2024-10,Santa Fe
1811,1811,Federico Gutiérrez,Activo,2024-10-11,2024-10,Buenos Aires
1812,1812,Ana Juárez,Activo,2024-10-11,2024-10,Mendoza
1813,1813,Sofía Ponce,Activo,2024-10-12,2024-10,Buenos Aires
1814,1814,Santiago Álvarez,Activo,2024-10-12,2024-10,Mendoza
1815,1815,Ezequiel Ojeda,Activo,2024-10-12,2024-10,Santa Fe
1816,1816,Natalia Sosa,Activo,2024-10-12,2024-10,Buenos Aires
1817,1817,Santiago González,Activo,2024-10-12,2024-10,
1818,1818,Agustina Pérez,Inactivo,2024-10-12,2024-10,
1819,1819,Silvina Ponce,Activo,2024-10-12,2024-10,Mendoza
1820,1820,Mateo Fernández,Activo,2024-10-12,2024-10,Córdoba
1821,1821,Alejandro Molina,Activo,2024-10-12,2024-10,Santa Fe
1822,1822,Sofía Gómez,Activo,2024-10-12,2024-10,
1823,1823,Brenda Martínez,Activo,2024-10-12,2024-10,Mendoza
1824,1824,Valentina Romero,Activo,2024-10-12,2024-10,Mendoza
1825,1825,Juan Giménez,Activo,2024-10-13,2024-10,Buenos Aires
1826,1826,Pablo Morales,Activo,2024-10-13,2024-10,Santa Fe
1827,1827,Ezequiel Ríos,Activo,2024-10-13,2024-10,Santa Fe
1828,1828,Emiliano Silva,Activo,2024-10-14,2024-10,Mendoza
1829,1829,Sofía Gómez,Activo,2024-10-14,2024-10,
1830,1830,Federico Domínguez,Activo,2024-10-14,2024-10,Buenos Aires
1831,1831,Natalia Muñoz,Activo,2024-10-14,2024-10,
1832,1832,Catalina Álvarez,Activo,2024-10-14,2024-10,
1833,1833,Martín Pereyra,Activo,2024-10-15,2024-10,Córdoba
1834,1834,Martín Moreno,Inactivo,2024-10-15,2024-10,Córdoba
1835,1835,Nicolás Giménez,Activo,2024-10-15,2024-10,Santa Fe
1836,1836,Brenda Torres,Activo,2024-10-15,2024-10,
1837,1837,Paula Ortiz,Activo,2024-10-15,2024-10,Buenos Aires
1838,1838,Martín Martínez,Activo,2024-10-16,2024-10,
1839,1839,Franco Gutiérrez,Activo,2024-10-16,2024-10,Mendoza
1840,1840,Diego Giménez,Activo,2024-10-16,2024-10,
1841,1841,Catalina Romero,Activo,2024-10-17,2024-10,Buenos Aires
1842,1842,Ezequiel Pérez,Activo,2024-10-17,2024-10,Córdoba
1843,1843,Luciana Ruiz,Activo,2024-10-17,2024-10,
1844,1844,María Molina,Activo,2024-10-17,2024-10,Mendoza
1845,1845,Facundo Acosta,Activo,2024-10-17,2024-10,Mendoza
1846,1846,Lucas Álvarez,Activo,2024-10-17,2024-10,
1847,1847,Paula Aguirre,Activo,2024-10-18,2024-10,Buenos Aires
1848,1848,Lucía Pérez,Activo,2024-10-18,2024-10,
1849,1849,Catalina Ojeda,Activo,2024-10-18,2024-10,Buenos Aires
1850,1850,Lucas Ojeda,Activo,2024-10-19,2024-10,Buenos Aires
1851,1851,Silvina Juárez,Activo,2024-10-20,2024-10,Mendoza
1852,1852,Gabriel Herrera,Activo,2024-10-20,2024-10,Santa Fe
1853,1853,Gabriel Suárez,Activo,2024-10-21,2024-10,Buenos Aires
1854,1854,Belén Carrizo,Activo,2024-10-22,2024-10,Buenos Aires
1855,1855,Joaquín Pereyra,Activo,2024-10-22,2024-10,Buenos Aires
1856,1856,Santiago Romero,Activo,2024-10-22,2024-10,
1857,1857,Pablo Álvarez,Activo,2024-10-22,2024-10,Mendoza
1858,1858,Martín Pérez,Activo,2024-10-22,2024-10,Mendoza
1859,1859,Juan Domínguez,Activo,2024-10-22,2024-10,Santa Fe
1860,1860,Catalina Luna,Activo,2024-10-22,2024-10,Córdoba
1861,1861,Sofía Núñez,Activo,2024-10-23,2024-10,
1862,1862,Camila Castillo,Activo,2024-10-23,2024-10,Mendoza
1863,1863,Romina Molina,Activo,2024-10-23,2024-10,Santa Fe
1864,1864,Valentina Núñez,Activo,2024-10-23,2024-10,Mendoza
1865,1865,Daniela Rodríguez,Inactivo,2024-10-24,2024-10,Córdoba
1866,1866,Lucas Herrera,Activo,2024-10-24,2024-10,Córdoba
1867,1867,Natalia Núñez,Activo,2024-10-25,2024-10,Buenos Aires
1868,1868,Romina Herrera,Inactivo,2024-10-25,2024-10,Santa Fe
1869,1869,Camila Carrizo,Activo,2024-10-25,2024-10,
1870,1870,Emiliano Gutiérrez,Activo,2024-10-25,2024-10,Santa Fe
1871,1871,Julieta Medina,Activo,2024-10-25,2024-10,Mendoza
1872,1872,Carolina Giménez,Activo,2024-10-25,2024-10,Santa Fe
1873,1873,Hernán Gómez,Activo,2024-10-25,2024-10,
1874,1874,Nicolás Ponce,Activo,2024-10-26,2024-10,Córdoba
1875,1875,Gonzalo Ponce,Activo,2024-10-26,2024-10,Santa Fe
1876,1876,Mateo Muñoz,Activo,2024-10-26,2024-10,Buenos Aires
1877,1877,Micaela Aguirre,Activo,2024-10-26,2024-10,
1878,1878,Juan Herrera,Activo,2024-10-26,2024-10,Córdoba
1879,1879,Brenda Gutiérrez,Activo,2024-10-27,2024-10,Córdoba
1880,1880,Romina González,Activo,2024-10-27,2024-10,Córdoba
1881,1881,Martina Godoy,Activo,2024-10-27,2024-10,Buenos Aires
1882,1882,Valentina Rojas,Activo,2024-10-28,2024-10,Buenos Aires
1883,1883,Tomás Castillo,Inactivo,2024-10-28,2024-10,Mendoza
1884,1884,Matías Ramírez,Inactivo,2024-10-28,2024-10,Buenos Aires
1885,1885,María Godoy,Activo,2024-10-28,2024-10,Mendoza
1886,1886,María Sánchez,Activo,2024-10-28,2024-10,
1887,1887,Paula Ponce,Activo,2024-10-28,2024-10,Santa Fe
1888,1888,Natalia Quiroga,Activo,2024-10-28,2024-10,Buenos Aires
1889,1889,Ana Flores,Activo,2024-10-29,2024-10,Santa Fe
1890,1890,Paula Peralta,Activo,2024-10-29,2024-10,Santa Fe
1891,1891,Agustina García,Activo,2024-10-30,2024-10,Córdoba
1892,1892,Julieta Pérez,Activo,2024-10-30,2024-10,Santa Fe
1893,1893,Florencia Pérez,Activo,2024-10-30,2024-10,Córdoba
1894,1894,Martín Moreno,Activo,2024-10-30,2024-10,Buenos Aires
1895,1895,Daniela Ponce,Activo,2024-10-30,2024-10,
1896,1896,Brenda Moreno,Inactivo,2024-10-30,2024-10,
1897,1897,Diego Álvarez,Activo,2024-10-31,2024-10,Buenos Aires
1898,1898,Valentina Sánchez,Activo,2024-10-31,2024-10,
1899,1899,Lucas Medina,Activo,2024-10-31,2024-10,
1900,1900,Benjamín Pereyra,Activo,2024-11-01,2024-11,
1901,1901,Sebastián Ferreyra,Activo,2024-11-01,2024-11,Santa Fe
1902,1902,Nicolás Ruiz,Activo,2024-11-01,2024-11,Santa Fe
1903,1903,Tomás Pérez,Activo,2024-11-01,2024-11,Córdoba
1904,1904,Tomás Ledesma,Activo,2024-11-02,2024-11,
1905,1905,Florencia Núñez,Activo,2024-11-02,2024-11,Mendoza
1906,1906,Daniela Núñez,Activo,2024-11-02,2024-11,Buenos Aires
1907,1907,Ignacio Carrizo,Activo,2024-11-03,2024-11,Mendoza
1908,1908,Micaela Quiroga,Activo,2024-11-03,2024-11,Córdoba
1909,1909,Matías García,Activo,2024-11-03,2024-11,Buenos Aires
1910,1910,Victoria Gutiérrez,Inactivo,2024-11-03,2024-11,Santa Fe
1911,1911,Diego Ferreyra,Activo,2024-11-04,2024-11,Santa Fe
1912,1912,Ignacio Ojeda,Activo,2024-11-04,2024-11,Santa Fe
1913,1913,Martina Rodríguez,Inactivo,2024-11-04,2024-11,Santa Fe
1914,1914,Carolina Giménez,Activo,2024-11-04,2024-11,Santa Fe
1915,1915,Julieta Herrera,Activo,2024-11-04,2024-11,Mendoza
1916,1916,Martina Vega,Activo,2024-11-04,2024-11,Buenos Aires
1917,1917,Tomás Ledesma,Inactivo,2024-11-05,2024-11,Buenos Aires
1918,1918,Federico Moreno,Inactivo,2024-11-05,2024-11,Córdoba
1919,1919,Santiago Carrizo,Activo,2024-11-05,2024-11,Buenos Aires
1920,1920,Catalina Gutiérrez,Activo,2024-11-05,2024-11,Buenos Aires
1921,1921,Milagros Ramírez,Activo,2024-11-05,2024-11,Mendoza
1922,1922,Emiliano Sánchez,Activo,2024-11-05,2024-11,Mendoza
1923,1923,Joaquín Moreno,Activo,2024-11-05,2024-11,Mendoza
1924,1924,Nicolás González,Activo,2024-11-06,2024-11,Buenos Aires
1925,1925,Romina Núñez,Activo,2024-11-06,2024-11,Córdoba
1926,1926,Micaela Ríos,Activo,2024-11-06,2024-11,Córdoba
1927,1927,Nicolás Díaz,Activo,2024-11-06,2024-11,Buenos Aires
1928,1928,Romina Morales,Activo,2024-11-06,2024-11,Córdoba
1929,1929,Lucía Cabrera,Activo,2024-11-06,2024-11,Buenos Aires
1930,1930,Leandro Ríos,Activo,2024-11-06,2024-11,Buenos Aires
1931,1931,Gonzalo Ferreyra,Activo,2024-11-06,2024-11,Córdoba
1932,1932,Romina Ledesma,Activo,2024-11-06,2024-11,Córdoba
1933,1933,Martina Ramírez,Activo,2024-11-07,2024-11,
1934,1934,Ezequiel Muñoz,Activo,2024-11-07,2024-11,Buenos Aires
1935,1935,Ramiro Ortiz,Activo,2024-11-07,2024-11,Córdoba
1936,1936,Ezequiel Ojeda,Activo,2024-11-08,2024-11,Córdoba
1937,1937,Hernán Morales,Activo,2024-11-08,2024-11,
1938,1938,Carolina Rodríguez,Activo,2024-11-08,2024-11,
1939,1939,Sebastián Pérez,Activo,2024-11-08,2024-11,Buenos Aires
1940,1940,Lucía Ponce,Activo,2024-11-09,2024-11,Córdoba
1941,1941,Julieta Fernández,Activo,2024-11-09,2024-11,Córdoba
1942,1942,Franco Cabrera,Activo,2024-11-09,2024-11,
1943,1943,Mateo Pérez,Activo,2024-11-09,2024-11,Santa Fe
1944,1944,Ignacio Ríos,Activo,2024-11-09,2024-11,Buenos Aires
1945,1945,Facundo Sánchez,Activo,2024-11-09,2024-11,Mendoza
1946,1946,Brenda Muñoz,Activo,2024-11-09,2024-11,Córdoba
1947,1947,Rocío Peralta,Activo,2024-11-09,2024-11,Santa Fe
1948,1948,Ezequiel Ramírez,Activo,2024-11-11,2024-11,
1949,1949,Gabriel Gómez,Activo,2024-11-11,2024-11,Buenos Aires
1950,1950,Sebastián Álvarez,Activo,2024-11-12,2024-11,Buenos Aires
1951,1951,Pablo Ferreyra,Activo,2024-11-12,2024-11,Buenos Aires
1952,1952,Diego Moreno,Activo,2024-11-12,2024-11,
1953,1953,Leandro Pereyra,Activo,2024-11-12,2024-11,Mendoza
1954,1954,Gonzalo Pereyra,Activo,2024-11-12,2024-11,Buenos Aires
1955,1955,Belén González,Activo,2024-11-12,2024-11,Buenos Aires
1956,1956,Belén Álvarez,Activo,2024-11-13,2024-11,Buenos Aires
1957,1957,Martín Núñez,Activo,2024-11-13,2024-11,Córdoba
1958,1958,Martina Benítez,Inactivo,2024-11-13,2024-11,
1959,1959,Leandro López,Activo,2024-11-13,2024-11,Córdoba
1960,1960,Pablo Torres,Activo,2024-11-13,2024-11,Córdoba
1961,1961,Diego Molina,Activo,2024-11-13,2024-11,Buenos Aires
1962,1962,Natalia Quiroga,Activo,2024-11-13,2024-11,
1963,1963,Joaquín Aguirre,Activo,2024-11-13,2024-11,Buenos Aires
1964,1964,Luciana Pereyra,Activo,2024-11-14,2024-11,Mendoza
1965,1965,Camila Flores,Activo,2024-11-14,2024-11,Buenos Aires
1966,1966,Julieta Aguirre,Activo,2024-11-14,2024-11,Buenos Aires
1967,1967,Natalia Pereyra,Inactivo,2024-11-14,2024-11,Buenos Aires
1968,1968,Silvina Quiroga,Activo,2024-11-14,2024-11,
1969,1969,Joaquín Suárez,Activo,2024-11-14,2024-11,Buenos Aires
1970,1970,Julieta Ortiz,Activo,2024-11-14,2024-11,Santa Fe
1971,1971,Daniela Peralta,Activo,2024-11-14,2024-11,Buenos Aires
1972,1972,Catalina Suárez,Activo,2024-11-15,2024-11,Mendoza
1973,1973,Ramiro Ramírez,Activo,2024-11-15,2024-11,Córdoba
1974,1974,Lucas Pereyra,Activo,2024-11-15,2024-11,
1975,1975,Emiliano Rojas,Activo,2024-11-16,2024-11,Mendoza
1976,1976,Lucía Medina,Activo,2024-11-16,2024-11,Córdoba
1977,1977,Sebastián Moreno,Activo,2024-11-16,2024-11,Santa Fe
1978,1978,Brenda Castillo,Activo,2024-11-16,2024-11,Buenos Aires
1979,1979,Sofía Quiroga,Activo,2024-11-16,2024-11,Mendoza
1980,1980,Santiago Rojas,Activo,2024-11-16,2024-11,Santa Fe
1981,1981,Diego Rojas,Activo,2024-11-17,2024-11,Córdoba
1982,1982,Ana Godoy,Activo,2024-11-18,2024-11,Buenos Aires
1983,1983,Milagros Vega,Activo,2024-11-18,2024-11,Córdoba
1984,1984,Lucas Peralta,Activo,2024-11-18,2024-11,Buenos Aires
1985,1985,Julieta Torres,Activo,2024-11-19,2024-11,
1986,1986,Hernán Rojas,Activo,2024-11-19,2024-11,
1987,1987,Rocío Acosta,Activo,2024-11-19,2024-11,
1988,1988,Paula Molina,Activo,2024-11-19,2024-11,Mendoza
1989,1989,Alejandro Romero,Activo,2024-11-19,2024-11,Buenos Aires
1990,1990,Martina Ramírez,Activo,2024-11-19,2024-11,
1991,1991,Federico Pérez,Activo,2024-11-19,2024-11,Córdoba
1992,1992,Federico Juárez,Activo,2024-11-20,2024-11,Buenos Aires
1993,1993,Julieta Carrizo,Activo,2024-11-20,2024-11,Santa Fe
1994,1994,Joaquín Domínguez,Activo,2024-11-20,2024-11,Buenos Aires
1995,1995,Belén Pereyra,Inactivo,2024-11-20,2024-11,Santa Fe
1996,1996,Federico Fernández,Activo,2024-11-21,2024-11,
1997,1997,Ezequiel Muñoz,Activo,2024-11-21,2024-11,Buenos Aires
1998,1998,Joaquín Molina,Activo,2024-11-22,2024-11,Santa Fe
1999,1999,Martín Sosa,Activo,2024-11-22,2024-11,Buenos Aires
2000,2000,Joaquín García,Activo,2024-11-22,2024-11,Mendoza
2001,2001,Sebastián Aguirre,Inactivo,2024-11-22,2024-11,
2002,2002,Ramiro Ríos,Activo,2024-11-22,2024-11,Buenos Aires
2003,2003,Antonella Cabrera,Activo,2024-11-22,2024-11,Buenos Aires
2004,2004,Daniela Silva,Activo,2024-11-22,2024-11,Santa Fe
2005,2005,Romina Quiroga,Activo,2024-11-22,2024-11,Córdoba
2006,2006,Lucía Aguirre,Activo,2024-11-22,2024-11,Córdoba
2007,2007,Ezequiel Flores,Activo,2024-11-23,2024-11,
2008,2008,Milagros Quiroga,Activo,2024-11-23,2024-11,Santa Fe
2009,2009,Lucas Ruiz,Activo,2024-11-23,2024-11,Buenos Aires
2010,2010,María Suárez,Activo,2024-11-24,2024-11,Santa Fe
2011,2011,Sofía Medina,Inactivo,2024-11-24,2024-11,Córdoba
2012,2012,Micaela González,Activo,2024-11-24,2024-11,Buenos Aires
2013,2013,Federico Romero,Activo,2024-11-24,2024-11,
2014,2014,Romina Rodríguez,Activo,2024-11-25,2024-11,Buenos Aires
2015,2015,Diego Herrera,Activo,2024-11-25,2024-11,Santa Fe
2016,2016,Mateo Quiroga,Activo,2024-11-25,2024-11,Buenos Aires
2017,2017,Martina Ponce,Activo,2024-11-26,2024-11,
2018,2018,Martín Sánchez,Activo,2024-11-26,2024-11,Córdoba
2019,2019,Franco Juárez,Activo,2024-11-27,2024-11,Buenos Aires
2020,2020,Gabriel Núñez,Activo,2024-11-27,2024-11,Buenos Aires
2021,2021,Valentina Carrizo,Activo,2024-11-27,2024-11,Mendoza
2022,2022,Ezequiel Silva,Activo,2024-11-27,2024-11,Santa Fe
2023,2023,Ignacio Ledesma,Activo,2024-11-28,2024-11,Santa Fe
2024,2024,Juan Benítez,Inactivo,2024-11-28,2024-11,
2025,2025,Micaela Díaz,Activo,2024-11-28,2024-11,
2026,2026,Pablo Rojas,Activo,2024-11-28,2024-11,
2027,2027,Alejandro Benítez,Activo,2024-11-28,2024-11,Buenos Aires
2028,2028,Camila Morales,Activo,2024-11-28,2024-11,Santa Fe
2029,2029,Brenda Cabrera,Activo,2024-11-28,2024-11,Córdoba
2030,2030,Hernán Sosa,Activo,2024-11-29,2024-11,Buenos Aires
2031,2031,Micaela Díaz,Activo,2024-11-29,2024-11,Santa Fe
2032,2032,Agustina Ojeda,Inactivo,2024-11-29,2024-11,Buenos Aires
2033,2033,Catalina Ferreyra,Activo,2024-11-29,2024-11,Buenos Aires
2034,2034,María Luna,Inactivo,2024-11-29,2024-11,
2035,2035,Franco Benítez,Activo,2024-11-29,2024-11,Mendoza
2036,2036,Alejandro Domínguez,Activo,2024-11-29,2024-11,Córdoba
2037,2037,Romina Medina,Activo,2024-11-30,2024-11,Buenos Aires
2038,2038,Martín Ríos,Activo,2024-11-30,2024-11,Mendoza
2039,2039,Pablo Castro,Activo,2024-11-30,2024-11,
2040,2040,Lucas Aguirre,Activo,2024-11-30,2024-11,
2041,2041,Carolina Rodríguez,Activo,2024-11-30,2024-11,
2042,2042,Victoria Quiroga,Activo,2024-11-30,2024-11,
2043,2043,Tomás Rodríguez,Activo,2024-12-01,2024-12,
2044,2044,Mateo Sosa,Activo,2024-12-01,2024-12,Buenos Aires
2045,2045,Pablo Godoy,Activo,2024-12-01,2024-12,Buenos Aires
2046,2046,Natalia Ruiz,Activo,2024-12-01,2024-12,Santa Fe
2047,2047,Brenda Sosa,Activo,2024-12-01,2024-12,Córdoba
2048,2048,Santiago Ramírez,Inactivo,2024-12-01,2024-12,Córdoba
2049,2049,Belén Ramírez,Inactivo,2024-12-01,2024-12,Mendoza
2050,2050,Florencia Flores,Activo,2024-12-02,2024-12,Buenos Aires
2051,2051,Joaquín Ponce,Activo,2024-12-02,2024-12,Buenos Aires
2052,2052,Agustina Domínguez,Activo,2024-12-02,2024-12,Buenos Aires
2053,2053,Juan Núñez,Activo,2024-12-02,2024-12,Santa Fe
2054,2054,Carolina García,Inactivo,2024-12-02,2024-12,Córdoba
2055,2055,Luciana Molina,Activo,2024-12-02,2024-12,Buenos Aires
2056,2056,Ana Martínez,Activo,2024-12-02,2024-12,
2057,2057,Romina Ferreyra,Inactivo,2024-12-02,2024-12,Santa Fe
2058,2058,Rocío Juárez,Activo,2024-12-03,2024-12,Córdoba
2059,2059,Paula Medina,Activo,2024-12-03,2024-12,Santa Fe
2060,2060,Romina Torres,Activo,2024-12-03,2024-12,Buenos Aires
2061,2061,Hernán González,Activo,2024-12-03,2024-12,
2062,2062,Juan Herrera,Activo,2024-12-03,2024-12,Mendoza
2063,2063,Brenda Giménez,Activo,2024-12-03,2024-12,Buenos Aires
2064,2064,Facundo Ferreyra,Activo,2024-12-03,2024-12,
2065,2065,Lucas López,Activo,2024-12-03,2024-12,Buenos Aires
2066,2066,Gabriel Muñoz,Activo,2024-12-04,2024-12,
2067,2067,Rocío Torres,Activo,2024-12-04,2024-12,
2068,2068,María Morales,Activo,2024-12-04,2024-12,Buenos Aires
2069,2069,Matías Romero,Activo,2024-12-04,2024-12,Santa Fe
2070,2070,Hernán Acosta,Activo,2024-12-05,2024-12,
2071,2071,Natalia Molina,Activo,2024-12-06,2024-12,Buenos Aires
2072,2072,Micaela García,Activo,2024-12-06,2024-12,Buenos Aires
2073,2073,Antonella Rojas,Activo,2024-12-07,2024-12,
2074,2074,Florencia Ortiz,Activo,2024-12-07,2024-12,Mendoza
2075,2075,Juan Luna,Activo,2024-12-07,2024-12,Mendoza
2076,2076,Hernán Peralta,Activo,2024-12-08,2024-12,Buenos Aires
2077,2077,Camila Flores,Activo,2024-12-08,2024-12,Mendoza
2078,2078,Ezequiel Acosta,Activo,2024-12-08,2024-12,Mendoza
2079,2079,Lucía Ojeda,Activo,2024-12-08,2024-12,Buenos Aires
2080,2080,Benjamín Sosa,Activo,2024-12-08,2024-12,Buenos Aires
2081,2081,Sebastián Sánchez,Activo,2024-12-08,2024-12,Córdoba
2082,2082,Florencia Suárez,Activo,2024-12-08,2024-12,Santa Fe
2083,2083,Ana Ledesma,Activo,2024-12-09,2024-12,Córdoba
2084,2084,Benjamín Quiroga,Activo,2024-12-09,2024-12,
2085,2085,María Flores,Activo,2024-12-09,2024-12,Córdoba
2086,2086,Benjamín Castro,Activo,2024-12-10,2024-12,Córdoba
2087,2087,Tomás Romero,Activo,2024-12-10,2024-12,Buenos Aires
2088,2088,Victoria González,Activo,2024-12-10,2024-12,
2089,2089,Tomás Martínez,Activo,2024-12-10,2024-12,Santa Fe
2090,2090,Paula Silva,Activo,2024-12-10,2024-12,
2091,2091,Belén Castillo,Activo,2024-12-10,2024-12,
2092,2092,Juan Medina,Activo,2024-12-10,2024-12,Córdoba
2093,2093,Martina Luna,Activo,2024-12-10,2024-12,Buenos Aires
2094,2094,Brenda Ortiz,Activo,2024-12-10,2024-12,Santa Fe
2095,2095,Pablo Gómez,Activo,2024-12-11,2024-12,Buenos Aires
2096,2096,Florencia Godoy,Activo,2024-12-11,2024-12,
2097,2097,Micaela Ferreyra,Activo,2024-12-11,2024-12,Buenos Aires
2098,2098,Federico Rojas,Activo,2024-12-11,2024-12,Córdoba
2099,2099,Florencia Morales,Activo,2024-12-11,2024-12,
2100,2100,Catalina Romero,Activo,2024-12-11,2024-12,Mendoza
2101,2101,Micaela Benítez,Activo,2024-12-11,2024-12,Santa Fe
2102,2102,Nicolás Castro,Activo,2024-12-12,2024-12,Córdoba
2103,2103,Ignacio Cabrera,Activo,2024-12-12,2024-12,Mendoza
2104,2104,Ramiro Ledesma,Activo,2024-12-12,2024-12,
2105,2105,Gabriel Flores,Activo,2024-12-12,2024-12,Buenos Aires
2106,2106,Sebastián Martínez,Activo,2024-12-12,2024-12,
2107,2107,Mateo Álvarez,Activo,2024-12-12,2024-12,Córdoba
2108,2108,Luciana Moreno,Activo,2024-12-12,2024-12,Córdoba
2109,2109,Hernán Vega,Activo,2024-12-12,2024-12,Buenos Aires
2110,2110,Luciana Morales,Activo,2024-12-12,2024-12,Santa Fe
2111,2111,María Medina,Activo,2024-12-12,2024-12,Buenos Aires
2112,2112,Matías Juárez,Inactivo,2024-12-12,2024-12,Buenos Aires
2113,2113,Florencia Ponce,Activo,2024-12-12,2024-12,Santa Fe
2114,2114,María Luna,Activo,2024-12-12,2024-12,Buenos Aires
2115,2115,Paula Sánchez,Activo,2024-12-13,2024-12,Buenos Aires
2116,2116,Julieta Torres,Activo,2024-12-13,2024-12,Buenos Aires
2117,2117,Santiago Herrera,Activo,2024-12-13,2024-12,Santa Fe
2118,2118,Micaela Quiroga,Activo,2024-12-13,2024-12,
2119,2119,Agustina Godoy,Activo,2024-12-13,2024-12,Mendoza
2120,2120,Camila Morales,Activo,2024-12-13,2024-12,
2121,2121,Brenda Ponce,Activo,2024-12-13,2024-12,
2122,2122,Antonella Pereyra,Activo,2024-12-13,2024-12,
2123,2123,Julieta Benítez,Activo,2024-12-13,2024-12,
2124,2124,Luciana Castillo,Activo,2024-12-13,2024-12,Buenos Aires
2125,2125,Antonella Romero,Activo,2024-12-13,2024-12,Buenos Aires
2126,2126,Santiago Ríos,Activo,2024-12-13,2024-12,
2127,2127,Hernán López,Activo,2024-12-14,2024-12,Córdoba
2128,2128,Valentina Gutiérrez,Activo,2024-12-14,2024-12,Córdoba
2129,2129,Sofía Ruiz,Activo,2024-12-14,2024-12,
2130,2130,Romina Luna,Activo,2024-12-14,2024-12,Buenos Aires
2131,2131,Luciana Flores,Activo,2024-12-15,2024-12,Buenos Aires
2132,2132,Catalina Gutiérrez,Activo,2024-12-15,2024-12,
2133,2133,Franco Romero,Activo,2024-12-15,2024-12,Santa Fe
2134,2134,Valentina Carrizo,Activo,2024-12-15,2024-12,Córdoba
2135,2135,María López,Activo,2024-12-15,2024-12,Santa Fe
2136,2136,Daniela Quiroga,Activo,2024-12-15,2024-12,Buenos Aires
2137,2137,Santiago Luna,Activo,2024-12-16,2024-12,Santa Fe
2138,2138,Lucas Juárez,Activo,2024-12-16,2024-12,Buenos Aires
2139,2139,Hernán Gómez,Activo,2024-12-16,2024-12,Buenos Aires
2140,2140,Mateo Rodríguez,Activo,2024-12-16,2024-12,Santa Fe
2141,2141,Benjamín Peralta,Activo,2024-12-16,2024-12,Córdoba
2142,2142,Gonzalo Benítez,Activo,2024-12-16,2024-12,Buenos Aires
2143,2143,Pablo Castro,Activo,2024-12-16,2024-12,
2144,2144,Gabriel Fernández,Inactivo,2024-12-16,2024-12,
2145,2145,Micaela Ledesma,Activo,2024-12-17,2024-12,Santa Fe
2146,2146,Pablo Rojas,Activo,2024-12-17,2024-12,Buenos Aires
2147,2147,Natalia Benítez,Activo,2024-12-17,2024-12,Buenos Aires
2148,2148,Ana Gutiérrez,Activo,2024-12-17,2024-12,Buenos Aires
2149,2149,Milagros Flores,Activo,2024-12-17,2024-12,Santa Fe
2150,2150,Martina Romero,Activo,2024-12-18,2024-12,Mendoza
2151,2151,Sofía Moreno,Inactivo,2024-12-18,2024-12,
2152,2152,Santiago Pérez,Activo,2024-12-18,2024-12,
2153,2153,Emiliano González,Activo,2024-12-18,2024-12,Córdoba
2154,2154,Nicolás Aguirre,Activo,2024-12-18,2024-12,Buenos Aires
2155,2155,Sebastián Ledesma,Activo,2024-12-19,2024-12,Córdoba
2156,2156,Florencia Benítez,Activo,2024-12-19,2024-12,Córdoba
2157,2157,Federico Quiroga,Activo,2024-12-19,2024-12,Córdoba
2158,2158,Ana Suárez,Activo,2024-12-19,2024-12,
2159,2159,Victoria Benítez,Activo,2024-12-19,2024-12,
2160,2160,Ramiro Muñoz,Activo,2024-12-19,2024-12,Buenos Aires
2161,2161,Santiago Rojas,Activo,2024-12-19,2024-12,Santa Fe
2162,2162,Julieta Sosa,Activo,2024-12-19,2024-12,
2163,2163,Victoria Juárez,Activo,2024-12-19,2024-12,Buenos Aires
2164,2164,Daniela Giménez,Activo,2024-12-19,2024-12,Santa Fe
2165,2165,Victoria Castro,Activo,2024-12-20,2024-12,Santa Fe
2166,2166,Ramiro Giménez,Activo,2024-12-20,2024-12,
2167,2167,Rocío Rojas,Activo,2024-12-20,2024-12,
2168,2168,Mateo Domínguez,Activo,2024-12-20,2024-12,
2169,2169,Martín Ruiz,Activo,2024-12-20,2024-12,Buenos Aires
2170,2170,Rocío Godoy,Activo,2024-12-20,2024-12,
2171,2171,Paula Ríos,Activo,2024-12-20,2024-12,Córdoba
2172,2172,Camila Gutiérrez,Activo,2024-12-20,2024-12,Buenos Aires
2173,2173,Catalina Acosta,Activo,2024-12-20,2024-12,
2174,2174,Valentina Fernández,Activo,2024-12-20,2024-12,
2175,2175,Brenda González,Activo,2024-12-21,2024-12,Buenos Aires
2176,2176,Gonzalo Fernández,Activo,2024-12-21,2024-12,
2177,2177,Milagros Sánchez,Activo,2024-12-21,2024-12,
2178,2178,Martina Vega,Activo,2024-12-21,2024-12,Santa Fe
2179,2179,Victoria Ponce,Activo,2024-12-21,2024-12,Santa Fe
2180,2180,Joaquín Núñez,Activo,2024-12-21,2024-12,Buenos Aires
2181,2181,Alejandro Juárez,Activo,2024-12-22,2024-12,Buenos Aires
2182,2182,Alejandro Juárez,Activo,2024-12-22,2024-12,Buenos Aires
2183,2183,Camila Pérez,Activo,2024-12-22,2024-12,Buenos Aires
2184,2184,Emiliano Núñez,Inactivo,2024-12-22,2024-12,Buenos Aires
2185,2185,Sebastián Muñoz,Activo,2024-12-23,2024-12,Buenos Aires
2186,2186,Ignacio Aguirre,Activo,2024-12-23,2024-12,Córdoba
2187,2187,Paula Díaz,Activo,2024-12-23,2024-12,Santa Fe
2188,2188,Camila López,Activo,2024-12-23,2024-12,Córdoba
2189,2189,Agustina Díaz,Activo,2024-12-23,2024-12,Mendoza
2190,2190,Julieta Rojas,Activo,2024-12-24,2024-12,Buenos Aires
2191,2191,Benjamín Fernández,Activo,2024-12-24,2024-12,Mendoza
2192,2192,Benjamín Molina,Activo,2024-12-24,2024-12,Buenos Aires
2193,2193,Rocío Luna,Activo,2024-12-24,2024-12,Buenos Aires
2194,2194,Ignacio Ferreyra,Activo,2024-12-24,2024-12,Buenos Aires
2195,2195,Ramiro Silva,Activo,2024-12-24,2024-12,
2196,2196,Natalia Martínez,Activo,2024-12-24,2024-12,
2197,2197,Florencia Gutiérrez,Activo,2024-12-24,2024-12,Córdoba
2198,2198,Diego Núñez,Activo,2024-12-24,2024-12,Buenos Aires
2199,2199,Valentina Rojas,Activo,2024-12-24,2024-12,
2200,2200,Alejandro Ruiz,Activo,2024-12-24,2024-12,Córdoba
2201,2201,Hernán Castillo,Inactivo,2024-12-24,2024-12,Buenos Aires
2202,2202,Juan González,Activo,2024-12-24,2024-12,Mendoza
2203,2203,Diego Cabrera,Activo,2024-12-24,2024-12,Córdoba
2204,2204,María Benítez,Activo,2024-12-25,2024-12,Santa Fe
2205,2205,Milagros Díaz,Activo,2024-12-25,2024-12,Buenos Aires
2206,2206,Tomás Morales,Activo,2024-12-26,2024-12,Buenos Aires
2207,2207,Diego González,Inactivo,2024-12-26,2024-12,
2208,2208,Florencia López,Activo,2024-12-26,2024-12,Buenos Aires
2209,2209,Lucas Díaz,Activo,2024-12-26,2024-12,Mendoza
2210,2210,Daniela Ríos,Activo,2024-12-26,2024-12,Buenos Aires
2211,2211,Florencia García,Activo,2024-12-27,2024-12,
2212,2212,Hernán Sánchez,Inactivo,2024-12-27,2024-12,
2213,2213,Sebastián García,Activo,2024-12-27,2024-12,Buenos Aires
2214,2214,Paula Ferreyra,Activo,2024-12-27,2024-12,Mendoza
2215,2215,Romina Quiroga,Activo,2024-12-27,2024-12,
2216,2216,Milagros Muñoz,Activo,2024-12-27,2024-12,Córdoba
2217,2217,Catalina Cabrera,Activo,2024-12-27,2024-12,Santa Fe
2218,2218,Federico Flores,Inactivo,2024-12-27,2024-12,Buenos Aires
2219,2219,Antonella Ponce,Activo,2024-12-27,2024-12,
2220,2220,Paula Herrera,Inactivo,2024-12-27,2024-12,
2221,2221,Nicolás García,Activo,2024-12-27,2024-12,Santa Fe
2222,2222,Martín Ruiz,Activo,2024-12-28,2024-12,Santa Fe
2223,2223,Silvina Ponce,Inactivo,2024-12-28,2024-12,
2224,2224,Belén Gutiérrez,Activo,2024-12-28,2024-12,
2225,2225,Gonzalo Sánchez,Activo,2024-12-28,2024-12,
2226,2226,Santiago Acosta,Activo,2024-12-28,2024-12,Buenos Aires
2227,2227,Carolina Ponce,Activo,2024-12-28,2024-12,Buenos Aires
2228,2228,Alejandro Cabrera,Activo,2024-12-28,2024-12,
2229,2229,María García,Inactivo,2024-12-28,2024-12,Buenos Aires
2230,2230,Ezequiel Ríos,Activo,2024-12-28,2024-12,Buenos Aires
2231,2231,Florencia Rodríguez,Activo,2024-12-29,2024-12,
2232,2232,Sofía Suárez,Activo,2024-12-29,2024-12,Córdoba
2233,2233,Juan Ortiz,Inactivo,2024-12-29,2024-12,
2234,2234,Diego Martínez,Activo,2024-12-29,2024-12,Buenos Aires
2235,2235,Gabriel Ríos,Activo,2024-12-29,2024-12,Córdoba
2236,2236,Lucas Ruiz,Activo,2024-12-30,2024-12,Buenos Aires
2237,2237,Matías Acosta,Activo,2024-12-30,2024-12,Buenos Aires
2238,2238,Federico Torres,Activo,2024-12-30,2024-12,Córdoba
2239,2239,Santiago Herrera,Activo,2024-12-30,2024-12,
2240,2240,Ezequiel Sánchez,Activo,2024-12-31,2024-12,
2241,2241,Agustina Díaz,Activo,2024-12-31,2024-12,
2242,2242,Ana Peralta,Activo,2024-12-31,2024-12,Buenos Aires
2243,2243,Paula Ríos,Activo,2025-01-01,2025-01,Mendoza
2244,2244,Rocío Fernández,Activo,2025-01-01,2025-01,Mendoza
2245,2245,Nicolás Ríos,Activo,2025-01-01,2025-01,Santa Fe
2246,2246,Silvina Morales,Activo,2025-01-01,2025-01,Córdoba
2247,2247,Julieta Silva,Activo,2025-01-02,2025-01,
2248,2248,Tomás Torres,Activo,2025-01-02,2025-01,Buenos Aires
2249,2249,Leandro Ruiz,Activo,2025-01-02,2025-01,Santa Fe
2250,2250,Ana Ojeda,Activo,2025-01-02,2025-01,
2251,2251,Carolina Fernández,Activo,2025-01-02,2025-01,
2252,2252,Ramiro Torres,Activo,2025-01-02,2025-01,
2253,2253,Diego Moreno,Activo,2025-01-02,2025-01,
2254,2254,Ignacio Torres,Activo,2025-01-03,2025-01,Buenos Aires
2255,2255,Belén Romero,Activo,2025-01-03,2025-01,
2256,2256,Milagros Gómez,Activo,2025-01-03,2025-01,Buenos Aires
2257,2257,Sofía Moreno,Activo,2025-01-03,2025-01,
2258,2258,Milagros Ramírez,Activo,2025-01-04,2025-01,Buenos Aires
2259,2259,Benjamín Gómez,Activo,2025-01-04,2025-01,
2260,2260,Catalina Pereyra,Activo,2025-01-04,2025-01,Mendoza
2261,2261,Silvina Benítez,Activo,2025-01-04,2025-01,Buenos Aires
2262,2262,Victoria Gómez,Activo,2025-01-04,2025-01,Córdoba
2263,2263,Luciana Morales,Inactivo,2025-01-04,2025-01,
2264,2264,Rocío Medina,Activo,2025-01-04,2025-01,
2265,2265,Joaquín Peralta,Activo,2025-01-04,2025-01,Santa Fe
2266,2266,Antonella Álvarez,Activo,2025-01-04,2025-01,Mendoza
2267,2267,Natalia Pérez,Activo,2025-01-04,2025-01,Buenos Aires
2268,2268,Catalina Gómez,Activo,2025-01-05,2025-01,
2269,2269,Catalina Álvarez,Activo,2025-01-05,2025-01,Buenos Aires
2270,2270,Paula Ledesma,Activo,2025-01-06,2025-01,Buenos Aires
2271,2271,Tomás Cabrera,Activo,2025-01-06,2025-01,
2272,2272,Valentina Núñez,Activo,2025-01-06,2025-01,
2273,2273,Rocío López,Activo,2025-01-06,2025-01,Buenos Aires
2274,2274,María Núñez,Activo,2025-01-06,2025-01,Santa Fe
2275,2275,Catalina Silva,Activo,2025-01-06,2025-01,
2276,2276,Rocío López,Inactivo,2025-01-07,2025-01,
2277,2277,Catalina Ojeda,Activo,2025-01-07,2025-01,Buenos Aires
2278,2278,Luciana Ferreyra,Activo,2025-01-07,2025-01,Buenos Aires
2279,2279,Ezequiel Pereyra,Activo,2025-01-07,2025-01,Mendoza
2280,2280,Benjamín Aguirre,Activo,2025-01-07,2025-01,Santa Fe
2281,2281,Hernán Flores,Activo,2025-01-07,2025-01,Córdoba
2282,2282,Emiliano Rodríguez,Activo,2025-01-07,2025-01,Buenos Aires
2283,2283,Gabriel Pereyra,Activo,2025-01-07,2025-01,Buenos Aires
2284,2284,Carolina Torres,Activo,2025-01-08,2025-01,Santa Fe
2285,2285,Leandro Medina,Activo,2025-01-08,2025-01,Mendoza
2286,2286,Silvina Pereyra,Activo,2025-01-08,2025-01,Santa Fe
2287,2287,Ramiro Castillo,Activo,2025-01-08,2025-01,
2288,2288,Tomás Carrizo,Activo,2025-01-09,2025-01,Mendoza
2289,2289,Sofía Ferreyra,Activo,2025-01-10,2025-01,Córdoba
2290,2290,Paula Cabrera,Activo,2025-01-10,2025-01,
2291,2291,Leandro Herrera,Activo,2025-01-10,2025-01,Mendoza
2292,2292,Emiliano Godoy,Activo,2025-01-10,2025-01,Buenos Aires
2293,2293,Milagros Rodríguez,Activo,2025-01-10,2025-01,Buenos Aires
2294,2294,Santiago Suárez,Inactivo,2025-01-10,2025-01,Santa Fe
2295,2295,Natalia Ojeda,Activo,2025-01-11,2025-01,Buenos Aires
2296,2296,Agustina Núñez,Inactivo,2025-01-11,2025-01,Córdoba
2297,2297,Ignacio Ramírez,Activo,2025-01-11,2025-01,
2298,2298,Lucía Rodríguez,Activo,2025-01-11,2025-01,Mendoza
2299,2299,Facundo Carrizo,Activo,2025-01-11,2025-01,Córdoba
2300,2300,Milagros Aguirre,Activo,2025-01-11,2025-01,Buenos Aires
2301,2301,Sebastián Silva,Activo,2025-01-12,2025-01,Córdoba
2302,2302,Pablo Godoy,Activo,2025-01-12,2025-01,Santa Fe
2303,2303,Martina Domínguez,Activo,2025-01-12,2025-01,Buenos Aires
2304,2304,Valentina Ferreyra,Activo,2025-01-12,2025-01,
2305,2305,Martín Gutiérrez,Activo,2025-01-12,2025-01,Santa Fe
2306,2306,Sofía Ortiz,Activo,2025-01-13,2025-01,Buenos Aires
2307,2307,Belén González,Activo,2025-01-13,2025-01,Buenos Aires
2308,2308,Emiliano Medina,Activo,2025-01-13,2025-01,Buenos Aires
2309,2309,Tomás García,Activo,2025-01-14,2025-01,
2310,2310,Paula González,Activo,2025-01-14,2025-01,Buenos Aires
2311,2311,Antonella Suárez,Activo,2025-01-14,2025-01,
2312,2312,Nicolás González,Activo,2025-01-14,2025-01,
2313,2313,Diego Rodríguez,Activo,2025-01-14,2025-01,
2314,2314,Rocío Domínguez,Activo,2025-01-15,2025-01,Santa Fe
2315,2315,Lucía Ruiz,Activo,2025-01-15,2025-01,
2316,2316,Hernán Benítez,Activo,2025-01-15,2025-01,Mendoza
2317,2317,Gonzalo Morales,Inactivo,2025-01-15,2025-01,
2318,2318,Gabriel Gómez,Inactivo,2025-01-15,2025-01,
2319,2319,Julieta López,Activo,2025-01-15,2025-01,
2320,2320,Sofía Álvarez,Activo,2025-01-16,2025-01,Córdoba
2321,2321,Martina Ramírez,Activo,2025-01-16,2025-01,Buenos Aires
2322,2322,Silvina Fernández,Activo,2025-01-16,2025-01,Buenos Aires
2323,2323,Matías Rodríguez,Activo,2025-01-16,2025-01,Buenos Aires
2324,2324,Lucas Fernández,Activo,2025-01-16,2025-01,Buenos Aires
2325,2325,Gonzalo Juárez,Activo,2025-01-17,2025-01,Córdoba
2326,2326,Rocío García,Activo,2025-01-17,2025-01,
2327,2327,Mateo Carrizo,Activo,2025-01-17,2025-01,
2328,2328,Belén Sosa,Activo,2025-01-17,2025-01,Buenos Aires
2329,2329,Leandro Díaz,Activo,2025-01-17,2025-01,Santa Fe
2330,2330,Sofía Castro,Activo,2025-01-17,2025-01,Buenos Aires
2331,2331,Romina Ferreyra,Inactivo,2025-01-18,2025-01,Santa Fe
2332,2332,Martín Torres,Activo,2025-01-18,2025-01,Buenos Aires
2333,2333,Mateo Domínguez,Activo,2025-01-18,2025-01,
2334,2334,Juan Ponce,Activo,2025-01-18,2025-01,
2335,2335,Matías Aguirre,Activo,2025-01-19,2025-01,Mendoza
2336,2336,Sofía Ojeda,Activo,2025-01-19,2025-01,Mendoza
2337,2337,Santiago Quiroga,Activo,2025-01-19,2025-01,Santa Fe
2338,2338,Romina Luna,Activo,2025-01-19,2025-01,Córdoba
2339,2339,Martín Gutiérrez,Activo,2025-01-20,2025-01,Córdoba
2340,2340,Emiliano Ríos,Activo,2025-01-20,2025-01,Córdoba
2341,2341,Matías Ponce,Activo,2025-01-20,2025-01,Buenos Aires
2342,2342,Micaela Álvarez,Activo,2025-01-20,2025-01,Santa Fe
2343,2343,Ramiro Gutiérrez,Inactivo,2025-01-20,2025-01,Buenos Aires
2344,2344,Ezequiel Ríos,Activo,2025-01-21,2025-01,Buenos Aires
2345,2345,Federico Molina,Activo,2025-01-21,2025-01,Mendoza
2346,2346,Sebastián González,Activo,2025-01-21,2025-01,Buenos Aires
2347,2347,Victoria Molina,Activo,2025-01-21,2025-01,
2348,2348,Camila Castro,Activo,2025-01-22,2025-01,Córdoba
2349,2349,Sebastián López,Activo,2025-01-22,2025-01,
2350,2350,Ramiro Martínez,Activo,2025-01-22,2025-01,Buenos Aires
2351,2351,Joaquín Ruiz,Activo,2025-01-22,2025-01,Buenos Aires
2352,2352,Emiliano Vega,Activo,2025-01-22,2025-01,Mendoza
2353,2353,Leandro Gómez,Activo,2025-01-22,2025-01,Buenos Aires
2354,2354,Julieta Ríos,Inactivo,2025-01-22,2025-01,
2355,2355,Agustina Silva,Activo,2025-01-22,2025-01,Mendoza
2356,2356,Victoria Aguirre,Activo,2025-01-22,2025-01,
2357,2357,Florencia Suárez,Activo,2025-01-22,2025-01,Córdoba
2358,2358,Leandro Sánchez,Activo,2025-01-23,2025-01,
2359,2359,Joaquín Moreno,Activo,2025-01-23,2025-01,Buenos Aires
2360,2360,Federico Gómez,Activo,2025-01-24,2025-01,Buenos Aires
2361,2361,Gonzalo Pérez,Activo,2025-01-24,2025-01,Córdoba
2362,2362,Antonella Domínguez,Activo,2025-01-24,2025-01,Buenos Aires
2363,2363,Ana Núñez,Activo,2025-01-24,2025-01,Córdoba
2364,2364,Tomás Gómez,Activo,2025-01-24,2025-01,Córdoba
2365,2365,Federico Rojas,Activo,2025-01-25,2025-01,Mendoza
2366,2366,Agustina Morales,Activo,2025-01-25,2025-01,
2367,2367,Lucía Aguirre,Activo,2025-01-25,2025-01,
2368,2368,Belén Ledesma,Activo,2025-01-25,2025-01,
2369,2369,Romina Domínguez,Activo,2025-01-26,2025-01,Córdoba
2370,2370,María Ruiz,Activo,2025-01-26,2025-01,Buenos Aires
2371,2371,Julieta Cabrera,Activo,2025-01-27,2025-01,Buenos Aires
2372,2372,Milagros Vega,Activo,2025-01-27,2025-01,Córdoba
2373,2373,Paula Castillo,Activo,2025-01-27,2025-01,Santa Fe
2374,2374,Pablo Ortiz,Activo,2025-01-28,2025-01,Buenos Aires
2375,2375,Leandro Juárez,Activo,2025-01-28,2025-01,
2376,2376,Facundo Benítez,Activo,2025-01-28,2025-01,Mendoza
2377,2377,Alejandro Díaz,Inactivo,2025-01-28,2025-01,
2378,2378,Pablo Gutiérrez,Activo,2025-01-28,2025-01,Córdoba
2379,2379,Victoria Ojeda,Activo,2025-01-29,2025-01,Buenos Aires
2380,2380,Antonella Medina,Activo,2025-01-29,2025-01,Buenos Aires
2381,2381,Camila Rojas,Activo,2025-01-29,2025-01,
2382,2382,Mateo Vega,Inactivo,2025-01-29,2025-01,
2383,2383,Brenda Domínguez,Activo,2025-01-30,2025-01,Córdoba
2384,2384,Daniela Muñoz,Activo,2025-01-30,2025-01,
2385,2385,Milagros Domínguez,Activo,2025-01-30,2025-01,Buenos Aires
2386,2386,Lucía Benítez,Activo,2025-01-30,2025-01,Buenos Aires
2387,2387,Lucas Domínguez,Activo,2025-01-30,2025-01,Buenos Aires
2388,2388,Camila González,Activo,2025-01-30,2025-01,
2389,2389,María Suárez,Activo,2025-01-31,2025-01,Santa Fe
2390,2390,Natalia Cabrera,Activo,2025-01-31,2025-01,Buenos Aires
2391,2391,Juan Silva,Activo,2025-01-31,2025-01,Córdoba
2392,2392,Alejandro Fernández,Inactivo,2025-02-01,2025-02,Córdoba
2393,2393,Lucas Suárez,Activo,2025-02-01,2025-02,Córdoba
2394,2394,Ezequiel Rojas,Activo,2025-02-01,2025-02,Buenos Aires
2395,2395,Emiliano Aguirre,Activo,2025-02-01,2025-02,
2396,2396,Rocío Flores,Activo,2025-02-01,2025-02,Buenos Aires
2397,2397,Catalina García,Activo,2025-02-01,2025-02,
2398,2398,Ezequiel Sánchez,Inactivo,2025-02-02,2025-02,
2399,2399,Facundo Acosta,Activo,2025-02-02,2025-02,Córdoba
2400,2400,Ignacio Martínez,Activo,2025-02-03,2025-02,Buenos Aires
2401,2401,Federico Morales,Activo,2025-02-03,2025-02,Buenos Aires
2402,2402,Romina Rojas,Activo,2025-02-03,2025-02,Santa Fe
2403,2403,Luciana Gutiérrez,Activo,2025-02-03,2025-02,Buenos Aires
2404,2404,Federico Núñez,Activo,2025-02-04,2025-02,Buenos Aires
2405,2405,Matías Pérez,Activo,2025-02-04,2025-02,Mendoza
2406,2406,Martín Giménez,Activo,2025-02-04,2025-02,Buenos Aires
2407,2407,Martín Martínez,Inactivo,2025-02-04,2025-02,Santa Fe
2408,2408,Hernán Silva,Activo,2025-02-04,2025-02,
2409,2409,Sofía Godoy,Inactivo,2025-02-04,2025-02,Buenos Aires
2410,2410,Catalina Romero,Activo,2025-02-05,2025-02,Santa Fe
2411,2411,Lucía Muñoz,Activo,2025-02-06,2025-02,Santa Fe
2412,2412,Catalina Díaz,Activo,2025-02-06,2025-02,
2413,2413,Sebastián Álvarez,Inactivo,2025-02-06,2025-02,Buenos Aires
2414,2414,Camila Ortiz,Activo,2025-02-06,2025-02,Buenos Aires
2415,2415,Julieta Acosta,Activo,2025-02-07,2025-02,Mendoza
2416,2416,Florencia Castillo,Activo,2025-02-07,2025-02,Mendoza
2417,2417,Federico Pérez,Activo,2025-02-07,2025-02,Buenos Aires
2418,2418,Julieta Díaz,Activo,2025-02-07,2025-02,
2419,2419,Leandro González,Activo,2025-02-07,2025-02,
2420,2420,Lucas Romero,Activo,2025-02-07,2025-02,Córdoba
2421,2421,Pablo Morales,Activo,2025-02-08,2025-02,Mendoza
2422,2422,Catalina Carrizo,Activo,2025-02-08,2025-02,Mendoza
2423,2423,Sebastián Aguirre,Activo,2025-02-08,2025-02,
2424,2424,Belén Aguirre,Activo,2025-02-08,2025-02,Buenos Aires
2425,2425,Pablo Giménez,Activo,2025-02-08,2025-02,Mendoza
2426,2426,Martín Castillo,Activo,2025-02-08,2025-02,Buenos Aires
2427,2427,Camila Carrizo,Activo,2025-02-08,2025-02,
2428,2428,Mateo Carrizo,Activo,2025-02-08,2025-02,
2429,2429,Franco Ledesma,Activo,2025-02-08,2025-02,Córdoba
2430,2430,Ignacio González,Activo,2025-02-08,2025-02,Córdoba
2431,2431,Joaquín Rojas,Activo,2025-02-08,2025-02,Mendoza
2432,2432,Romina Torres,Activo,2025-02-09,2025-02,Córdoba
2433,2433,Belén Vega,Activo,2025-02-09,2025-02,
2434,2434,Rocío Acosta,Activo,2025-02-10,2025-02,Buenos Aires
2435,2435,Valentina Sosa,Activo,2025-02-10,2025-02,
2436,2436,Franco López,Activo,2025-02-10,2025-02,
2437,2437,Mateo Carrizo,Activo,2025-02-10,2025-02,Santa Fe
2438,2438,Ana Rojas,Activo,2025-02-11,2025-02,Buenos Aires
2439,2439,Florencia Rojas,Activo,2025-02-11,2025-02,Santa Fe
2440,2440,Matías Godoy,Inactivo,2025-02-11,2025-02,Córdoba
2441,2441,Nicolás Giménez,Activo,2025-02-11,2025-02,Buenos Aires
2442,2442,Antonella Ríos,Inactivo,2025-02-11,2025-02,Córdoba
2443,2443,Brenda Ledesma,Activo,2025-02-11,2025-02,Mendoza
2444,2444,Martín López,Activo,2025-02-12,2025-02,Mendoza
2445,2445,Martina Muñoz,Inactivo,2025-02-12,2025-02,
2446,2446,Antonella Rojas,Activo,2025-02-12,2025-02,Buenos Aires
2447,2447,Lucía Ortiz,Activo,2025-02-12,2025-02,Buenos Aires
2448,2448,Juan Castro,Activo,2025-02-12,2025-02,Córdoba
2449,2449,Camila Núñez,Activo,2025-02-13,2025-02,Buenos Aires
2450,2450,Nicolás Ríos,Activo,2025-02-13,2025-02,Buenos Aires
2451,2451,Luciana Castillo,Activo,2025-02-13,2025-02,
2452,2452,Catalina Romero,Activo,2025-02-13,2025-02,
2453,2453,Ezequiel Suárez,Activo,2025-02-13,2025-02,Santa Fe
2454,2454,Pablo Acosta,Activo,2025-02-13,2025-02,Córdoba
2455,2455,Daniela Díaz,Activo,2025-02-14,2025-02,Buenos Aires
2456,2456,Florencia Gómez,Activo,2025-02-14,2025-02,
2457,2457,Belén Ledesma,Activo,2025-02-14,2025-02,Buenos Aires
2458,2458,Martín Castro,Inactivo,2025-02-14,2025-02,Santa Fe
2459,2459,Martina Sánchez,Activo,2025-02-14,2025-02,Córdoba
2460,2460,Brenda Ledesma,Activo,2025-02-14,2025-02,
2461,2461,Antonella Sánchez,Activo,2025-02-14,2025-02,Mendoza
2462,2462,Catalina Luna,Activo,2025-02-14,2025-02,Córdoba
2463,2463,Julieta Díaz,Activo,2025-02-14,2025-02,Buenos Aires
2464,2464,Natalia Muñoz,Inactivo,2025-02-15,2025-02,Santa Fe
2465,2465,Micaela Ríos,Activo,2025-02-15,2025-02,
2466,2466,Natalia Díaz,Activo,2025-02-15,2025-02,Buenos Aires
2467,2467,Diego Giménez,Activo,2025-02-15,2025-02,
2468,2468,Rocío Rodríguez,Activo,2025-02-15,2025-02,Santa Fe
2469,2469,Ignacio Ramírez,Activo,2025-02-15,2025-02,Buenos Aires
2470,2470,Mateo Quiroga,Activo,2025-02-16,2025-02,Buenos Aires
2471,2471,Antonella Fernández,Activo,2025-02-16,2025-02,Buenos Aires
2472,2472,Camila Pereyra,Inactivo,2025-02-16,2025-02,Córdoba
2473,2473,Carolina Ríos,Activo,2025-02-16,2025-02,Córdoba
2474,2474,Luciana Gutiérrez,Activo,2025-02-16,2025-02,Buenos Aires
2475,2475,Facundo Muñoz,Activo,2025-02-16,2025-02,Buenos Aires
2476,2476,Ramiro Flores,Activo,2025-02-16,2025-02,Santa Fe
2477,2477,Catalina Sánchez,Activo,2025-02-17,2025-02,Mendoza
2478,2478,Agustina Cabrera,Activo,2025-02-17,2025-02,Córdoba
2479,2479,Ana Vega,Activo,2025-02-17,2025-02,Buenos Aires
2480,2480,Mateo Godoy,Activo,2025-02-17,2025-02,Buenos Aires
2481,2481,Micaela López,Activo,2025-02-17,2025-02,Buenos Aires
2482,2482,Victoria Luna,Activo,2025-02-17,2025-02,Córdoba
2483,2483,Joaquín Castillo,Activo,2025-02-17,2025-02,
2484,2484,Alejandro Medina,Activo,2025-02-18,2025-02,
2485,2485,Emiliano Godoy,Activo,2025-02-18,2025-02,Córdoba
2486,2486,Belén Silva,Activo,2025-02-18,2025-02,Córdoba
2487,2487,Luciana Sánchez,Activo,2025-02-19,2025-02,Buenos Aires
2488,2488,Diego Torres,Inactivo,2025-02-19,2025-02,Mendoza
2489,2489,Julieta Sánchez,Activo,2025-02-19,2025-02,Buenos Aires
2490,2490,Catalina García,Activo,2025-02-20,2025-02,Buenos Aires
2491,2491,Alejandro Ruiz,Activo,2025-02-20,2025-02,Buenos Aires
2492,2492,Camila Álvarez,Activo,2025-02-21,2025-02,Buenos Aires
2493,2493,Lucía Moreno,Activo,2025-02-21,2025-02,Córdoba
2494,2494,Benjamín Ponce,Activo,2025-02-21,2025-02,Mendoza
2495,2495,Florencia Ojeda,Activo,2025-02-21,2025-02,Buenos Aires
2496,2496,Camila Castillo,Activo,2025-02-21,2025-02,
2497,2497,Leandro García,Activo,2025-02-21,2025-02,Córdoba
2498,2498,Agustina Gómez,Activo,2025-02-21,2025-02,Buenos Aires
2499,2499,Diego Flores,Activo,2025-02-21,2025-02,
2500,2500,Gonzalo Torres,Activo,2025-02-21,2025-02,Buenos Aires
2501,2501,Daniela Ledesma,Activo,2025-02-21,2025-02,Santa Fe
2502,2502,Diego Ledesma,Activo,2025-02-21,2025-02,Córdoba
2503,2503,Federico Morales,Activo,2025-02-22,2025-02,Buenos Aires
2504,2504,Emiliano Giménez,Activo,2025-02-22,2025-02,Buenos Aires
2505,2505,Martín Castro,Activo,2025-02-22,2025-02,
2506,2506,Rocío Gutiérrez,Activo,2025-02-22,2025-02,
2507,2507,Gonzalo Romero,Activo,2025-02-22,2025-02,
2508,2508,Martina Herrera,Inactivo,2025-02-23,2025-02,Mendoza
2509,2509,Gonzalo Rodríguez,Inactivo,2025-02-23,2025-02,Buenos Aires
2510,2510,Luciana Luna,Activo,2025-02-23,2025-02,Mendoza
2511,2511,Alejandro Ledesma,Activo,2025-02-23,2025-02,Santa Fe
2512,2512,Nicolás Ríos,Activo,2025-02-23,2025-02,
2513,2513,Emiliano Flores,Activo,2025-02-24,2025-02,
2514,2514,Ramiro Muñoz,Activo,2025-02-24,2025-02,Córdoba
2515,2515,Gabriel Sánchez,Activo,2025-02-24,2025-02,Córdoba
2516,2516,Benjamín García,Activo,2025-02-24,2025-02,Santa Fe
2517,2517,Florencia Peralta,Inactivo,2025-02-24,2025-02,Córdoba
2518,2518,Ana Gómez,Activo,2025-02-24,2025-02,
2519,2519,Nicolás Juárez,Activo,2025-02-24,2025-02,Buenos Aires
2520,2520,Mateo Romero,Inactivo,2025-02-25,2025-02,Buenos Aires
2521,2521,Ezequiel Pérez,Activo,2025-02-26,2025-02,Córdoba
2522,2522,Julieta Sánchez,Activo,2025-02-26,2025-02,Córdoba
2523,2523,Carolina Carrizo,Activo,2025-02-26,2025-02,
2524,2524,Milagros Pérez,Activo,2025-02-26,2025-02,Santa Fe
2525,2525,Florencia Flores,Activo,2025-02-26,2025-02,Mendoza
2526,2526,Ana Godoy,Activo,2025-02-26,2025-02,Buenos Aires
2527,2527,Brenda Flores,Activo,2025-02-27,2025-02,Santa Fe
2528,2528,Santiago Ríos,Activo,2025-02-27,2025-02,Santa Fe
2529,2529,Diego Martínez,Activo,2025-02-27,2025-02,
2530,2530,Ezequiel Romero,Activo,2025-02-28,2025-02,Santa Fe
2531,2531,Belén Gutiérrez,Activo,2025-02-28,2025-02,Santa Fe
2532,2532,Franco Morales,Activo,2025-02-28,2025-02,
2533,2533,Joaquín Ledesma,Activo,2025-02-28,2025-02,Santa Fe
2534,2534,Florencia Álvarez,Activo,2025-02-28,2025-02,
2535,2535,Martín Suárez,Inactivo,2025-02-28,2025-02,Buenos Aires
2536,2536,Milagros Torres,Activo,2025-02-28,2025-02,Buenos Aires
2537,2537,Federico Benítez,Activo,2025-02-28,2025-02,Buenos Aires
2538,2538,Luciana Peralta,Activo,2025-02-28,2025-02,
2539,2539,Juan Ortiz,Activo,2025-02-28,2025-02,Santa Fe
2540,2540,Franco Suárez,Activo,2025-03-01,2025-03,Buenos Aires
2541,2541,Natalia Díaz,Activo,2025-03-01,2025-03,
2542,2542,Lucía Domínguez,Activo,2025-03-01,2025-03,
2543,2543,Micaela Álvarez,Activo,2025-03-01,2025-03,
2544,2544,Facundo Ramírez,Activo,2025-03-01,2025-03,
2545,2545,Ramiro Domínguez,Activo,2025-03-01,2025-03,Buenos Aires
2546,2546,Ezequiel Rodríguez,Activo,2025-03-01,2025-03,Santa Fe
2547,2547,Brenda Ojeda,Activo,2025-03-01,2025-03,Mendoza
2548,2548,Alejandro Álvarez,Activo,2025-03-01,2025-03,Mendoza
2549,2549,Diego Ojeda,Activo,2025-03-02,2025-03,Buenos Aires
2550,2550,Paula Ríos,Activo,2025-03-02,2025-03,Córdoba
2551,2551,Carolina Torres,Activo,2025-03-02,2025-03,Mendoza
2552,2552,Romina Molina,Activo,2025-03-02,2025-03,Buenos Aires
2553,2553,Belén Castillo,Activo,2025-03-02,2025-03,Santa Fe
2554,2554,Matías Suárez,Activo,2025-03-02,2025-03,Córdoba
2555,2555,Federico González,Inactivo,2025-03-02,2025-03,Mendoza
2556,2556,Gabriel Castro,Activo,2025-03-03,2025-03,
2557,2557,Agustina Flores,Activo,2025-03-03,2025-03,Santa Fe
2558,2558,Juan Pérez,Activo,2025-03-03,2025-03,
2559,2559,Daniela Aguirre,Activo,2025-03-03,2025-03,
2560,2560,Martín Ramírez,Activo,2025-03-04,2025-03,Buenos Aires
2561,2561,Paula Moreno,Activo,2025-03-04,2025-03,Buenos Aires
2562,2562,Catalina Domínguez,Activo,2025-03-04,2025-03,
2563,2563,Paula Acosta,Activo,2025-03-04,2025-03,Mendoza
2564,2564,Federico Romero,Activo,2025-03-04,2025-03,
2565,2565,Paula García,Inactivo,2025-03-05,2025-03,Santa Fe
2566,2566,Silvina Núñez,Activo,2025-03-05,2025-03,
2567,2567,Lucas Álvarez,Activo,2025-03-05,2025-03,
2568,2568,Silvina Ponce,Inactivo,2025-03-05,2025-03,Buenos Aires
2569,2569,Antonella Rodríguez,Activo,2025-03-05,2025-03,
2570,2570,Benjamín Pérez,Activo,2025-03-05,2025-03,Córdoba
2571,2571,Diego Domínguez,Activo,2025-03-06,2025-03,Santa Fe
2572,2572,Victoria Fernández,Activo,2025-03-06,2025-03,Santa Fe
2573,2573,Diego Romero,Inactivo,2025-03-06,2025-03,Buenos Aires
2574,2574,Belén Pereyra,Activo,2025-03-06,2025-03,
2575,2575,Daniela López,Activo,2025-03-06,2025-03,Mendoza
2576,2576,Ramiro Pérez,Activo,2025-03-06,2025-03,Buenos Aires
2577,2577,Emiliano Rodríguez,Activo,2025-03-06,2025-03,Buenos Aires
2578,2578,Leandro Núñez,Activo,2025-03-07,2025-03,Mendoza
2579,2579,Belén Ojeda,Activo,2025-03-07,2025-03,Buenos Aires
2580,2580,Ignacio Martínez,Activo,2025-03-07,2025-03,Buenos Aires
2581,2581,Lucía Gutiérrez,Activo,2025-03-07,2025-03,
2582,2582,Rocío Muñoz,Inactivo,2025-03-07,2025-03,
2583,2583,Milagros Sánchez,Activo,2025-03-07,2025-03,Buenos Aires
2584,2584,Belén Benítez,Activo,2025-03-07,2025-03,Córdoba
2585,2585,Sofía González,Activo,2025-03-07,2025-03,
2586,2586,Florencia Álvarez,Activo,2025-03-07,2025-03,
2587,2587,Santiago Torres,Activo,2025-03-07,2025-03,Santa Fe
2588,2588,Ramiro Silva,Activo,2025-03-07,2025-03,Buenos Aires
2589,2589,Gonzalo Vega,Activo,2025-03-07,2025-03,Santa Fe
2590,2590,Emiliano Castro,Activo,2025-03-08,2025-03,
2591,2591,Ana Castro,Activo,2025-03-08,2025-03,
2592,2592,Milagros Rojas,Activo,2025-03-08,2025-03,Buenos Aires
2593,2593,Luciana Díaz,Activo,2025-03-08,2025-03,Buenos Aires
2594,2594,Ana Ledesma,Activo,2025-03-09,2025-03,Mendoza
2595,2595,Emiliano Carrizo,Activo,2025-03-09,2025-03,Buenos Aires
2596,2596,Leandro López,Activo,2025-03-09,2025-03,Mendoza
2597,2597,Milagros Sosa,Activo,2025-03-09,2025-03,Mendoza
2598,2598,Valentina Peralta,Activo,2025-03-10,2025-03,Santa Fe
2599,2599,Paula Díaz,Activo,2025-03-10,2025-03,
2600,2600,Santiago Sosa,Activo,2025-03-10,2025-03,Santa Fe
2601,2601,Belén Luna,Activo,2025-03-10,2025-03,
2602,2602,Camila Sosa,Activo,2025-03-10,2025-03,Buenos Aires
2603,2603,Milagros Sánchez,Activo,2025-03-10,2025-03,Mendoza
2604,2604,Brenda Benítez,Activo,2025-03-11,2025-03,
2605,2605,María Gutiérrez,Activo,2025-03-11,2025-03,Santa Fe
2606,2606,Romina Silva,Activo,2025-03-12,2025-03,Córdoba
2607,2607,Pablo Quiroga,Activo,2025-03-12,2025-03,Buenos Aires
2608,2608,Federico Ojeda,Inactivo,2025-03-12,2025-03,Buenos Aires
2609,2609,Lucía Ferreyra,Activo,2025-03-12,2025-03,Santa Fe
2610,2610,Santiago Herrera,Activo,2025-03-12,2025-03,Buenos Aires
2611,2611,Victoria Ruiz,Activo,2025-03-12,2025-03,Mendoza
2612,2612,Carolina Núñez,Activo,2025-03-13,2025-03,Córdoba
2613,2613,Carolina Juárez,Activo,2025-03-13,2025-03,Santa Fe
2614,2614,Ignacio Herrera,Activo,2025-03-13,2025-03,Santa Fe
2615,2615,Juan Moreno,Activo,2025-03-14,2025-03,Buenos Aires
2616,2616,Gonzalo Martínez,Activo,2025-03-14,2025-03,Buenos Aires
2617,2617,Juan Domínguez,Inactivo,2025-03-14,2025-03,Santa Fe
2618,2618,Matías Ledesma,Activo,2025-03-14,2025-03,Mendoza
2619,2619,Antonella Cabrera,Activo,2025-03-15,2025-03,
2620,2620,Ramiro Fernández,Inactivo,2025-03-15,2025-03,
2621,2621,Emiliano Ortiz,Activo,2025-03-15,2025-03,
2622,2622,Federico García,Activo,2025-03-15,2025-03,Santa Fe
2623,2623,Agustina Díaz,Inactivo,2025-03-15,2025-03,Buenos Aires
2624,2624,Diego Herrera,Activo,2025-03-15,2025-03,
2625,2625,Tomás Ríos,Activo,2025-03-15,2025-03,Córdoba
2626,2626,Luciana Pereyra,Activo,2025-03-15,2025-03,Santa Fe
2627,2627,Agustina Sánchez,Activo,2025-03-16,2025-03,Córdoba
2628,2628,Hernán Ramírez,Activo,2025-03-16,2025-03,Santa Fe
2629,2629,Juan Giménez,Activo,2025-03-16,2025-03,Buenos Aires
2630,2630,Antonella Carrizo,Activo,2025-03-16,2025-03,Santa Fe
2631,2631,Natalia López,Activo,2025-03-17,2025-03,Córdoba
2632,2632,Agustina Castillo,Activo,2025-03-17,2025-03,Buenos Aires
2633,2633,Catalina Torres,Activo,2025-03-17,2025-03,Santa Fe
2634,2634,Ramiro Quiroga,Activo,2025-03-17,2025-03,Mendoza
2635,2635,Lucía Acosta,Activo,2025-03-17,2025-03,Buenos Aires
2636,2636,Camila Pereyra,Activo,2025-03-18,2025-03,Buenos Aires
2637,2637,Romina Cabrera,Activo,2025-03-18,2025-03,Córdoba
2638,2638,Santiago Ruiz,Activo,2025-03-18,2025-03,Mendoza
2639,2639,Benjamín Gutiérrez,Activo,2025-03-18,2025-03,Buenos Aires
2640,2640,Florencia Torres,Activo,2025-03-19,2025-03,Córdoba
2641,2641,Silvina Suárez,Activo,2025-03-19,2025-03,
2642,2642,Gabriel Moreno,Activo,2025-03-19,2025-03,
2643,2643,Ignacio Molina,Inactivo,2025-03-19,2025-03,Buenos Aires
2644,2644,Lucía Quiroga,Activo,2025-03-19,2025-03,Santa Fe
2645,2645,Martina Luna,Activo,2025-03-19,2025-03,
2646,2646,Antonella Medina,Activo,2025-03-20,2025-03,
2647,2647,Benjamín Acosta,Activo,2025-03-20,2025-03,
2648,2648,Martina Peralta,Activo,2025-03-20,2025-03,
2649,2649,Gonzalo Aguirre,Activo,2025-03-20,2025-03,
2650,2650,Paula Núñez,Activo,2025-03-20,2025-03,Mendoza
2651,2651,Antonella Gutiérrez,Activo,2025-03-21,2025-03,
2652,2652,Martín García,Activo,2025-03-21,2025-03,
2653,2653,Carolina Pérez,Activo,2025-03-21,2025-03,
2654,2654,Luciana Gutiérrez,Activo,2025-03-21,2025-03,Buenos Aires
2655,2655,Agustina Moreno,Activo,2025-03-21,2025-03,
2656,2656,Romina Álvarez,Activo,2025-03-21,2025-03,Buenos Aires
2657,2657,Victoria Silva,Activo,2025-03-21,2025-03,Santa Fe
2658,2658,Antonella Ortiz,Activo,2025-03-22,2025-03,Santa Fe
2659,2659,Rocío Giménez,Activo,2025-03-22,2025-03,Buenos Aires
2660,2660,Ana Torres,Activo,2025-03-22,2025-03,Buenos Aires
2661,2661,Rocío González,Activo,2025-03-22,2025-03,
2662,2662,Gonzalo Benítez,Activo,2025-03-22,2025-03,
2663,2663,Gonzalo Gutiérrez,Activo,2025-03-22,2025-03,Buenos Aires
2664,2664,Gabriel Suárez,Activo,2025-03-22,2025-03,Buenos Aires
2665,2665,Luciana Martínez,Activo,2025-03-23,2025-03,
2666,2666,Daniela González,Activo,2025-03-23,2025-03,
2667,2667,Sofía Aguirre,Activo,2025-03-23,2025-03,Córdoba
2668,2668,Facundo Ojeda,Activo,2025-03-23,2025-03,
2669,2669,Micaela Sánchez,Activo,2025-03-23,2025-03,Buenos Aires
2670,2670,Paula Aguirre,Activo,2025-03-24,2025-03,Santa Fe
2671,2671,Nicolás Aguirre,Activo,2025-03-24,2025-03,
2672,2672,Catalina Flores,Activo,2025-03-24,2025-03,Córdoba
2673,2673,Pablo Martínez,Activo,2025-03-24,2025-03,Córdoba
2674,2674,María Ríos,Activo,2025-03-24,2025-03,Buenos Aires
2675,2675,María Silva,Activo,2025-03-25,2025-03,Córdoba
2676,2676,Tomás Cabrera,Activo,2025-03-25,2025-03,Buenos Aires
2677,2677,Franco Muñoz,Activo,2025-03-25,2025-03,
2678,2678,Gabriel Ortiz,Activo,2025-03-25,2025-03,Córdoba
2679,2679,Ramiro Ramírez,Activo,2025-03-26,2025-03,Córdoba
2680,2680,Martín Peralta,Activo,2025-03-26,2025-03,Santa Fe
2681,2681,Facundo Torres,Activo,2025-03-27,2025-03,Buenos Aires
2682,2682,Catalina Gutiérrez,Activo,2025-03-28,2025-03,Buenos Aires
2683,2683,Martina Juárez,Activo,2025-03-28,2025-03,Buenos Aires
2684,2684,Catalina Acosta,Activo,2025-03-28,2025-03,Córdoba
2685,2685,Joaquín Díaz,Inactivo,2025-03-28,2025-03,
2686,2686,Facundo Rodríguez,Activo,2025-03-29,2025-03,Santa Fe
2687,2687,Leandro Vega,Activo,2025-03-29,2025-03,Córdoba
2688,2688,Daniela Suárez,Activo,2025-03-29,2025-03,
2689,2689,Paula Suárez,Activo,2025-03-30,2025-03,Buenos Aires
2690,2690,Martín Herrera,Activo,2025-03-30,2025-03,Buenos Aires
2691,2691,Paula Ferreyra,Activo,2025-03-30,2025-03,Córdoba
2692,2692,Luciana Morales,Inactivo,2025-03-30,2025-03,
2693,2693,Federico Rodríguez,Activo,2025-03-30,2025-03,Santa Fe
2694,2694,Ramiro Giménez,Inactivo,2025-03-30,2025-03,Buenos Aires
2695,2695,Silvina Cabrera,Activo,2025-03-30,2025-03,Mendoza
2696,2696,Rocío Ferreyra,Activo,2025-03-31,2025-03,Mendoza
2697,2697,Federico Ruiz,Activo,2025-03-31,2025-03,Mendoza
2698,2698,Pablo Pérez,Activo,2025-03-31,2025-03,Buenos Aires
2699,2699,Ana Gutiérrez,Activo,2025-03-31,2025-03,
2700,2700,Martina Quiroga,Activo,2025-03-31,2025-03,
2701,2701,Alejandro González,Activo,2025-03-31,2025-03,
2702,2702,Leandro Silva,Activo,2025-03-31,2025-03,
2703,2703,Milagros Molina,Activo,2025-04-01,2025-04,Buenos Aires
2704,2704,Valentina Quiroga,Activo,2025-04-01,2025-04,Santa Fe
2705,2705,Joaquín López,Activo,2025-04-01,2025-04,Buenos Aires
2706,2706,Luciana Medina,Activo,2025-04-01,2025-04,Mendoza
2707,2707,Luciana Castillo,Activo,2025-04-01,2025-04,
2708,2708,Ana Aguirre,Inactivo,2025-04-01,2025-04,
2709,2709,Florencia Luna,Activo,2025-04-01,2025-04,
2710,2710,Silvina Carrizo,Activo,2025-04-02,2025-04,Buenos Aires
2711,2711,Natalia Sánchez,Activo,2025-04-02,2025-04,Córdoba
2712,2712,Natalia Godoy,Activo,2025-04-02,2025-04,
2713,2713,Federico Flores,Activo,2025-04-02,2025-04,Buenos Aires
2714,2714,Romina Gómez,Activo,2025-04-02,2025-04,Buenos Aires
2715,2715,Sebastián Núñez,Activo,2025-04-02,2025-04,Buenos Aires
2716,2716,Facundo Ferreyra,Activo,2025-04-03,2025-04,Buenos Aires
2717,2717,Gonzalo Aguirre,Activo,2025-04-03,2025-04,Buenos Aires
2718,2718,Milagros Sánchez,Activo,2025-04-04,2025-04,Santa Fe
2719,2719,Martín Flores,Inactivo,2025-04-05,2025-04,Buenos Aires
2720,2720,Milagros Ortiz,Activo,2025-04-05,2025-04,Buenos Aires
2721,2721,Rocío Benítez,Activo,2025-04-05,2025-04,Santa Fe
2722,2722,Silvina Cabrera,Activo,2025-04-05,2025-04,Córdoba
2723,2723,Emiliano Benítez,Activo,2025-04-05,2025-04,Buenos Aires
2724,2724,Diego Díaz,Activo,2025-04-06,2025-04,Córdoba
2725,2725,Carolina Sosa,Activo,2025-04-06,2025-04,
2726,2726,Gabriel Sosa,Activo,2025-04-06,2025-04,Buenos Aires
2727,2727,Camila Medina,Activo,2025-04-06,2025-04,
2728,2728,Lucas Morales,Activo,2025-04-06,2025-04,Santa Fe
2729,2729,Daniela González,Activo,2025-04-06,2025-04,Córdoba
2730,2730,Ana Luna,Inactivo,2025-04-06,2025-04,Mendoza
2731,2731,Gonzalo Juárez,Activo,2025-04-07,2025-04,
2732,2732,Juan Castillo,Inactivo,2025-04-07,2025-04,
2733,2733,Antonella Torres,Activo,2025-04-07,2025-04,Mendoza
2734,2734,Pablo Ruiz,Activo,2025-04-08,2025-04,
2735,2735,Nicolás Vega,Activo,2025-04-08,2025-04,Córdoba
2736,2736,María Giménez,Activo,2025-04-08,2025-04,
2737,2737,Lucía Flores,Activo,2025-04-08,2025-04,Santa Fe
2738,2738,Agustina Torres,Activo,2025-04-08,2025-04,Buenos Aires
2739,2739,Carolina Morales,Activo,2025-04-08,2025-04,Córdoba
2740,2740,Federico Benítez,Activo,2025-04-08,2025-04,
2741,2741,Juan Molina,Activo,2025-04-08,2025-04,
2742,2742,Emiliano Gómez,Activo,2025-04-08,2025-04,Buenos Aires
2743,2743,Franco Cabrera,Activo,2025-04-09,2025-04,Buenos Aires
2744,2744,Lucas Carrizo,Activo,2025-04-09,2025-04,Buenos Aires
2745,2745,Ana Cabrera,Activo,2025-04-09,2025-04,Córdoba
2746,2746,Milagros Benítez,Activo,2025-04-09,2025-04,Buenos Aires
2747,2747,María Silva,Activo,2025-04-10,2025-04,Buenos Aires
2748,2748,Agustina Muñoz,Activo,2025-04-10,2025-04,
2749,2749,Brenda Herrera,Activo,2025-04-10,2025-04,
2750,2750,Valentina Pérez,Activo,2025-04-10,2025-04,Santa Fe
2751,2751,Romina Ferreyra,Activo,2025-04-10,2025-04,Córdoba
2752,2752,Gabriel Molina,Activo,2025-04-10,2025-04,Buenos Aires
2753,2753,Silvina Acosta,Activo,2025-04-10,2025-04,Buenos Aires
2754,2754,Julieta Sosa,Activo,2025-04-10,2025-04,
2755,2755,Santiago Medina,Activo,2025-04-10,2025-04,Buenos Aires
2756,2756,Leandro Peralta,Activo,2025-04-11,2025-04,Santa Fe
2757,2757,Brenda Rodríguez,Activo,2025-04-11,2025-04,Córdoba
2758,2758,Natalia Suárez,Activo,2025-04-11,2025-04,
2759,2759,Agustina Luna,Activo,2025-04-11,2025-04,Buenos Aires
2760,2760,Emiliano Domínguez,Activo,2025-04-11,2025-04,Buenos Aires
2761,2761,Luciana Godoy,Activo,2025-04-12,2025-04,Córdoba
2762,2762,Nicolás Romero,Activo,2025-04-12,2025-04,Santa Fe
2763,2763,Rocío Domínguez,Activo,2025-04-12,2025-04,
2764,2764,Juan Pérez,Inactivo,2025-04-12,2025-04,
2765,2765,Matías Ortiz,Activo,2025-04-12,2025-04,
2766,2766,Victoria Carrizo,Activo,2025-04-12,2025-04,Mendoza
2767,2767,Victoria Ponce,Activo,2025-04-12,2025-04,Mendoza
2768,2768,Ana Álvarez,Activo,2025-04-13,2025-04,Santa Fe
2769,2769,Camila Molina,Inactivo,2025-04-13,2025-04,Mendoza
2770,2770,Mateo González,Activo,2025-04-13,2025-04,Buenos Aires
2771,2771,Victoria Rodríguez,Activo,2025-04-13,2025-04,Buenos Aires
2772,2772,Valentina Flores,Activo,2025-04-13,2025-04,Buenos Aires
2773,2773,Joaquín Carrizo,Activo,2025-04-13,2025-04,Córdoba
2774,2774,Pablo Ríos,Activo,2025-04-14,2025-04,
2775,2775,Micaela Gutiérrez,Activo,2025-04-14,2025-04,
2776,2776,Luciana Muñoz,Activo,2025-04-15,2025-04,Buenos Aires
2777,2777,Natalia Sosa,Activo,2025-04-15,2025-04,Buenos Aires
2778,2778,Daniela Giménez,Activo,2025-04-15,2025-04,Buenos Aires
2779,2779,Luciana Luna,Activo,2025-04-15,2025-04,Buenos Aires
2780,2780,Julieta Morales,Activo,2025-04-15,2025-04,Buenos Aires
2781,2781,Natalia Ledesma,Activo,2025-04-15,2025-04,Santa Fe
2782,2782,Belén Muñoz,Activo,2025-04-15,2025-04,Buenos Aires
2783,2783,Brenda Flores,Activo,2025-04-16,2025-04,Buenos Aires
2784,2784,Leandro González,Activo,2025-04-18,2025-04,
2785,2785,Benjamín Luna,Activo,2025-04-18,2025-04,Buenos Aires
2786,2786,Gonzalo Ortiz,Activo,2025-04-18,2025-04,Buenos Aires
2787,2787,Lucas Giménez,Activo,2025-04-19,2025-04,Santa Fe
2788,2788,Natalia Fernández,Activo,2025-04-19,2025-04,
2789,2789,Hernán García,Activo,2025-04-20,2025-04,
2790,2790,María Castillo,Inactivo,2025-04-20,2025-04,Córdoba
2791,2791,Franco Domínguez,Activo,2025-04-20,2025-04,Santa Fe
2792,2792,Gonzalo González,Activo,2025-04-20,2025-04,Mendoza
2793,2793,Ignacio Gutiérrez,Activo,2025-04-20,2025-04,Córdoba
2794,2794,María Flores,Activo,2025-04-20,2025-04,Santa Fe
2795,2795,Santiago Ponce,Activo,2025-04-21,2025-04,Santa Fe
2796,2796,Agustina Pérez,Activo,2025-04-21,2025-04,
2797,2797,Joaquín Romero,Activo,2025-04-21,2025-04,Buenos Aires
2798,2798,Paula García,Activo,2025-04-21,2025-04,Santa Fe
2799,2799,Mateo Castro,Activo,2025-04-21,2025-04,Santa Fe
2800,2800,Joaquín Juárez,Activo,2025-04-21,2025-04,
2801,2801,Tomás Domínguez,Activo,2025-04-22,2025-04,Córdoba
2802,2802,Agustina Ledesma,Activo,2025-04-22,2025-04,Buenos Aires
2803,2803,Silvina Juárez,Activo,2025-04-23,2025-04,Córdoba
2804,2804,Brenda Morales,Activo,2025-04-23,2025-04,Buenos Aires
2805,2805,Ana Moreno,Activo,2025-04-23,2025-04,
2806,2806,María Cabrera,Activo,2025-04-23,2025-04,Buenos Aires
2807,2807,Matías Juárez,Activo,2025-04-23,2025-04,
2808,2808,Joaquín Castro,Activo,2025-04-24,2025-04,Buenos Aires
2809,2809,Romina Gutiérrez,Activo,2025-04-25,2025-04,Buenos Aires
2810,2810,Brenda López,Activo,2025-04-25,2025-04,Córdoba
2811,2811,Agustina Pereyra,Activo,2025-04-25,2025-04,
2812,2812,Alejandro Suárez,Activo,2025-04-25,2025-04,Córdoba
2813,2813,Benjamín Luna,Activo,2025-04-26,2025-04,Mendoza
2814,2814,Lucas López,Activo,2025-04-26,2025-04,Córdoba
2815,2815,Luciana Sánchez,Activo,2025-04-26,2025-04,Córdoba
2816,2816,Mateo Gutiérrez,Activo,2025-04-26,2025-04,
2817,2817,Ignacio Castillo,Activo,2025-04-26,2025-04,
2818,2818,María Flores,Activo,2025-04-26,2025-04,
2819,2819,Lucas Romero,Activo,2025-04-26,2025-04,Buenos Aires
2820,2820,Martín Muñoz,Activo,2025-04-27,2025-04,Córdoba
2821,2821,Tomás Díaz,Activo,2025-04-27,2025-04,Mendoza
2822,2822,Hernán López,Activo,2025-04-27,2025-04,
2823,2823,Micaela Martínez,Activo,2025-04-27,2025-04,Buenos Aires
2824,2824,Ignacio Núñez,Activo,2025-04-28,2025-04,Córdoba
2825,2825,Agustina Ramírez,Activo,2025-04-28,2025-04,Buenos Aires
2826,2826,Benjamín Ramírez,Activo,2025-04-29,2025-04,Córdoba
2827,2827,Belén Romero,Activo,2025-04-29,2025-04,Buenos Aires
2828,2828,Federico Herrera,Activo,2025-04-30,2025-04,Buenos Aires
2829,2829,Gabriel Romero,Activo,2025-04-30,2025-04,
2830,2830,Franco Fernández,Activo,2025-05-01,2025-05,Buenos Aires
2831,2831,Micaela Ortiz,Activo,2025-05-01,2025-05,Santa Fe
2832,2832,Facundo Romero,Activo,2025-05-02,2025-05,Santa Fe
2833,2833,Juan Luna,Activo,2025-05-02,2025-05,Buenos Aires
2834,2834,Paula Sánchez,Inactivo,2025-05-03,2025-05,Buenos Aires
2835,2835,Martín Torres,Activo,2025-05-03,2025-05,
2836,2836,Micaela Núñez,Activo,2025-05-03,2025-05,Córdoba
2837,2837,Florencia Álvarez,Activo,2025-05-03,2025-05,Córdoba
2838,2838,Ramiro Carrizo,Activo,2025-05-03,2025-05,Santa Fe
2839,2839,Martina Godoy,Activo,2025-05-04,2025-05,Buenos Aires
2840,2840,Martín Vega,Activo,2025-05-05,2025-05,Santa Fe
2841,2841,Rocío González,Activo,2025-05-05,2025-05,Mendoza
2842,2842,Leandro Pérez,Activo,2025-05-05,2025-05,Santa Fe
2843,2843,Joaquín Rodríguez,Activo,2025-05-05,2025-05,Buenos Aires
2844,2844,Juan Luna,Activo,2025-05-06,2025-05,Córdoba
2845,2845,Milagros Pereyra,Activo,2025-05-06,2025-05,Córdoba
2846,2846,Florencia Suárez,Activo,2025-05-06,2025-05,Buenos Aires
2847,2847,Lucas Herrera,Activo,2025-05-08,2025-05,
2848,2848,Belén Sosa,Activo,2025-05-08,2025-05,Buenos Aires
2849,2849,Martina Benítez,Activo,2025-05-08,2025-05,Córdoba
2850,2850,Belén Pereyra,Activo,2025-05-08,2025-05,Santa Fe
2851,2851,María Álvarez,Activo,2025-05-08,2025-05,
2852,2852,Catalina Carrizo,Activo,2025-05-09,2025-05,
2853,2853,Tomás Ruiz,Activo,2025-05-09,2025-05,Córdoba
2854,2854,Ana Castro,Activo,2025-05-09,2025-05,
2855,2855,Nicolás Ortiz,Activo,2025-05-09,2025-05,Mendoza
2856,2856,Alejandro Castillo,Activo,2025-05-09,2025-05,Córdoba
2857,2857,Tomás Ledesma,Activo,2025-05-09,2025-05,
2858,2858,Ana Flores,Inactivo,2025-05-09,2025-05,Buenos Aires
2859,2859,Paula Medina,Activo,2025-05-10,2025-05,
2860,2860,Leandro Giménez,Activo,2025-05-10,2025-05,Buenos Aires
2861,2861,Gonzalo Moreno,Inactivo,2025-05-10,2025-05,
2862,2862,Santiago Torres,Activo,2025-05-10,2025-05,Buenos Aires
2863,2863,Gabriel García,Activo,2025-05-10,2025-05,
2864,2864,Valentina Pérez,Activo,2025-05-11,2025-05,Santa Fe
2865,2865,Gabriel Acosta,Activo,2025-05-11,2025-05,Buenos Aires
2866,2866,Santiago López,Activo,2025-05-11,2025-05,Santa Fe
2867,2867,Natalia Godoy,Activo,2025-05-11,2025-05,Mendoza
2868,2868,Milagros Quiroga,Activo,2025-05-12,2025-05,Córdoba
2869,2869,Ignacio Flores,Inactivo,2025-05-12,2025-05,Buenos Aires
2870,2870,Milagros Godoy,Activo,2025-05-12,2025-05,Santa Fe
2871,2871,Lucas Godoy,Activo,2025-05-12,2025-05,Buenos Aires
2872,2872,Micaela Giménez,Activo,2025-05-12,2025-05,Buenos Aires
2873,2873,Rocío Giménez,Activo,2025-05-12,2025-05,Buenos Aires
2874,2874,Micaela Muñoz,Activo,2025-05-12,2025-05,Mendoza
2875,2875,Gonzalo Sánchez,Activo,2025-05-12,2025-05,Buenos Aires
2876,2876,Gabriel Giménez,Activo,2025-05-12,2025-05,Buenos Aires
2877,2877,Martín Ríos,Activo,2025-05-12,2025-05,Buenos Aires
2878,2878,Sofía Ponce,Activo,2025-05-12,2025-05,
2879,2879,Florencia Aguirre,Activo,2025-05-12,2025-05,Santa Fe
2880,2880,Hernán Muñoz,Activo,2025-05-12,2025-05,Córdoba
2881,2881,Agustina Moreno,Activo,2025-05-12,2025-05,Santa Fe
2882,2882,Mateo Sánchez,Activo,2025-05-13,2025-05,Córdoba
2883,2883,Juan Cabrera,Activo,2025-05-13,2025-05,Buenos Aires
2884,2884,Victoria Castro,Activo,2025-05-13,2025-05,Buenos Aires
2885,2885,Lucía Ruiz,Activo,2025-05-13,2025-05,Buenos Aires
2886,2886,Romina Morales,Activo,2025-05-13,2025-05,Buenos Aires
2887,2887,Natalia Díaz,Activo,2025-05-13,2025-05,Córdoba
2888,2888,Lucas Peralta,Activo,2025-05-13,2025-05,Santa Fe
2889,2889,Romina Torres,Activo,2025-05-13,2025-05,
2890,2890,Benjamín Morales,Activo,2025-05-13,2025-05,Buenos Aires
2891,2891,Paula Rodríguez,Activo,2025-05-13,2025-05,Santa Fe
2892,2892,Carolina Ojeda,Activo,2025-05-13,2025-05,Mendoza
2893,2893,Belén Castillo,Activo,2025-05-13,2025-05,Buenos Aires
2894,2894,Franco Suárez,Activo,2025-05-13,2025-05,Córdoba
2895,2895,Alejandro Castillo,Activo,2025-05-13,2025-05,Córdoba
2896,2896,Benjamín Giménez,Activo,2025-05-13,2025-05,Córdoba
2897,2897,Federico Molina,Activo,2025-05-13,2025-05,Buenos Aires
2898,2898,Ezequiel Morales,Activo,2025-05-13,2025-05,Buenos Aires
2899,2899,Sebastián Torres,Activo,2025-05-13,2025-05,Córdoba
2900,2900,Matías Ojeda,Activo,2025-05-14,2025-05,Santa Fe
2901,2901,Emiliano Acosta,Activo,2025-05-14,2025-05,Córdoba
2902,2902,Victoria Herrera,Activo,2025-05-14,2025-05,Buenos Aires
2903,2903,Paula Rodríguez,Activo,2025-05-14,2025-05,
2904,2904,Brenda Peralta,Activo,2025-05-14,2025-05,Santa Fe
2905,2905,Ezequiel López,Activo,2025-05-14,2025-05,
2906,2906,Florencia Sánchez,Activo,2025-05-14,2025-05,Buenos Aires
2907,2907,Ramiro Ríos,Activo,2025-05-14,2025-05,Córdoba
2908,2908,Luciana Álvarez,Activo,2025-05-14,2025-05,Córdoba
2909,2909,Romina Pereyra,Activo,2025-05-14,2025-05,Buenos Aires
2910,2910,Silvina Torres,Activo,2025-05-14,2025-05,Mendoza
2911,2911,Federico Peralta,Activo,2025-05-14,2025-05,Buenos Aires
2912,2912,Rocío Benítez,Activo,2025-05-15,2025-05,Córdoba
2913,2913,Victoria Pereyra,Activo,2025-05-15,2025-05,Santa Fe
2914,2914,Facundo Ledesma,Activo,2025-05-16,2025-05,
2915,2915,Antonella Molina,Activo,2025-05-16,2025-05,
2916,2916,Daniela Rojas,Activo,2025-05-16,2025-05,
2917,2917,Matías Castro,Activo,2025-05-16,2025-05,
2918,2918,Benjamín Giménez,Activo,2025-05-16,2025-05,
2919,2919,Julieta Sánchez,Activo,2025-05-16,2025-05,
2920,2920,Daniela Castro,Activo,2025-05-16,2025-05,Buenos Aires
2921,2921,Ezequiel Vega,Activo,2025-05-17,2025-05,Córdoba
2922,2922,Hernán Pereyra,Activo,2025-05-18,2025-05,Santa Fe
2923,2923,Franco Pérez,Activo,2025-05-18,2025-05,Buenos Aires
2924,2924,Victoria Sánchez,Activo,2025-05-19,2025-05,
2925,2925,Paula Sosa,Inactivo,2025-05-19,2025-05,Santa Fe
2926,2926,Carolina Álvarez,Activo,2025-05-19,2025-05,Córdoba
2927,2927,Hernán Moreno,Activo,2025-05-19,2025-05,Buenos Aires
2928,2928,Ezequiel Ledesma,Activo,2025-05-19,2025-05,Buenos Aires
2929,2929,Belén Medina,Activo,2025-05-20,2025-05,Buenos Aires
2930,2930,Ana González,Activo,2025-05-20,2025-05,Santa Fe
2931,2931,Federico Quiroga,Activo,2025-05-20,2025-05,Santa Fe
2932,2932,Natalia Herrera,Activo,2025-05-20,2025-05,Córdoba
2933,2933,Micaela Romero,Activo,2025-05-21,2025-05,Buenos Aires
2934,2934,Sofía Ruiz,Activo,2025-05-21,2025-05,
2935,2935,Natalia Pérez,Activo,2025-05-21,2025-05,Buenos Aires
2936,2936,Juan González,Activo,2025-05-21,2025-05,Buenos Aires
2937,2937,Victoria Pereyra,Activo,2025-05-21,2025-05,Córdoba
2938,2938,Martín Álvarez,Activo,2025-05-21,2025-05,Buenos Aires
2939,2939,Federico Medina,Activo,2025-05-22,2025-05,
2940,2940,Natalia González,Activo,2025-05-22,2025-05,
2941,2941,Alejandro Medina,Activo,2025-05-22,2025-05,
2942,2942,Mateo Núñez,Activo,2025-05-22,2025-05,Santa Fe
2943,2943,Martina Sánchez,Activo,2025-05-22,2025-05,Mendoza
2944,2944,Catalina Romero,Activo,2025-05-22,2025-05,Santa Fe
2945,2945,Gonzalo Ortiz,Inactivo,2025-05-23,2025-05,
2946,2946,Emiliano Peralta,Activo,2025-05-23,2025-05,Córdoba
2947,2947,Lucas Ramírez,Activo,2025-05-24,2025-05,
2948,2948,Romina Ríos,Activo,2025-05-24,2025-05,
2949,2949,Matías Ferreyra,Activo,2025-05-24,2025-05,
2950,2950,Martín Quiroga,Activo,2025-05-24,2025-05,Santa Fe
2951,2951,Silvina Ramírez,Activo,2025-05-24,2025-05,
2952,2952,Carolina Aguirre,Activo,2025-05-24,2025-05,
2953,2953,Natalia Núñez,Activo,2025-05-25,2025-05,Buenos Aires
2954,2954,Daniela Flores,Activo,2025-05-25,2025-05,
2955,2955,Gabriel Ponce,Activo,2025-05-26,2025-05,Santa Fe
2956,2956,Ignacio López,Activo,2025-05-26,2025-05,
2957,2957,Lucía Peralta,Activo,2025-05-26,2025-05,
2958,2958,María Sánchez,Activo,2025-05-26,2025-05,Santa Fe
2959,2959,Sebastián Vega,Activo,2025-05-26,2025-05,Santa Fe
2960,2960,Ramiro Suárez,Activo,2025-05-26,2025-05,Buenos Aires
2961,2961,Nicolás Castro,Activo,2025-05-27,2025-05,
2962,2962,María Ruiz,Activo,2025-05-27,2025-05,Mendoza
2963,2963,Ezequiel Medina,Activo,2025-05-27,2025-05,Santa Fe
2964,2964,Carolina García,Activo,2025-05-28,2025-05,Córdoba
2965,2965,Pablo Carrizo,Activo,2025-05-28,2025-05,Buenos Aires
2966,2966,Florencia Aguirre,Activo,2025-05-28,2025-05,Mendoza
2967,2967,Victoria Martínez,Activo,2025-05-29,2025-05,Buenos Aires
2968,2968,Ignacio Aguirre,Activo,2025-05-30,2025-05,Buenos Aires
2969,2969,Benjamín Gutiérrez,Activo,2025-05-30,2025-05,
2970,2970,Lucía Álvarez,Activo,2025-05-30,2025-05,
2971,2971,Natalia Díaz,Activo,2025-05-31,2025-05,Santa Fe
2972,2972,Florencia Sánchez,Activo,2025-06-01,2025-06,Buenos Aires
2973,2973,Julieta García,Activo,2025-06-01,2025-06,Santa Fe
2974,2974,Lucía Peralta,Activo,2025-06-01,2025-06,Mendoza
2975,2975,Luciana Ledesma,Activo,2025-06-01,2025-06,Buenos Aires
2976,2976,Nicolás Godoy,Activo,2025-06-01,2025-06,Buenos Aires
2977,2977,Diego Castillo,Activo,2025-06-02,2025-06,Santa Fe
2978,2978,Catalina Quiroga,Activo,2025-06-02,2025-06,
2979,2979,Benjamín Sánchez,Activo,2025-06-02,2025-06,Mendoza
2980,2980,Gonzalo Ortiz,Activo,2025-06-02,2025-06,
2981,2981,Ana Cabrera,Activo,2025-06-03,2025-06,Santa Fe
2982,2982,Joaquín Pereyra,Activo,2025-06-03,2025-06,
2983,2983,Tomás Pereyra,Activo,2025-06-03,2025-06,Mendoza
2984,2984,Facundo Aguirre,Activo,2025-06-03,2025-06,Mendoza
2985,2985,Milagros Gómez,Activo,2025-06-04,2025-06,Santa Fe
2986,2986,Nicolás Acosta,Activo,2025-06-04,2025-06,Buenos Aires
2987,2987,Gonzalo Ramírez,Activo,2025-06-04,2025-06,Santa Fe
2988,2988,Federico Flores,Activo,2025-06-04,2025-06,
2989,2989,Brenda Ramírez,Activo,2025-06-05,2025-06,Mendoza
2990,2990,Victoria Silva,Activo,2025-06-05,2025-06,Santa Fe
2991,2991,Matías Martínez,Activo,2025-06-05,2025-06,
2992,2992,Alejandro Ortiz,Activo,2025-06-05,2025-06,Santa Fe
2993,2993,Tomás Cabrera,Activo,2025-06-05,2025-06,Buenos Aires
2994,2994,Brenda García,Activo,2025-06-05,2025-06,Santa Fe
2995,2995,Sofía Castillo,Activo,2025-06-05,2025-06,
2996,2996,Victoria Díaz,Activo,2025-06-06,2025-06,Mendoza
2997,2997,Mateo Ramírez,Activo,2025-06-06,2025-06,
2998,2998,Benjamín Ojeda,Activo,2025-06-06,2025-06,
2999,2999,Diego Sosa,Activo,2025-06-06,2025-06,
3000,3000,Joaquín Carrizo,Activo,2025-06-06,2025-06,Buenos Aires
3001,3001,Gabriel Ortiz,Activo,2025-06-06,2025-06,
3002,3002,Juan Cabrera,Activo,2025-06-06,2025-06,
3003,3003,Antonella Sosa,Activo,2025-06-07,2025-06,
3004,3004,Tomás Silva,Activo,2025-06-07,2025-06,
3005,3005,Romina Rojas,Activo,2025-06-07,2025-06,Santa Fe
3006,3006,Martín Godoy,Activo,2025-06-07,2025-06,
3007,3007,Alejandro Torres,Activo,2025-06-07,2025-06,
3008,3008,Gabriel Herrera,Activo,2025-06-07,2025-06,
3009,3009,Franco Quiroga,Activo,2025-06-07,2025-06,Santa Fe
3010,3010,Ezequiel Cabrera,Activo,2025-06-08,2025-06,Santa Fe
3011,3011,Hernán Sánchez,Activo,2025-06-08,2025-06,Buenos Aires
3012,3012,Catalina Torres,Activo,2025-06-08,2025-06,
3013,3013,Victoria Muñoz,Activo,2025-06-08,2025-06,Mendoza
3014,3014,Valentina Sánchez,Activo,2025-06-08,2025-06,Santa Fe
3015,3015,Benjamín Medina,Activo,2025-06-08,2025-06,Buenos Aires
3016,3016,Ana Ferreyra,Activo,2025-06-08,2025-06,Mendoza
3017,3017,Nicolás Juárez,Activo,2025-06-09,2025-06,
3018,3018,Brenda Molina,Activo,2025-06-09,2025-06,Buenos Aires
3019,3019,Natalia Morales,Activo,2025-06-09,2025-06,
3020,3020,Julieta García,Activo,2025-06-09,2025-06,Santa Fe
3021,3021,Ana Domínguez,Activo,2025-06-09,2025-06,Mendoza
3022,3022,Valentina López,Activo,2025-06-10,2025-06,Mendoza
3023,3023,Antonella Rojas,Activo,2025-06-10,2025-06,Buenos Aires
3024,3024,Martina Torres,Activo,2025-06-10,2025-06,Mendoza
3025,3025,María García,Activo,2025-06-10,2025-06,
3026,3026,Juan Aguirre,Activo,2025-06-10,2025-06,Santa Fe
3027,3027,Julieta Ortiz,Activo,2025-06-10,2025-06,
3028,3028,Sofía Torres,Activo,2025-06-10,2025-06,Buenos Aires
3029,3029,Antonella Gutiérrez,Activo,2025-06-10,2025-06,Mendoza
3030,3030,Ramiro Medina,Activo,2025-06-11,2025-06,Buenos Aires
3031,3031,Camila Herrera,Activo,2025-06-11,2025-06,Santa Fe
3032,3032,Valentina Ojeda,Activo,2025-06-11,2025-06,Córdoba
3033,3033,Gabriel Sosa,Activo,2025-06-11,2025-06,
3034,3034,Milagros Ruiz,Activo,2025-06-11,2025-06,
3035,3035,Daniela Sánchez,Activo,2025-06-11,2025-06,Buenos Aires
3036,3036,Joaquín Fernández,Activo,2025-06-11,2025-06,Buenos Aires
3037,3037,Julieta Aguirre,Activo,2025-06-12,2025-06,Mendoza
3038,3038,Florencia Molina,Activo,2025-06-12,2025-06,Buenos Aires
3039,3039,Gabriel Ríos,Activo,2025-06-12,2025-06,Córdoba
3040,3040,Camila Aguirre,Activo,2025-06-12,2025-06,
3041,3041,Valentina Moreno,Activo,2025-06-12,2025-06,Córdoba
3042,3042,Martina Morales,Activo,2025-06-12,2025-06,Santa Fe
3043,3043,Ezequiel Muñoz,Activo,2025-06-13,2025-06,Córdoba
3044,3044,Juan Godoy,Activo,2025-06-13,2025-06,
3045,3045,Romina Herrera,Activo,2025-06-13,2025-06,Buenos Aires
3046,3046,Ignacio López,Activo,2025-06-14,2025-06,Buenos Aires
3047,3047,Alejandro Giménez,Activo,2025-06-14,2025-06,
3048,3048,Martín Herrera,Activo,2025-06-14,2025-06,Córdoba
3049,3049,Natalia Pereyra,Activo,2025-06-14,2025-06,Buenos Aires
3050,3050,Victoria Torres,Activo,2025-06-14,2025-06,Santa Fe
3051,3051,Martín Martínez,Activo,2025-06-14,2025-06,Mendoza
3052,3052,Juan Fernández,Activo,2025-06-15,2025-06,Buenos Aires
3053,3053,Joaquín Fernández,Activo,2025-06-15,2025-06,Córdoba
3054,3054,Gonzalo Muñoz,Activo,2025-06-15,2025-06,Buenos Aires
3055,3055,Ignacio Acosta,Activo,2025-06-15,2025-06,Santa Fe
3056,3056,Milagros Castillo,Activo,2025-06-16,2025-06,Buenos Aires
3057,3057,Leandro Silva,Activo,2025-06-16,2025-06,Mendoza
3058,3058,Antonella González,Activo,2025-06-16,2025-06,Buenos Aires
3059,3059,Camila Romero,Activo,2025-06-16,2025-06,
3060,3060,Emiliano Benítez,Activo,2025-06-16,2025-06,Mendoza
3061,3061,Juan Castro,Activo,2025-06-18,2025-06,Santa Fe
3062,3062,Sebastián Rojas,Activo,2025-06-18,2025-06,Mendoza
3063,3063,Franco Rojas,Activo,2025-06-18,2025-06,Buenos Aires
3064,3064,Benjamín Peralta,Activo,2025-06-19,2025-06,Buenos Aires
3065,3065,Tomás Molina,Activo,2025-06-19,2025-06,Córdoba
3066,3066,Ramiro Domínguez,Activo,2025-06-19,2025-06,Córdoba
3067,3067,Belén Fernández,Activo,2025-06-20,2025-06,
3068,3068,Tomás Ojeda,Activo,2025-06-20,2025-06,Córdoba
3069,3069,Florencia Molina,Activo,2025-06-20,2025-06,Santa Fe
3070,3070,Pablo Rojas,Activo,2025-06-21,2025-06,
3071,3071,Agustina Ortiz,Activo,2025-06-21,2025-06,
3072,3072,Santiago Castillo,Activo,2025-06-21,2025-06,
3073,3073,Sebastián Pereyra,Activo,2025-06-22,2025-06,Buenos Aires
3074,3074,Joaquín Martínez,Activo,2025-06-22,2025-06,Córdoba
3075,3075,Joaquín Acosta,Activo,2025-06-22,2025-06,Buenos Aires
3076,3076,Camila Ruiz,Activo,2025-06-23,2025-06,Mendoza
3077,3077,Hernán Molina,Activo,2025-06-23,2025-06,
3078,3078,Martina López,Activo,2025-06-23,2025-06,
3079,3079,Gonzalo Núñez,Activo,2025-06-23,2025-06,
3080,3080,Florencia Flores,Activo,2025-06-24,2025-06,Buenos Aires
3081,3081,Hernán Álvarez,Activo,2025-06-24,2025-06,
3082,3082,Nicolás Gómez,Activo,2025-06-25,2025-06,
3083,3083,Lucas Domínguez,Activo,2025-06-25,2025-06,
3084,3084,María Castro,Activo,2025-06-25,2025-06,Santa Fe
3085,3085,Leandro Romero,Activo,2025-06-25,2025-06,Buenos Aires
3086,3086,Catalina Suárez,Activo,2025-06-25,2025-06,Buenos Aires
3087,3087,Milagros Molina,Activo,2025-06-26,2025-06,Buenos Aires
3088,3088,Alejandro Aguirre,Activo,2025-06-26,2025-06,Buenos Aires
3089,3089,Ana Quiroga,Activo,2025-06-26,2025-06,Córdoba
3090,3090,Juan Núñez,Activo,2025-06-27,2025-06,
3091,3091,Carolina Ojeda,Activo,2025-06-27,2025-06,Santa Fe
3092,3092,Martina Ruiz,Activo,2025-06-27,2025-06,
3093,3093,Catalina Ortiz,Activo,2025-06-27,2025-06,Buenos Aires
3094,3094,Victoria Silva,Activo,2025-06-28,2025-06,Córdoba
3095,3095,Valentina Godoy,Activo,2025-06-28,2025-06,
3096,3096,Gabriel Acosta,Activo,2025-06-28,2025-06,
3097,3097,Ignacio Peralta,Activo,2025-06-29,2025-06,Buenos Aires
3098,3098,Valentina Torres,Activo,2025-06-29,2025-06,Buenos Aires
3099,3099,Julieta Romero,Activo,2025-06-30,2025-06,Mendoza
3100,3100,Gabriel Carrizo,Activo,2025-06-30,2025-06,Córdoba
3101,3101,Lucía Ferreyra,Activo,2025-06-30,2025-06,
3102,3102,Lucía Martínez,Activo,2025-06-30,2025-06,
3103,3103,Daniela Flores,Activo,2025-06-30,2025-06,
3104,3104,Ana Gómez,Activo,2025-06-30,2025-06,Córdoba
3105,3105,Agustina Ruiz,Activo,2025-07-01,2025-07,
3106,3106,Sebastián Vega,Activo,2025-07-01,2025-07,Santa Fe
3107,3107,Sebastián Godoy,Activo,2025-07-01,2025-07,
3108,3108,Julieta Núñez,Activo,2025-07-01,2025-07,Córdoba
3109,3109,Luciana Pérez,Activo,2025-07-01,2025-07,Buenos Aires
3110,3110,Joaquín Silva,Activo,2025-07-02,2025-07,Buenos Aires
3111,3111,Agustina Ortiz,Activo,2025-07-02,2025-07,Córdoba
3112,3112,Julieta Silva,Activo,2025-07-02,2025-07,Santa Fe
3113,3113,Joaquín Rodríguez,Activo,2025-07-03,2025-07,
3114,3114,Facundo Rojas,Activo,2025-07-03,2025-07,Buenos Aires
3115,3115,Agustina Ojeda,Activo,2025-07-04,2025-07,Buenos Aires
3116,3116,Milagros Ramírez,Activo,2025-07-04,2025-07,Santa Fe
3117,3117,Brenda López,Activo,2025-07-04,2025-07,
3118,3118,Julieta Castro,Activo,2025-07-04,2025-07,Mendoza
3119,3119,Gabriel Díaz,Activo,2025-07-05,2025-07,
3120,3120,Luciana Ríos,Activo,2025-07-05,2025-07,Santa Fe
3121,3121,Santiago Castro,Activo,2025-07-05,2025-07,Buenos Aires
3122,3122,Micaela Aguirre,Activo,2025-07-05,2025-07,
3123,3123,Catalina Godoy,Activo,2025-07-06,2025-07,Buenos Aires
3124,3124,Gabriel Luna,Activo,2025-07-07,2025-07,Mendoza
3125,3125,Martín Pereyra,Activo,2025-07-07,2025-07,Buenos Aires
3126,3126,Leandro González,Activo,2025-07-07,2025-07,
3127,3127,Emiliano Molina,Activo,2025-07-07,2025-07,Santa Fe
3128,3128,Victoria Rojas,Activo,2025-07-07,2025-07,
3129,3129,Nicolás Acosta,Activo,2025-07-07,2025-07,Mendoza
3130,3130,Juan Juárez,Activo,2025-07-08,2025-07,Santa Fe
3131,3131,Brenda Castro,Activo,2025-07-08,2025-07,
3132,3132,Gonzalo Quiroga,Activo,2025-07-08,2025-07,
3133,3133,Tomás Moreno,Activo,2025-07-08,2025-07,Buenos Aires
3134,3134,Alejandro García,Activo,2025-07-08,2025-07,Buenos Aires
3135,3135,Alejandro Pereyra,Activo,2025-07-08,2025-07,
3136,3136,Gonzalo Silva,Activo,2025-07-09,2025-07,Córdoba
3137,3137,Carolina Rojas,Activo,2025-07-09,2025-07,Córdoba
3138,3138,Gonzalo Quiroga,Activo,2025-07-09,2025-07,Buenos Aires
3139,3139,Rocío Suárez,Activo,2025-07-10,2025-07,Buenos Aires
3140,3140,Brenda Muñoz,Activo,2025-07-10,2025-07,Córdoba
3141,3141,Camila Cabrera,Activo,2025-07-10,2025-07,
3142,3142,Diego Aguirre,Activo,2025-07-10,2025-07,Buenos Aires
3143,3143,Luciana Castillo,Activo,2025-07-11,2025-07,Buenos Aires
3144,3144,Leandro Ríos,Activo,2025-07-11,2025-07,Buenos Aires
3145,3145,Julieta Martínez,Activo,2025-07-11,2025-07,Santa Fe
3146,3146,Ezequiel Díaz,Activo,2025-07-11,2025-07,Buenos Aires
3147,3147,Milagros Gutiérrez,Activo,2025-07-12,2025-07,
3148,3148,Lucía Díaz,Activo,2025-07-12,2025-07,Santa Fe
3149,3149,Luciana Morales,Activo,2025-07-12,2025-07,Buenos Aires
3150,3150,Santiago López,Activo,2025-07-13,2025-07,Córdoba
3151,3151,Alejandro Juárez,Activo,2025-07-13,2025-07,Buenos Aires
3152,3152,Rocío Romero,Activo,2025-07-13,2025-07,Córdoba
3153,3153,Santiago Ríos,Activo,2025-07-13,2025-07,Córdoba
3154,3154,Sofía Castro,Activo,2025-07-13,2025-07,Santa Fe
3155,3155,Lucas González,Activo,2025-07-14,2025-07,Santa Fe
3156,3156,Facundo Giménez,Activo,2025-07-14,2025-07,
3157,3157,Matías Peralta,Activo,2025-07-14,2025-07,
3158,3158,Victoria Ferreyra,Activo,2025-07-15,2025-07,Mendoza
3159,3159,Sofía Moreno,Activo,2025-07-15,2025-07,
3160,3160,Belén Ledesma,Activo,2025-07-15,2025-07,Santa Fe
3161,3161,Leandro Torres,Activo,2025-07-15,2025-07,
3162,3162,Rocío Aguirre,Activo,2025-07-16,2025-07,
3163,3163,Lucas Molina,Activo,2025-07-17,2025-07,
3164,3164,Rocío Ojeda,Activo,2025-07-17,2025-07,
3165,3165,Tomás Flores,Activo,2025-07-17,2025-07,Mendoza
3166,3166,Hernán Ponce,Activo,2025-07-17,2025-07,Mendoza
3167,3167,Agustina Ruiz,Activo,2025-07-18,2025-07,Córdoba
3168,3168,Martina Rodríguez,Activo,2025-07-18,2025-07,
3169,3169,Julieta Medina,Activo,2025-07-18,2025-07,
3170,3170,Ramiro Sosa,Activo,2025-07-18,2025-07,
3171,3171,Antonella Torres,Activo,2025-07-18,2025-07,Santa Fe
3172,3172,Silvina Gutiérrez,Activo,2025-07-19,2025-07,
3173,3173,Belén Carrizo,Activo,2025-07-19,2025-07,
3174,3174,Paula Ponce,Activo,2025-07-19,2025-07,Buenos Aires
3175,3175,Emiliano Moreno,Activo,2025-07-19,2025-07,Buenos Aires
3176,3176,Romina Juárez,Activo,2025-07-20,2025-07,Buenos Aires
3177,3177,Daniela Giménez,Activo,2025-07-20,2025-07,Mendoza
3178,3178,Camila Suárez,Activo,2025-07-20,2025-07,Buenos Aires
3179,3179,Daniela Aguirre,Activo,2025-07-21,2025-07,Mendoza
3180,3180,Milagros Quiroga,Activo,2025-07-21,2025-07,Santa Fe
3181,3181,Camila Morales,Activo,2025-07-21,2025-07,Buenos Aires
3182,3182,Emiliano Rodríguez,Activo,2025-07-22,2025-07,
3183,3183,Florencia Sosa,Activo,2025-07-22,2025-07,Santa Fe
3184,3184,Gabriel Rojas,Activo,2025-07-22,2025-07,Buenos Aires
3185,3185,Victoria Molina,Activo,2025-07-23,2025-07,Córdoba
3186,3186,Sebastián Gutiérrez,Activo,2025-07-23,2025-07,Córdoba
3187,3187,Nicolás Álvarez,Activo,2025-07-23,2025-07,
3188,3188,Agustina Ledesma,Activo,2025-07-23,2025-07,Mendoza
3189,3189,Belén Aguirre,Activo,2025-07-23,2025-07,Buenos Aires
3190,3190,Martín Domínguez,Activo,2025-07-23,2025-07,Buenos Aires
3191,3191,Gonzalo Gómez,Activo,2025-07-24,2025-07,Buenos Aires
3192,3192,Tomás Ríos,Activo,2025-07-24,2025-07,
3193,3193,Camila Moreno,Activo,2025-07-25,2025-07,
3194,3194,Hernán Núñez,Activo,2025-07-25,2025-07,Santa Fe
3195,3195,Ramiro Álvarez,Activo,2025-07-25,2025-07,Córdoba
3196,3196,Facundo Moreno,Activo,2025-07-25,2025-07,Buenos Aires
3197,3197,Juan Álvarez,Activo,2025-07-26,2025-07,
3198,3198,Nicolás Gómez,Activo,2025-07-26,2025-07,Santa Fe
3199,3199,Milagros Domínguez,Activo,2025-07-26,2025-07,Córdoba
3200,3200,Diego Romero,Activo,2025-07-28,2025-07,
3201,3201,Leandro Ojeda,Activo,2025-07-28,2025-07,
3202,3202,Silvina Díaz,Activo,2025-07-28,2025-07,Buenos Aires
3203,3203,Paula Giménez,Activo,2025-07-28,2025-07,
3204,3204,Silvina Rojas,Activo,2025-07-28,2025-07,
3205,3205,Agustina Pereyra,Activo,2025-07-28,2025-07,
3206,3206,Diego Giménez,Activo,2025-07-28,2025-07,Santa Fe
3207,3207,Juan Giménez,Activo,2025-07-28,2025-07,Córdoba
3208,3208,Hernán Fernández,Activo,2025-07-28,2025-07,
3209,3209,Catalina Ruiz,Activo,2025-07-29,2025-07,
3210,3210,Leandro Castillo,Activo,2025-07-29,2025-07,Santa Fe
3211,3211,Luciana López,Activo,2025-07-30,2025-07,
3212,3212,Natalia Sosa,Activo,2025-07-30,2025-07,Buenos Aires
3213,3213,Martín Núñez,Activo,2025-07-31,2025-07,
3214,3214,Rocío Castillo,Activo,2025-07-31,2025-07,Buenos Aires
3215,3215,Valentina López,Activo,2025-07-31,2025-07,
3216,3216,Catalina Ledesma,Activo,2025-07-31,2025-07,Buenos Aires
3217,3217,Lucía Herrera,Activo,2025-08-01,2025-08,
3218,3218,Agustina Ortiz,Activo,2025-08-01,2025-08,Córdoba
3219,3219,Gabriel Torres,Activo,2025-08-02,2025-08,
3220,3220,Leandro Torres,Activo,2025-08-02,2025-08,Buenos Aires
3221,3221,Florencia Luna,Activo,2025-08-03,2025-08,Córdoba
3222,3222,Juan Suárez,Activo,2025-08-03,2025-08,Santa Fe
3223,3223,Matías Martínez,Activo,2025-08-03,2025-08,Córdoba
3224,3224,Romina Ledesma,Activo,2025-08-03,2025-08,Santa Fe
3225,3225,Sofía Fernández,Activo,2025-08-04,2025-08,Buenos Aires
3226,3226,Franco Medina,Activo,2025-08-04,2025-08,Buenos Aires
3227,3227,Matías Castillo,Activo,2025-08-04,2025-08,Santa Fe
3228,3228,Silvina Gómez,Activo,2025-08-04,2025-08,
3229,3229,Catalina Rodríguez,Activo,2025-08-04,2025-08,Santa Fe
3230,3230,Silvina Fernández,Activo,2025-08-04,2025-08,Buenos Aires
3231,3231,Ezequiel Ríos,Activo,2025-08-04,2025-08,Buenos Aires
3232,3232,Lucía Díaz,Activo,2025-08-05,2025-08,Santa Fe
3233,3233,Sebastián Sosa,Activo,2025-08-05,2025-08,
3234,3234,Hernán Castillo,Activo,2025-08-05,2025-08,Santa Fe
3235,3235,Silvina Godoy,Activo,2025-08-05,2025-08,Buenos Aires
3236,3236,Mateo Núñez,Activo,2025-08-06,2025-08,Córdoba
3237,3237,Agustina Castillo,Activo,2025-08-06,2025-08,
3238,3238,Ezequiel Godoy,Activo,2025-08-06,2025-08,Buenos Aires
3239,3239,Sebastián Sosa,Activo,2025-08-06,2025-08,Buenos Aires
3240,3240,Gabriel López,Activo,2025-08-06,2025-08,
3241,3241,Benjamín Medina,Activo,2025-08-06,2025-08,Buenos Aires
3242,3242,Florencia Fernández,Activo,2025-08-06,2025-08,Buenos Aires
3243,3243,Martín Ojeda,Activo,2025-08-07,2025-08,
3244,3244,Federico Gutiérrez,Activo,2025-08-07,2025-08,
3245,3245,Valentina Castro,Activo,2025-08-07,2025-08,
3246,3246,Agustina Sosa,Activo,2025-08-07,2025-08,Buenos Aires
3247,3247,Belén Gómez,Activo,2025-08-07,2025-08,
3248,3248,Martina Silva,Activo,2025-08-07,2025-08,Santa Fe
3249,3249,Alejandro Morales,Activo,2025-08-08,2025-08,Santa Fe
3250,3250,Micaela Álvarez,Activo,2025-08-09,2025-08,Córdoba
3251,3251,Diego Sánchez,Activo,2025-08-09,2025-08,
3252,3252,Gabriel Ponce,Activo,2025-08-10,2025-08,Mendoza
3253,3253,Nicolás Rodríguez,Activo,2025-08-10,2025-08,Buenos Aires
3254,3254,Gonzalo Martínez,Activo,2025-08-10,2025-08,Buenos Aires
3255,3255,Silvina Medina,Activo,2025-08-10,2025-08,Santa Fe
3256,3256,Romina Domínguez,Activo,2025-08-10,2025-08,Santa Fe
3257,3257,Tomás Pereyra,Activo,2025-08-10,2025-08,Buenos Aires
3258,3258,Alejandro Castillo,Activo,2025-08-10,2025-08,Buenos Aires
3259,3259,Ezequiel Ramírez,Activo,2025-08-10,2025-08,Buenos Aires
3260,3260,Joaquín Godoy,Activo,2025-08-11,2025-08,Córdoba
3261,3261,Franco González,Activo,2025-08-11,2025-08,Buenos Aires
3262,3262,Brenda Díaz,Activo,2025-08-11,2025-08,Mendoza
3263,3263,Ezequiel Aguirre,Activo,2025-08-11,2025-08,Mendoza
3264,3264,Luciana Silva,Activo,2025-08-12,2025-08,Buenos Aires
3265,3265,Martín Juárez,Activo,2025-08-12,2025-08,
3266,3266,Ramiro Juárez,Activo,2025-08-12,2025-08,Córdoba
3267,3267,Micaela Juárez,Activo,2025-08-12,2025-08,Buenos Aires
3268,3268,Victoria Acosta,Activo,2025-08-12,2025-08,Buenos Aires
3269,3269,Victoria Muñoz,Activo,2025-08-12,2025-08,Buenos Aires
3270,3270,Julieta Rojas,Activo,2025-08-13,2025-08,Buenos Aires
3271,3271,Lucas Rojas,Activo,2025-08-13,2025-08,
3272,3272,Milagros Castro,Activo,2025-08-13,2025-08,
3273,3273,Paula Núñez,Activo,2025-08-13,2025-08,Buenos Aires
3274,3274,Brenda Ruiz,Activo,2025-08-14,2025-08,Córdoba
3275,3275,María Ferreyra,Activo,2025-08-14,2025-08,Córdoba
3276,3276,Sebastián Sánchez,Activo,2025-08-14,2025-08,Mendoza
3277,3277,Benjamín Gómez,Activo,2025-08-14,2025-08,Córdoba
3278,3278,Rocío Ferreyra,Activo,2025-08-14,2025-08,Buenos Aires
3279,3279,Romina Ríos,Activo,2025-08-15,2025-08,
3280,3280,Matías López,Activo,2025-08-15,2025-08,Córdoba
3281,3281,Hernán Ruiz,Activo,2025-08-15,2025-08,
3282,3282,Camila Ledesma,Activo,2025-08-15,2025-08,Buenos Aires
3283,3283,Santiago Ruiz,Activo,2025-08-16,2025-08,
3284,3284,Lucía Suárez,Activo,2025-08-16,2025-08,
3285,3285,Santiago Vega,Activo,2025-08-16,2025-08,
3286,3286,Natalia Aguirre,Activo,2025-08-16,2025-08,
3287,3287,Antonella Muñoz,Activo,2025-08-16,2025-08,Buenos Aires
3288,3288,Tomás Suárez,Activo,2025-08-16,2025-08,
3289,3289,Carolina Ortiz,Activo,2025-08-16,2025-08,Buenos Aires
3290,3290,Sebastián Peralta,Activo,2025-08-17,2025-08,Mendoza
3291,3291,Facundo Ponce,Activo,2025-08-17,2025-08,Buenos Aires
3292,3292,Daniela Rodríguez,Activo,2025-08-17,2025-08,Buenos Aires
3293,3293,Lucía Benítez,Activo,2025-08-18,2025-08,Santa Fe
3294,3294,Camila Díaz,Activo,2025-08-18,2025-08,Buenos Aires
3295,3295,Juan Flores,Activo,2025-08-18,2025-08,
3296,3296,Federico Suárez,Activo,2025-08-18,2025-08,Santa Fe
3297,3297,Joaquín Díaz,Activo,2025-08-18,2025-08,Mendoza
3298,3298,Belén Juárez,Activo,2025-08-18,2025-08,Buenos Aires
3299,3299,Brenda Ponce,Activo,2025-08-18,2025-08,Mendoza
3300,3300,Gabriel Peralta,Activo,2025-08-19,2025-08,Córdoba
3301,3301,Micaela Díaz,Activo,2025-08-19,2025-08,
3302,3302,Valentina Domínguez,Activo,2025-08-19,2025-08,Santa Fe
3303,3303,Benjamín Ramírez,Activo,2025-08-20,2025-08,Santa Fe
3304,3304,Paula Torres,Activo,2025-08-20,2025-08,Mendoza
3305,3305,Luciana Quiroga,Activo,2025-08-20,2025-08,
3306,3306,Victoria Godoy,Activo,2025-08-21,2025-08,Mendoza
3307,3307,Victoria Acosta,Activo,2025-08-21,2025-08,Santa Fe
3308,3308,Facundo Díaz,Activo,2025-08-21,2025-08,Buenos Aires
3309,3309,Facundo Godoy,Activo,2025-08-21,2025-08,Córdoba
3310,3310,Camila Silva,Activo,2025-08-21,2025-08,
3311,3311,Sofía Molina,Activo,2025-08-21,2025-08,
3312,3312,Luciana Morales,Activo,2025-08-22,2025-08,
3313,3313,Florencia Rojas,Activo,2025-08-22,2025-08,Buenos Aires
3314,3314,Ana Romero,Activo,2025-08-22,2025-08,
3315,3315,Alejandro Herrera,Activo,2025-08-22,2025-08,Santa Fe
3316,3316,Catalina Giménez,Activo,2025-08-23,2025-08,
3317,3317,Carolina Díaz,Activo,2025-08-23,2025-08,Mendoza
3318,3318,Romina Ponce,Activo,2025-08-23,2025-08,
3319,3319,Catalina Benítez,Activo,2025-08-23,2025-08,Mendoza
3320,3320,Carolina Juárez,Activo,2025-08-24,2025-08,Santa Fe
3321,3321,Alejandro Cabrera,Activo,2025-08-24,2025-08,Santa Fe
3322,3322,Florencia Medina,Activo,2025-08-24,2025-08,Buenos Aires
3323,3323,Silvina Rojas,Activo,2025-08-24,2025-08,Buenos Aires
3324,3324,Juan García,Activo,2025-08-24,2025-08,Mendoza
3325,3325,Rocío Ruiz,Activo,2025-08-25,2025-08,Santa Fe
3326,3326,Sofía García,Activo,2025-08-25,2025-08,Córdoba
3327,3327,Matías Flores,Activo,2025-08-25,2025-08,Buenos Aires
3328,3328,Diego Peralta,Activo,2025-08-25,2025-08,Buenos Aires
3329,3329,Nicolás Núñez,Activo,2025-08-25,2025-08,Santa Fe
3330,3330,Valentina Peralta,Activo,2025-08-26,2025-08,Buenos Aires
3331,3331,Sebastián López,Activo,2025-08-26,2025-08,
3332,3332,Rocío Herrera,Activo,2025-08-26,2025-08,
3333,3333,Joaquín Rodríguez,Activo,2025-08-26,2025-08,Córdoba
3334,3334,Santiago Ledesma,Activo,2025-08-26,2025-08,Santa Fe
3335,3335,Lucas Muñoz,Activo,2025-08-26,2025-08,Buenos Aires
3336,3336,Milagros Ruiz,Activo,2025-08-26,2025-08,Santa Fe
3337,3337,Luciana Herrera,Activo,2025-08-27,2025-08,Santa Fe
3338,3338,Gonzalo Romero,Activo,2025-08-27,2025-08,Córdoba
3339,3339,Julieta Carrizo,Activo,2025-08-27,2025-08,
3340,3340,Romina Vega,Activo,2025-08-27,2025-08,Buenos Aires
3341,3341,Ezequiel Sánchez,Activo,2025-08-27,2025-08,
3342,3342,Hernán Ramírez,Activo,2025-08-27,2025-08,
3343,3343,Franco Morales,Activo,2025-08-28,2025-08,Buenos Aires
3344,3344,Benjamín Ramírez,Activo,2025-08-28,2025-08,Santa Fe
3345,3345,Valentina Muñoz,Activo,2025-08-28,2025-08,
3346,3346,Sebastián García,Activo,2025-08-28,2025-08,Buenos Aires
3347,3347,Luciana Díaz,Activo,2025-08-28,2025-08,Buenos Aires
3348,3348,Camila Gutiérrez,Activo,2025-08-29,2025-08,Buenos Aires
3349,3349,Pablo Peralta,Activo,2025-08-29,2025-08,Santa Fe
3350,3350,Hernán Cabrera,Activo,2025-08-29,2025-08,Mendoza
3351,3351,Santiago Sánchez,Activo,2025-08-30,2025-08,
3352,3352,Santiago Rodríguez,Activo,2025-08-30,2025-08,
3353,3353,Daniela Muñoz,Activo,2025-08-30,2025-08,
3354,3354,Valentina Sosa,Activo,2025-08-30,2025-08,Buenos Aires
3355,3355,Sofía Ponce,Activo,2025-08-30,2025-08,
3356,3356,Lucía Medina,Activo,2025-08-31,2025-08,Mendoza
3357,3357,Julieta Pérez,Activo,2025-08-31,2025-08,Córdoba
3358,3358,Benjamín Silva,Activo,2025-08-31,2025-08,Buenos Aires
3359,3359,Alejandro Moreno,Activo,2025-08-31,2025-08,Santa Fe
3360,3360,Lucía Giménez,Activo,2025-08-31,2025-08,Buenos Aires
3361,3361,Brenda Peralta,Activo,2025-09-01,2025-09,
3362,3362,Nicolás Torres,Activo,2025-09-01,2025-09,Buenos Aires
3363,3363,Diego Ponce,Activo,2025-09-01,2025-09,Mendoza
3364,3364,Julieta Castillo,Activo,2025-09-02,2025-09,Mendoza
3365,3365,Rocío Torres,Activo,2025-09-02,2025-09,Buenos Aires
3366,3366,Emiliano Pereyra,Activo,2025-09-02,2025-09,Córdoba
3367,3367,Federico Sosa,Activo,2025-09-03,2025-09,Buenos Aires
3368,3368,Pablo Muñoz,Activo,2025-09-03,2025-09,Santa Fe
3369,3369,Belén Rojas,Activo,2025-09-03,2025-09,Córdoba
3370,3370,Nicolás Peralta,Activo,2025-09-03,2025-09,Córdoba
3371,3371,Gonzalo Flores,Activo,2025-09-03,2025-09,Buenos Aires
3372,3372,Ezequiel Aguirre,Activo,2025-09-04,2025-09,Mendoza
3373,3373,Belén Pereyra,Activo,2025-09-04,2025-09,
3374,3374,Mateo Ortiz,Activo,2025-09-04,2025-09,
3375,3375,Tomás Molina,Activo,2025-09-04,2025-09,
3376,3376,Ignacio Flores,Activo,2025-09-05,2025-09,Córdoba
3377,3377,Matías Ramírez,Activo,2025-09-05,2025-09,
3378,3378,Lucas González,Activo,2025-09-05,2025-09,
3379,3379,Lucía Núñez,Activo,2025-09-05,2025-09,Buenos Aires
3380,3380,Tomás Aguirre,Activo,2025-09-06,2025-09,Córdoba
3381,3381,María Quiroga,Activo,2025-09-06,2025-09,
3382,3382,Diego Luna,Activo,2025-09-06,2025-09,
3383,3383,Brenda Ponce,Activo,2025-09-06,2025-09,
3384,3384,Gabriel Giménez,Activo,2025-09-06,2025-09,Buenos Aires
3385,3385,Sofía Núñez,Activo,2025-09-06,2025-09,Córdoba
3386,3386,Victoria Juárez,Activo,2025-09-06,2025-09,Mendoza
3387,3387,María Ojeda,Activo,2025-09-06,2025-09,
3388,3388,Lucía Silva,Activo,2025-09-06,2025-09,
3389,3389,Carolina Rodríguez,Activo,2025-09-07,2025-09,Santa Fe
3390,3390,Diego Martínez,Activo,2025-09-07,2025-09,Buenos Aires
3391,3391,Luciana Castillo,Activo,2025-09-08,2025-09,Córdoba
3392,3392,Romina Núñez,Activo,2025-09-08,2025-09,Córdoba
3393,3393,Lucas Ferreyra,Activo,2025-09-08,2025-09,Buenos Aires
3394,3394,Facundo Romero,Activo,2025-09-08,2025-09,Santa Fe
3395,3395,Matías Godoy,Activo,2025-09-08,2025-09,Buenos Aires
3396,3396,Carolina Morales,Activo,2025-09-08,2025-09,Mendoza
3397,3397,Diego Sánchez,Activo,2025-09-09,2025-09,
3398,3398,Carolina Flores,Activo,2025-09-09,2025-09,Córdoba
3399,3399,Emiliano Moreno,Activo,2025-09-09,2025-09,
3400,3400,Benjamín Ojeda,Activo,2025-09-09,2025-09,Santa Fe
3401,3401,Santiago Pereyra,Activo,2025-09-10,2025-09,Córdoba
3402,3402,Tomás Suárez,Activo,2025-09-10,2025-09,Mendoza
3403,3403,Camila Domínguez,Activo,2025-09-10,2025-09,
3404,3404,Rocío Acosta,Activo,2025-09-11,2025-09,Buenos Aires
3405,3405,Santiago Díaz,Activo,2025-09-11,2025-09,Buenos Aires
3406,3406,Mateo González,Activo,2025-09-11,2025-09,
3407,3407,Valentina Luna,Activo,2025-09-12,2025-09,Santa Fe
3408,3408,Rocío Pérez,Activo,2025-09-12,2025-09,Mendoza
3409,3409,Antonella Ponce,Activo,2025-09-12,2025-09,Buenos Aires
3410,3410,Ezequiel Ponce,Activo,2025-09-12,2025-09,Mendoza
3411,3411,Camila Torres,Activo,2025-09-12,2025-09,Buenos Aires
3412,3412,Paula Godoy,Activo,2025-09-13,2025-09,Córdoba
3413,3413,Gabriel González,Activo,2025-09-13,2025-09,Buenos Aires
3414,3414,Sofía Romero,Activo,2025-09-14,2025-09,Mendoza
3415,3415,Silvina Torres,Activo,2025-09-14,2025-09,Córdoba
3416,3416,Franco Flores,Activo,2025-09-15,2025-09,Buenos Aires
3417,3417,Santiago Silva,Activo,2025-09-15,2025-09,Buenos Aires
3418,3418,Lucas Sánchez,Activo,2025-09-16,2025-09,
3419,3419,Milagros Ríos,Activo,2025-09-16,2025-09,Córdoba
3420,3420,Agustina Quiroga,Activo,2025-09-16,2025-09,
3421,3421,Martina Ojeda,Activo,2025-09-17,2025-09,Córdoba
3422,3422,Milagros Medina,Activo,2025-09-18,2025-09,Buenos Aires
3423,3423,Daniela Godoy,Activo,2025-09-18,2025-09,Mendoza
3424,3424,Florencia Herrera,Activo,2025-09-18,2025-09,Buenos Aires
3425,3425,Antonella Ríos,Activo,2025-09-19,2025-09,Buenos Aires
3426,3426,Camila Gómez,Activo,2025-09-19,2025-09,
3427,3427,Luciana Aguirre,Activo,2025-09-19,2025-09,
3428,3428,Paula Ledesma,Activo,2025-09-20,2025-09,Buenos Aires
3429,3429,Paula Quiroga,Activo,2025-09-20,2025-09,Santa Fe
3430,3430,Sofía Núñez,Activo,2025-09-21,2025-09,Santa Fe
3431,3431,Agustina Ojeda,Activo,2025-09-21,2025-09,Córdoba
3432,3432,Lucía Godoy,Activo,2025-09-22,2025-09,Córdoba
3433,3433,Valentina Núñez,Activo,2025-09-22,2025-09,Córdoba
3434,3434,Martina Benítez,Activo,2025-09-22,2025-09,Mendoza
3435,3435,Joaquín Medina,Activo,2025-09-22,2025-09,Mendoza
3436,3436,Antonella Molina,Activo,2025-09-22,2025-09,
3437,3437,Victoria Vega,Activo,2025-09-22,2025-09,Buenos Aires
3438,3438,Antonella Díaz,Activo,2025-09-23,2025-09,Santa Fe
3439,3439,Julieta Suárez,Activo,2025-09-23,2025-09,Buenos Aires
3440,3440,Daniela Godoy,Activo,2025-09-23,2025-09,Buenos Aires
3441,3441,Mateo Vega,Activo,2025-09-23,2025-09,Santa Fe
3442,3442,Benjamín Benítez,Activo,2025-09-23,2025-09,Córdoba
3443,3443,María Díaz,Activo,2025-09-24,2025-09,Buenos Aires
3444,3444,Benjamín Rojas,Activo,2025-09-24,2025-09,
3445,3445,Milagros Álvarez,Activo,2025-09-24,2025-09,
3446,3446,Daniela Vega,Activo,2025-09-25,2025-09,Buenos Aires
3447,3447,Emiliano Flores,Activo,2025-09-25,2025-09,Mendoza
3448,3448,Camila Díaz,Activo,2025-09-26,2025-09,
3449,3449,Paula Quiroga,Activo,2025-09-26,2025-09,
3450,3450,Brenda Morales,Activo,2025-09-26,2025-09,Buenos Aires
3451,3451,Natalia Ledesma,Activo,2025-09-26,2025-09,
3452,3452,Carolina Suárez,Activo,2025-09-26,2025-09,Buenos Aires
3453,3453,Santiago Quiroga,Activo,2025-09-26,2025-09,Córdoba
3454,3454,Ezequiel Moreno,Activo,2025-09-26,2025-09,Buenos Aires
3455,3455,Daniela Godoy,Activo,2025-09-27,2025-09,Santa Fe
3456,3456,Nicolás Ojeda,Activo,2025-09-27,2025-09,Santa Fe
3457,3457,Facundo Vega,Activo,2025-09-27,2025-09,Buenos Aires
3458,3458,Martina Ruiz,Activo,2025-09-27,2025-09,
3459,3459,Emiliano Silva,Activo,2025-09-27,2025-09,
3460,3460,Catalina Acosta,Activo,2025-09-27,2025-09,Mendoza
3461,3461,Julieta Sánchez,Activo,2025-09-28,2025-09,Santa Fe
3462,3462,Benjamín Sosa,Activo,2025-09-28,2025-09,Buenos Aires
3463,3463,Catalina Morales,Activo,2025-09-29,2025-09,
3464,3464,Rocío Acosta,Activo,2025-09-29,2025-09,
3465,3465,Federico Suárez,Activo,2025-09-29,2025-09,Córdoba
3466,3466,Joaquín Ramírez,Activo,2025-09-29,2025-09,
3467,3467,Facundo Torres,Activo,2025-09-30,2025-09,Córdoba
3468,3468,Martina Benítez,Activo,2025-09-30,2025-09,Buenos Aires
3469,3469,Valentina Juárez,Activo,2025-09-30,2025-09,
3470,3470,Ana Gómez,Activo,2025-09-30,2025-09,Buenos Aires
3471,3471,Martín Aguirre,Activo,2025-09-30,2025-09,Santa Fe
-1,,Anónimo,Desconocido,,,
