respuesta_id,fecha,mes,canal,provincia,puntaje,grupo_nps,es_promotor,es_pasivo,es_detractor,comentario
13000000001,20240104,20240101,OFFLINE,,10,Promotor,1,0,0,
13000000002,20240104,20240101,OFFLINE,Santa Fe,8,Pasivo,0,1,0,Podría mejorar el empaque
13000000003,20240105,20240101,OFFLINE,,10,Promotor,1,0,0,Muy buena atención en la tienda
13000000004,20240107,20240101,OFFLINE,,10,Promotor,1,0,0,
13000000005,20240107,20240101,OFFLINE,Santa Fe,10,Promotor,1,0,0,
13000000006,20240109,20240101,OFFLINE,Córdoba,7,Pasivo,0,1,0,
13000000007,20240109,20240101,OFFLINE,Mendoza,10,Promotor,1,0,0,Muy buena atención en la tienda
13000000008,20240109,20240101,OFFLINE,,6,Detractor,0,0,1,La tapa pierde líquido
13000000009,20240109,20240101,OFFLINE,Mendoza,8,Pasivo,0,1,0,
13000000010,20240110,20240101,OFFLINE,Mendoza,10,Promotor,1,0,0,
13000000011,20240110,20240101,OFFLINE,Santa Fe,7,Pasivo,0,1,0,"Correcto, sin sorpresas"
13000000012,20240111,20240101,ONLINE,Buenos Aires,10,Promotor,1,0,0,Muy conforme con la calidad
13000000013,20240111,20240101,ONLINE,Buenos Aires,9,Promotor,1,0,0,Entrega rápida y producto excelente
13000000015,20240112,20240101,ONLINE,Córdoba,8,Pasivo,0,1,0,La entrega podría ser más rápida
13000000016,20240112,20240101,ONLINE,Buenos Aires,7,Pasivo,0,1,0,
13000000017,20240112,20240101,ONLINE,Santa Fe,10,Promotor,1,0,0,Volvería a comprar
13000000018,20240112,20240101,OFFLINE,Mendoza,7,Pasivo,0,1,0,
13000000019,20240112,20240101,ONLINE,Santa Fe,6,Detractor,0,0,1,Llegó con la caja dañada
13000000020,20240112,20240101,OFFLINE,,10,Promotor,1,0,0,Muy buena atención en la tienda
13000000021,20240113,20240101,ONLINE,Buenos Aires,10,Promotor,1,0,0,Todo perfecto
13000000022,20240114,20240101,OFFLINE,,10,Promotor,1,0,0,Volvería a comprar
13000000023,20240114,20240101,OFFLINE,,10,Promotor,1,0,0,"Excelente botella, mantiene la temperatura"
13000000024,20240114,20240101,OFFLINE,Córdoba,10,Promotor,1,0,0,Todo perfecto
13000000025,20240114,20240101,OFFLINE,Buenos Aires,9,Promotor,1,0,0,
13000000026,20240115,20240101,ONLINE,Buenos Aires,8,Pasivo,0,1,0,Podría mejorar el empaque
13000000027,20240115,20240101,ONLINE,Santa Fe,9,Promotor,1,0,0,Volvería a comprar
13000000028,20240116,20240101,ONLINE,Buenos Aires,10,Promotor,1,0,0,
13000000029,20240116,20240101,ONLINE,Santa Fe,8,Pasivo,0,1,0,
13000000030,20240116,20240101,OFFLINE,Buenos Aires,8,Pasivo,0,1,0,
13000000031,20240116,20240101,OFFLINE,Santa Fe,10,Promotor,1,0,0,Volvería a comprar
13000000032,20240116,20240101,ONLINE,Santa Fe,7,Pasivo,0,1,0,La entrega podría ser más rápida
13000000033,20240116,20240101,ONLINE,Córdoba,10,Promotor,1,0,0,Todo perfecto
13000000034,20240116,20240101,ONLINE,Mendoza,8,Pasivo,0,1,0,
13000000035,20240116,20240101,ONLINE,Buenos Aires,9,Promotor,1,0,0,Entrega rápida y producto excelente
13000000036,20240117,20240101,ONLINE,Buenos Aires,7,Pasivo,0,1,0,
13000000037,20240117,20240101,OFFLINE,Córdoba,4,Detractor,0,0,1,Tuve que devolverlo
13000000038,20240117,20240101,ONLINE,Córdoba,10,Promotor,1,0,0,
13000000039,20240118,20240101,OFFLINE,,9,Promotor,1,0,0,
13000000040,20240118,20240101,ONLINE,Buenos Aires,10,Promotor,1,0,0,
13000000041,20240118,20240101,OFFLINE,Córdoba,8,Pasivo,0,1,0,Podría mejorar el empaque
13000000042,20240118,20240101,ONLINE,Santa Fe,5,Detractor,0,0,1,Llegó con la caja dañada
13000000043,20240118,20240101,OFFLINE,Buenos Aires,9,Promotor,1,0,0,"Excelente botella, mantiene la temperatura"
13000000044,20240118,20240101,ONLINE,Buenos Aires,10,Promotor,1,0,0,"Excelente botella, mantiene la temperatura"
13000000045,20240118,20240101,ONLINE,Mendoza,7,Pasivo,0,1,0,Me gustaría más variedad de colores
13000000046,20240119,20240101,OFFLINE,Buenos Aires,10,Promotor,1,0,0,Muy buena atención en la tienda
13000000047,20240119,20240101,ONLINE,Santa Fe,10,Promotor,1,0,0,
13000000048,20240119,20240101,ONLINE,Santa Fe,7,Pasivo,0,1,0,"Buen producto, un poco caro"
13000000049,20240119,20240101,ONLINE,Santa Fe,7,Pasivo,0,1,0,
13000000050,20240120,20240101,ONLINE,Córdoba,6,Detractor,0,0,1,
13000000051,20240120,20240101,ONLINE,Santa Fe,9,Promotor,1,0,0,Volvería a comprar
13000000052,20240120,20240101,OFFLINE,Buenos Aires,8,Pasivo,0,1,0,
13000000053,20240120,20240101,OFFLINE,Santa Fe,4,Detractor,0,0,1,Tuve que devolverlo
13000000054,20240121,20240101,OFFLINE,,9,Promotor,1,0,0,Muy buena atención en la tienda
13000000055,20240121,20240101,OFFLINE,,9,Promotor,1,0,0,
13000000056,20240122,20240101,OFFLINE,,9,Promotor,1,0,0,
13000000057,20240122,20240101,ONLINE,Córdoba,8,Pasivo,0,1,0,La entrega podría ser más rápida
13000000058,20240122,20240101,ONLINE,Santa Fe,8,Pasivo,0,1,0,"Buen producto, un poco caro"
13000000059,20240123,20240101,ONLINE,Córdoba,8,Pasivo,0,1,0,Podría mejorar el empaque
13000000060,20240123,20240101,ONLINE,Buenos Aires,6,Detractor,0,0,1,Tuve que devolverlo
13000000061,20240123,20240101,OFFLINE,,9,Promotor,1,0,0,Muy buena atención en la tienda
13000000063,20240124,20240101,OFFLINE,Córdoba,10,Promotor,1,0,0,
13000000064,20240124,20240101,ONLINE,Buenos Aires,8,Pasivo,0,1,0,
13000000065,20240125,20240101,ONLINE,Buenos Aires,8,Pasivo,0,1,0,La entrega podría ser más rápida
13000000066,20240125,20240101,ONLINE,Mendoza,10,Promotor,1,0,0,
13000000067,20240125,20240101,OFFLINE,,9,Promotor,1,0,0,Muy buena atención en la tienda
13000000070,20240126,20240101,OFFLINE,Mendoza,10,Promotor,1,0,0,Muy buena atención en la tienda
13000000071,20240126,20240101,ONLINE,Córdoba,7,Pasivo,0,1,0,
13000000072,20240126,20240101,ONLINE,Santa Fe,5,Detractor,0,0,1,Tardó mucho más de lo esperado
13000000073,20240126,20240101,ONLINE,Santa Fe,6,Detractor,0,0,1,Llegó con la caja dañada
13000000074,20240127,20240101,OFFLINE,,7,Pasivo,0,1,0,
13000000075,20240127,20240101,OFFLINE,,6,Detractor,0,0,1,La tapa pierde líquido
13000000076,20240128,20240101,OFFLINE,,10,Promotor,1,0,0,
13000000077,20240128,20240101,ONLINE,Mendoza,8,Pasivo,0,1,0,La entrega podría ser más rápida
13000000078,20240129,20240101,ONLINE,Buenos Aires,8,Pasivo,0,1,0,La entrega podría ser más rápida
13000000079,20240129,20240101,ONLINE,Santa Fe,10,Promotor,1,0,0,Muy conforme con la calidad
13000000080,20240130,20240101,ONLINE,Buenos Aires,6,Detractor,0,0,1,
13000000081,20240130,20240101,OFFLINE,,8,Pasivo,0,1,0,"Correcto, sin sorpresas"
13000000082,20240130,20240101,OFFLINE,Buenos Aires,9,Promotor,1,0,0,
13000000083,20240131,20240101,ONLINE,Buenos Aires,10,Promotor,1,0,0,
13000000084,20240131,20240101,ONLINE,Buenos Aires,9,Promotor,1,0,0,
13000000085,20240201,20240201,ONLINE,Mendoza,9,Promotor,1,0,0,Todo perfecto
13000000087,20240201,20240201,OFFLINE,,10,Promotor,1,0,0,
13000000088,20240201,20240201,OFFLINE,,10,Promotor,1,0,0,
13000000089,20240201,20240201,OFFLINE,,6,Detractor,0,0,1,
13000000090,20240201,20240201,ONLINE,Buenos Aires,7,Pasivo,0,1,0,
13000000091,20240202,20240201,ONLINE,Mendoza,7,Pasivo,0,1,0,"Buen producto, un poco caro"
13000000092,20240202,20240201,ONLINE,Buenos Aires,10,Promotor,1,0,0,
13000000093,20240202,20240201,ONLINE,Córdoba,5,Detractor,0,0,1,No cumplió mis expectativas
13000000094,20240203,20240201,OFFLINE,Buenos Aires,9,Promotor,1,0,0,Muy buena atención en la tienda
13000000095,20240203,20240201,OFFLINE,Santa Fe,10,Promotor,1,0,0,
13000000096,20240203,20240201,ONLINE,Santa Fe,7,Pasivo,0,1,0,La entrega podría ser más rápida
13000000097,20240203,20240201,OFFLINE,Mendoza,9,Promotor,1,0,0,Muy buena atención en la tienda
13000000098,20240203,20240201,ONLINE,Córdoba,9,Promotor,1,0,0,
13000000099,20240203,20240201,OFFLINE,Córdoba,9,Promotor,1,0,0,
13000000100,20240204,20240201,OFFLINE,Buenos Aires,9,Promotor,1,0,0,Todo perfecto
13000000101,20240204,20240201,OFFLINE,,8,Pasivo,0,1,0,"Correcto, sin sorpresas"
13000000102,20240204,20240201,OFFLINE,,9,Promotor,1,0,0,
13000000103,20240205,20240201,OFFLINE,Buenos Aires,6,Detractor,0,0,1,Llegó con la caja dañada
13000000104,20240205,20240201,ONLINE,Córdoba,5,Detractor,0,0,1,Llegó con la caja dañada
13000000105,20240206,20240201,ONLINE,Buenos Aires,8,Pasivo,0,1,0,
13000000106,20240207,20240201,ONLINE,Buenos Aires,10,Promotor,1,0,0,
13000000107,20240207,20240201,ONLINE,Buenos Aires,6,Detractor,0,0,1,
13000000108,20240207,20240201,ONLINE,Buenos Aires,8,Pasivo,0,1,0,
13000000109,20240207,20240201,OFFLINE,Buenos Aires,10,Promotor,1,0,0,Muy conforme con la calidad
13000000110,20240208,20240201,OFFLINE,,9,Promotor,1,0,0,
13000000111,20240208,20240201,OFFLINE,Córdoba,8,Pasivo,0,1,0,
13000000112,20240208,20240201,ONLINE,Córdoba,7,Pasivo,0,1,0,Me gustaría más variedad de colores
13000000113,20240208,20240201,ONLINE,Santa Fe,6,Detractor,0,0,1,No cumplió mis expectativas
13000000114,20240209,20240201,ONLINE,Mendoza,10,Promotor,1,0,0,Entrega rápida y producto excelente
13000000115,20240209,20240201,ONLINE,Mendoza,10,Promotor,1,0,0,Entrega rápida y producto excelente
13000000116,20240209,20240201,ONLINE,Córdoba,6,Detractor,0,0,1,
13000000117,20240209,20240201,ONLINE,Buenos Aires,8,Pasivo,0,1,0,
13000000118,20240210,20240201,OFFLINE,Santa Fe,8,Pasivo,0,1,0,"Correcto, sin sorpresas"
13000000119,20240210,20240201,OFFLINE,,7,Pasivo,0,1,0,
13000000120,20240210,20240201,OFFLINE,,6,Detractor,0,0,1,La tapa pierde líquido
13000000121,20240211,20240201,OFFLINE,,10,Promotor,1,0,0,
13000000122,20240211,20240201,OFFLINE,,7,Pasivo,0,1,0,"Buen producto, un poco caro"
13000000124,20240212,20240201,ONLINE,Santa Fe,5,Detractor,0,0,1,La tapa pierde líquido
13000000125,20240212,20240201,ONLINE,Buenos Aires,10,Promotor,1,0,0,
13000000126,20240212,20240201,ONLINE,Córdoba,10,Promotor,1,0,0,"Excelente botella, mantiene la temperatura"
13000000127,20240213,20240201,ONLINE,Mendoza,6,Detractor,0,0,1,No cumplió mis expectativas
13000000128,20240213,20240201,ONLINE,Buenos Aires,10,Promotor,1,0,0,
13000000129,20240213,20240201,ONLINE,Córdoba,7,Pasivo,0,1,0,La entrega podría ser más rápida
13000000130,20240214,20240201,OFFLINE,,4,Detractor,0,0,1,La tapa pierde líquido
13000000131,20240214,20240201,ONLINE,Buenos Aires,8,Pasivo,0,1,0,La entrega podría ser más rápida
13000000132,20240214,20240201,ONLINE,Buenos Aires,9,Promotor,1,0,0,Entrega rápida y producto excelente
13000000133,20240214,20240201,ONLINE,Buenos Aires,9,Promotor,1,0,0,Volvería a comprar
13000000135,20240214,20240201,ONLINE,Córdoba,7,Pasivo,0,1,0,"Correcto, sin sorpresas"
13000000136,20240214,20240201,ONLINE,Santa Fe,9,Promotor,1,0,0,
13000000137,20240214,20240201,OFFLINE,,8,Pasivo,0,1,0,Me gustaría más variedad de colores
13000000138,20240215,20240201,ONLINE,Mendoza,10,Promotor,1,0,0,Volvería a comprar
13000000139,20240215,20240201,ONLINE,Santa Fe,8,Pasivo,0,1,0,Podría mejorar el empaque
13000000140,20240216,20240201,ONLINE,Mendoza,7,Pasivo,0,1,0,La entrega podría ser más rápida
13000000142,20240216,20240201,OFFLINE,Mendoza,5,Detractor,0,0,1,Tuve que esperar mucho en la caja
13000000143,20240216,20240201,ONLINE,Santa Fe,10,Promotor,1,0,0,"Excelente botella, mantiene la temperatura"
13000000144,20240217,20240201,OFFLINE,,8,Pasivo,0,1,0,Podría mejorar el empaque
13000000145,20240217,20240201,ONLINE,Santa Fe,8,Pasivo,0,1,0,
13000000146,20240217,20240201,ONLINE,Córdoba,8,Pasivo,0,1,0,La entrega podría ser más rápida
13000000147,20240218,20240201,ONLINE,Buenos Aires,8,Pasivo,0,1,0,
13000000148,20240218,20240201,OFFLINE,Córdoba,9,Promotor,1,0,0,Muy buena atención en la tienda
13000000149,20240218,20240201,OFFLINE,,8,Pasivo,0,1,0,"Buen producto, un poco caro"
13000000150,20240218,20240201,OFFLINE,,9,Promotor,1,0,0,Muy buena atención en la tienda
13000000151,20240218,20240201,OFFLINE,Mendoza,6,Detractor,0,0,1,La tapa pierde líquido
13000000152,20240219,20240201,ONLINE,Santa Fe,10,Promotor,1,0,0,Entrega rápida y producto excelente
13000000153,20240220,20240201,OFFLINE,Mendoza,8,Pasivo,0,1,0,
13000000154,20240220,20240201,ONLINE,Buenos Aires,9,Promotor,1,0,0,Entrega rápida y producto excelente
13000000155,20240220,20240201,OFFLINE,,8,Pasivo,0,1,0,
13000000156,20240220,20240201,OFFLINE,,10,Promotor,1,0,0,Muy buena atención en la tienda
13000000157,20240220,20240201,ONLINE,Buenos Aires,9,Promotor,1,0,0,Entrega rápida y producto excelente
13000000159,20240221,20240201,ONLINE,Mendoza,10,Promotor,1,0,0,Entrega rápida y producto excelente
13000000160,20240221,20240201,ONLINE,Córdoba,6,Detractor,0,0,1,La tapa pierde líquido
13000000161,20240221,20240201,ONLINE,Buenos Aires,8,Pasivo,0,1,0,
13000000162,20240221,20240201,OFFLINE,,10,Promotor,1,0,0,Volvería a comprar
13000000163,20240221,20240201,ONLINE,Mendoza,9,Promotor,1,0,0,
13000000164,20240221,20240201,OFFLINE,Santa Fe,7,Pasivo,0,1,0,
13000000165,20240222,20240201,ONLINE,Buenos Aires,10,Promotor,1,0,0,
13000000166,20240222,20240201,OFFLINE,,10,Promotor,1,0,0,
13000000167,20240222,20240201,OFFLINE,Buenos Aires,9,Promotor,1,0,0,Muy buena atención en la tienda
13000000168,20240222,20240201,OFFLINE,,10,Promotor,1,0,0,Muy buena atención en la tienda
13000000169,20240222,20240201,ONLINE,Córdoba,9,Promotor,1,0,0,Entrega rápida y producto excelente
13000000170,20240223,20240201,ONLINE,Mendoza,9,Promotor,1,0,0,Entrega rápida y producto excelente
13000000171,20240223,20240201,ONLINE,Santa Fe,7,Pasivo,0,1,0,La entrega podría ser más rápida
13000000172,20240223,20240201,ONLINE,Córdoba,4,Detractor,0,0,1,Llegó con la caja dañada
13000000173,20240223,20240201,ONLINE,Mendoza,9,Promotor,1,0,0,Todo perfecto
13000000174,20240224,20240201,OFFLINE,,8,Pasivo,0,1,0,"Correcto, sin sorpresas"
13000000175,20240224,20240201,OFFLINE,Buenos Aires,9,Promotor,1,0,0,Volvería a comprar
13000000176,20240225,20240201,OFFLINE,Santa Fe,9,Promotor,1,0,0,Muy buena atención en la tienda
13000000177,20240225,20240201,OFFLINE,Buenos Aires,5,Detractor,0,0,1,No cumplió mis expectativas
13000000178,20240225,20240201,OFFLINE,,7,Pasivo,0,1,0,
13000000179,20240226,20240201,ONLINE,Buenos Aires,6,Detractor,0,0,1,Llegó con la caja dañada
13000000180,20240226,20240201,ONLINE,Buenos Aires,8,Pasivo,0,1,0,La entrega podría ser más rápida
13000000181,20240226,20240201,OFFLINE,Santa Fe,8,Pasivo,0,1,0,Podría mejorar el empaque
13000000182,20240227,20240201,OFFLINE,,10,Promotor,1,0,0,Todo perfecto
13000000183,20240227,20240201,ONLINE,Buenos Aires,10,Promotor,1,0,0,"Excelente botella, mantiene la temperatura"
13000000184,20240227,20240201,ONLINE,Buenos Aires,8,Pasivo,0,1,0,Podría mejorar el empaque
13000000185,20240227,20240201,ONLINE,Mendoza,10,Promotor,1,0,0,Entrega rápida y producto excelente
13000000186,20240228,20240201,OFFLINE,Buenos Aires,8,Pasivo,0,1,0,Me gustaría más variedad de colores
13000000187,20240228,20240201,ONLINE,Buenos Aires,10,Promotor,1,0,0,Muy conforme con la calidad
13000000188,20240228,20240201,ONLINE,Buenos Aires,5,Detractor,0,0,1,No cumplió mis expectativas
13000000189,20240229,20240201,OFFLINE,Mendoza,10,Promotor,1,0,0,
13000000190,20240229,20240201,ONLINE,Córdoba,10,Promotor,1,0,0,
13000000191,20240229,20240201,ONLINE,Mendoza,8,Pasivo,0,1,0,
13000000192,20240229,20240201,ONLINE,Mendoza,5,Detractor,0,0,1,
13000000193,20240229,20240201,OFFLINE,,10,Promotor,1,0,0,Muy buena atención en la tienda
13000000194,20240229,20240201,ONLINE,Santa Fe,8,Pasivo,0,1,0,"Correcto, sin sorpresas"
13000000195,20240229,20240201,ONLINE,Santa Fe,8,Pasivo,0,1,0,
13000000196,20240229,20240201,ONLINE,Buenos Aires,6,Detractor,0,0,1,Llegó con la caja dañada
13000000197,20240229,20240201,ONLINE,Córdoba,10,Promotor,1,0,0,Entrega rápida y producto excelente
13000000198,20240229,20240201,OFFLINE,Buenos Aires,8,Pasivo,0,1,0,Podría mejorar el empaque
13000000199,20240229,20240201,ONLINE,Mendoza,9,Promotor,1,0,0,Entrega rápida y producto excelente
13000000200,20240229,20240201,OFFLINE,Mendoza,7,Pasivo,0,1,0,
13000000201,20240301,20240301,ONLINE,Mendoza,10,Promotor,1,0,0,Entrega rápida y producto excelente
13000000202,20240301,20240301,ONLINE,Córdoba,10,Promotor,1,0,0,
13000000203,20240301,20240301,ONLINE,Córdoba,9,Promotor,1,0,0,
13000000204,20240301,20240301,ONLINE,Córdoba,10,Promotor,1,0,0,
13000000205,20240301,20240301,ONLINE,Buenos Aires,8,Pasivo,0,1,0,
13000000206,20240301,20240301,ONLINE,Córdoba,8,Pasivo,0,1,0,
13000000207,20240301,20240301,OFFLINE,Córdoba,10,Promotor,1,0,0,
13000000208,20240302,20240301,OFFLINE,,8,Pasivo,0,1,0,Podría mejorar el empaque
13000000209,20240302,20240301,OFFLINE,Córdoba,5,Detractor,0,0,1,Tuve que devolverlo
13000000210,20240302,20240301,OFFLINE,,9,Promotor,1,0,0,
13000000211,20240302,20240301,OFFLINE,,10,Promotor,1,0,0,Muy buena atención en la tienda
13000000212,20240303,20240301,OFFLINE,Mendoza,9,Promotor,1,0,0,
13000000213,20240303,20240301,OFFLINE,Córdoba,8,Pasivo,0,1,0,Podría mejorar el empaque
13000000214,20240303,20240301,OFFLINE,,9,Promotor,1,0,0,Muy buena atención en la tienda
13000000215,20240304,20240301,OFFLINE,,10,Promotor,1,0,0,Muy buena atención en la tienda
13000000216,20240304,20240301,ONLINE,Santa Fe,5,Detractor,0,0,1,Tardó mucho más de lo esperado
13000000217,20240305,20240301,ONLINE,Santa Fe,6,Detractor,0,0,1,
13000000218,20240305,20240301,ONLINE,Santa Fe,7,Pasivo,0,1,0,La entrega podría ser más rápida
13000000219,20240305,20240301,OFFLINE,Córdoba,10,Promotor,1,0,0,
13000000220,20240305,20240301,ONLINE,Buenos Aires,10,Promotor,1,0,0,"Excelente botella, mantiene la temperatura"
13000000221,20240305,20240301,ONLINE,Córdoba,8,Pasivo,0,1,0,La entrega podría ser más rápida
13000000222,20240305,20240301,OFFLINE,Santa Fe,7,Pasivo,0,1,0,
13000000223,20240306,20240301,ONLINE,Buenos Aires,8,Pasivo,0,1,0,La entrega podría ser más rápida
13000000224,20240306,20240301,OFFLINE,Mendoza,10,Promotor,1,0,0,"Excelente botella, mantiene la temperatura"
13000000225,20240306,20240301,ONLINE,Santa Fe,8,Pasivo,0,1,0,Podría mejorar el empaque
13000000226,20240306,20240301,ONLINE,Santa Fe,5,Detractor,0,0,1,La tapa pierde líquido
13000000227,20240306,20240301,ONLINE,Buenos Aires,7,Pasivo,0,1,0,La entrega podría ser más rápida
13000000228,20240306,20240301,ONLINE,Santa Fe,9,Promotor,1,0,0,Entrega rápida y producto excelente
13000000229,20240307,20240301,ONLINE,Buenos Aires,5,Detractor,0,0,1,No cumplió mis expectativas
13000000230,20240307,20240301,ONLINE,Mendoza,10,Promotor,1,0,0,Muy conforme con la calidad
13000000231,20240307,20240301,ONLINE,Córdoba,10,Promotor,1,0,0,Todo perfecto
13000000232,20240307,20240301,ONLINE,Córdoba,7,Pasivo,0,1,0,"Correcto, sin sorpresas"
13000000233,20240307,20240301,OFFLINE,Córdoba,10,Promotor,1,0,0,Muy conforme con la calidad
13000000235,20240307,20240301,OFFLINE,Córdoba,9,Promotor,1,0,0,Muy buena atención en la tienda
13000000236,20240307,20240301,ONLINE,Buenos Aires,8,Pasivo,0,1,0,
13000000237,20240308,20240301,ONLINE,Buenos Aires,10,Promotor,1,0,0,Entrega rápida y producto excelente
13000000238,20240308,20240301,ONLINE,Buenos Aires,9,Promotor,1,0,0,Entrega rápida y producto excelente
13000000239,20240308,20240301,OFFLINE,,8,Pasivo,0,1,0,
13000000240,20240308,20240301,OFFLINE,,10,Promotor,1,0,0,
13000000241,20240308,20240301,ONLINE,Buenos Aires,9,Promotor,1,0,0,"Excelente botella, mantiene la temperatura"
13000000242,20240308,20240301,ONLINE,Santa Fe,9,Promotor,1,0,0,
13000000243,20240308,20240301,ONLINE,Córdoba,10,Promotor,1,0,0,
13000000244,20240308,20240301,ONLINE,Santa Fe,10,Promotor,1,0,0,Entrega rápida y producto excelente
13000000245,20240308,20240301,OFFLINE,Santa Fe,5,Detractor,0,0,1,No cumplió mis expectativas
13000000246,20240308,20240301,ONLINE,Mendoza,10,Promotor,1,0,0,
13000000248,20240309,20240301,OFFLINE,,8,Pasivo,0,1,0,
13000000249,20240309,20240301,ONLINE,Buenos Aires,5,Detractor,0,0,1,La tapa pierde líquido
13000000250,20240309,20240301,OFFLINE,,9,Promotor,1,0,0,Volvería a comprar
13000000251,20240309,20240301,OFFLINE,Córdoba,7,Pasivo,0,1,0,
13000000252,20240310,20240301,OFFLINE,Santa Fe,8,Pasivo,0,1,0,"Correcto, sin sorpresas"
13000000253,20240310,20240301,OFFLINE,Córdoba,10,Promotor,1,0,0,Muy buena atención en la tienda
13000000254,20240310,20240301,OFFLINE,,4,Detractor,0,0,1,Poco stock en la tienda
13000000255,20240311,20240301,OFFLINE,Buenos Aires,8,Pasivo,0,1,0,Podría mejorar el empaque
13000000256,20240311,20240301,ONLINE,Mendoza,10,Promotor,1,0,0,Entrega rápida y producto excelente
13000000257,20240311,20240301,ONLINE,Mendoza,10,Promotor,1,0,0,
13000000258,20240311,20240301,ONLINE,Buenos Aires,10,Promotor,1,0,0,Entrega rápida y producto excelente
13000000259,20240311,20240301,ONLINE,Mendoza,8,Pasivo,0,1,0,
13000000260,20240312,20240301,OFFLINE,Buenos Aires,8,Pasivo,0,1,0,
13000000261,20240312,20240301,ONLINE,Buenos Aires,4,Detractor,0,0,1,No cumplió mis expectativas
13000000262,20240312,20240301,ONLINE,Córdoba,8,Pasivo,0,1,0,"Correcto, sin sorpresas"
13000000263,20240312,20240301,ONLINE,Buenos Aires,10,Promotor,1,0,0,Entrega rápida y producto excelente
13000000264,20240312,20240301,ONLINE,Buenos Aires,10,Promotor,1,0,0,
13000000265,20240312,20240301,ONLINE,Buenos Aires,10,Promotor,1,0,0,Entrega rápida y producto excelente
13000000266,20240312,20240301,ONLINE,Buenos Aires,10,Promotor,1,0,0,
13000000267,20240313,20240301,ONLINE,Córdoba,5,Detractor,0,0,1,
13000000269,20240313,20240301,OFFLINE,,9,Promotor,1,0,0,Todo perfecto
13000000270,20240313,20240301,ONLINE,Buenos Aires,9,Promotor,1,0,0,Entrega rápida y producto excelente
13000000271,20240313,20240301,OFFLINE,Mendoza,9,Promotor,1,0,0,
13000000272,20240313,20240301,OFFLINE,Mendoza,9,Promotor,1,0,0,Volvería a comprar
13000000273,20240314,20240301,ONLINE,Córdoba,7,Pasivo,0,1,0,
13000000274,20240314,20240301,ONLINE,Mendoza,9,Promotor,1,0,0,
13000000275,20240314,20240301,OFFLINE,,7,Pasivo,0,1,0,
13000000276,20240314,20240301,ONLINE,Córdoba,10,Promotor,1,0,0,Entrega rápida y producto excelente
13000000277,20240314,20240301,ONLINE,Mendoza,7,Pasivo,0,1,0,
13000000278,20240314,20240301,ONLINE,Buenos Aires,5,Detractor,0,0,1,No cumplió mis expectativas
13000000279,20240314,20240301,OFFLINE,,5,Detractor,0,0,1,La tapa pierde líquido
13000000280,20240314,20240301,ONLINE,Mendoza,8,Pasivo,0,1,0,
13000000281,20240314,20240301,ONLINE,Buenos Aires,8,Pasivo,0,1,0,
13000000282,20240314,20240301,ONLINE,Santa Fe,8,Pasivo,0,1,0,Podría mejorar el empaque
13000000283,20240315,20240301,ONLINE,Buenos Aires,8,Pasivo,0,1,0,Podría mejorar el empaque
13000000284,20240315,20240301,ONLINE,Santa Fe,9,Promotor,1,0,0,
13000000285,20240315,20240301,OFFLINE,,8,Pasivo,0,1,0,"Buen producto, un poco caro"
13000000286,20240315,20240301,ONLINE,Buenos Aires,10,Promotor,1,0,0,Entrega rápida y producto excelente
13000000287,20240315,20240301,OFFLINE,Córdoba,8,Pasivo,0,1,0,Podría mejorar el empaque
13000000288,20240315,20240301,ONLINE,Santa Fe,10,Promotor,1,0,0,Entrega rápida y producto excelente
13000000289,20240317,20240301,OFFLINE,,8,Pasivo,0,1,0,Me gustaría más variedad de colores
13000000290,20240317,20240301,OFFLINE,,5,Detractor,0,0,1,No cumplió mis expectativas
13000000291,20240317,20240301,OFFLINE,,9,Promotor,1,0,0,"Excelente botella, mantiene la temperatura"
13000000292,20240318,20240301,OFFLINE,,8,Pasivo,0,1,0,Me gustaría más variedad de colores
13000000293,20240318,20240301,ONLINE,Mendoza,1,Detractor,0,0,1,Tardó mucho más de lo esperado
13000000294,20240319,20240301,OFFLINE,Santa Fe,8,Pasivo,0,1,0,Podría mejorar el empaque
13000000295,20240319,20240301,OFFLINE,Mendoza,9,Promotor,1,0,0,Muy buena atención en la tienda
13000000296,20240319,20240301,ONLINE,Santa Fe,6,Detractor,0,0,1,Tardó mucho más de lo esperado
13000000297,20240320,20240301,ONLINE,Buenos Aires,9,Promotor,1,0,0,
13000000298,20240320,20240301,OFFLINE,,8,Pasivo,0,1,0,
13000000299,20240320,20240301,ONLINE,Córdoba,9,Promotor,1,0,0,"Excelente botella, mantiene la temperatura"
13000000300,20240320,20240301,ONLINE,Buenos Aires,8,Pasivo,0,1,0,
13000000301,20240321,20240301,ONLINE,Santa Fe,5,Detractor,0,0,1,Llegó con la caja dañada
13000000302,20240321,20240301,ONLINE,Buenos Aires,7,Pasivo,0,1,0,Podría mejorar el empaque
13000000303,20240321,20240301,OFFLINE,,10,Promotor,1,0,0,
13000000304,20240321,20240301,ONLINE,Buenos Aires,7,Pasivo,0,1,0,
13000000305,20240321,20240301,OFFLINE,,9,Promotor,1,0,0,Muy buena atención en la tienda
13000000306,20240321,20240301,OFFLINE,Buenos Aires,7,Pasivo,0,1,0,
13000000307,20240322,20240301,OFFLINE,Santa Fe,10,Promotor,1,0,0,
13000000308,20240322,20240301,ONLINE,Buenos Aires,10,Promotor,1,0,0,
13000000310,20240322,20240301,OFFLINE,,8,Pasivo,0,1,0,
13000000311,20240322,20240301,ONLINE,Buenos Aires,10,Promotor,1,0,0,Todo perfecto
13000000312,20240322,20240301,ONLINE,Buenos Aires,6,Detractor,0,0,1,Llegó con la caja dañada
13000000313,20240322,20240301,ONLINE,Buenos Aires,10,Promotor,1,0,0,Todo perfecto
13000000314,20240322,20240301,ONLINE,Córdoba,9,Promotor,1,0,0,
13000000315,20240322,20240301,ONLINE,Mendoza,8,Pasivo,0,1,0,La entrega podría ser más rápida
13000000317,20240323,20240301,ONLINE,Mendoza,7,Pasivo,0,1,0,Me gustaría más variedad de colores
13000000318,20240324,20240301,OFFLINE,,4,Detractor,0,0,1,Tuve que devolverlo
13000000319,20240324,20240301,OFFLINE,,8,Pasivo,0,1,0,
13000000320,20240324,20240301,OFFLINE,Mendoza,7,Pasivo,0,1,0,"Correcto, sin sorpresas"
13000000321,20240325,20240301,ONLINE,Buenos Aires,8,Pasivo,0,1,0,
13000000323,20240326,20240301,ONLINE,Buenos Aires,7,Pasivo,0,1,0,La entrega podría ser más rápida
13000000324,20240326,20240301,ONLINE,Buenos Aires,9,Promotor,1,0,0,Entrega rápida y producto excelente
13000000325,20240326,20240301,ONLINE,Córdoba,9,Promotor,1,0,0,Entrega rápida y producto excelente
13000000326,20240326,20240301,ONLINE,Córdoba,8,Pasivo,0,1,0,La entrega podría ser más rápida
13000000327,20240327,20240301,ONLINE,Buenos Aires,9,Promotor,1,0,0,Entrega rápida y producto excelente
13000000328,20240327,20240301,ONLINE,Santa Fe,9,Promotor,1,0,0,Muy conforme con la calidad
13000000329,20240327,20240301,ONLINE,Mendoza,9,Promotor,1,0,0,Entrega rápida y producto excelente
13000000330,20240327,20240301,ONLINE,Buenos Aires,4,Detractor,0,0,1,Llegó con la caja dañada
13000000331,20240327,20240301,ONLINE,Buenos Aires,7,Pasivo,0,1,0,La entrega podría ser más rápida
13000000332,20240328,20240301,ONLINE,Córdoba,6,Detractor,0,0,1,Llegó con la caja dañada
13000000333,20240328,20240301,ONLINE,Buenos Aires,8,Pasivo,0,1,0,
13000000334,20240328,20240301,ONLINE,Santa Fe,7,Pasivo,0,1,0,La entrega podría ser más rápida
13000000335,20240328,20240301,ONLINE,Córdoba,7,Pasivo,0,1,0,"Correcto, sin sorpresas"
13000000336,20240328,20240301,ONLINE,Buenos Aires,8,Pasivo,0,1,0,
13000000338,20240329,20240301,OFFLINE,,10,Promotor,1,0,0,Muy conforme con la calidad
13000000339,20240329,20240301,ONLINE,Córdoba,10,Promotor,1,0,0,"Excelente botella, mantiene la temperatura"
13000000341,20240330,20240301,OFFLINE,,9,Promotor,1,0,0,
13000000342,20240331,20240301,OFFLINE,Santa Fe,5,Detractor,0,0,1,Poco stock en la tienda
13000000343,20240331,20240301,OFFLINE,Buenos Aires,9,Promotor,1,0,0,Muy buena atención en la tienda
13000000344,20240331,20240301,OFFLINE,Santa Fe,9,Promotor,1,0,0,Todo perfecto
13000000345,20240401,20240401,ONLINE,Mendoza,8,Pasivo,0,1,0,"Correcto, sin sorpresas"
13000000346,20240402,20240401,ONLINE,Santa Fe,10,Promotor,1,0,0,Entrega rápida y producto excelente
13000000347,20240402,20240401,ONLINE,Santa Fe,8,Pasivo,0,1,0,La entrega podría ser más rápida
13000000348,20240402,20240401,ONLINE,Buenos Aires,6,Detractor,0,0,1,
13000000349,20240402,20240401,ONLINE,Santa Fe,6,Detractor,0,0,1,No cumplió mis expectativas
13000000350,20240402,20240401,ONLINE,Buenos Aires,10,Promotor,1,0,0,
13000000351,20240403,20240401,OFFLINE,,6,Detractor,0,0,1,No cumplió mis expectativas
13000000352,20240403,20240401,ONLINE,Córdoba,7,Pasivo,0,1,0,"Correcto, sin sorpresas"
13000000353,20240403,20240401,OFFLINE,Córdoba,7,Pasivo,0,1,0,Me gustaría más variedad de colores
13000000354,20240403,20240401,ONLINE,Buenos Aires,8,Pasivo,0,1,0,La entrega podría ser más rápida
13000000355,20240403,20240401,ONLINE,Buenos Aires,10,Promotor,1,0,0,
13000000356,20240403,20240401,ONLINE,Santa Fe,7,Pasivo,0,1,0,
13000000357,20240404,20240401,ONLINE,Mendoza,7,Pasivo,0,1,0,"Buen producto, un poco caro"
13000000358,20240404,20240401,ONLINE,Buenos Aires,2,Detractor,0,0,1,Tuve que devolverlo
13000000359,20240404,20240401,ONLINE,Mendoza,10,Promotor,1,0,0,Entrega rápida y producto excelente
13000000360,20240404,20240401,OFFLINE,,6,Detractor,0,0,1,Tuve que esperar mucho en la caja
13000000361,20240404,20240401,ONLINE,Santa Fe,8,Pasivo,0,1,0,
13000000362,20240405,20240401,OFFLINE,,8,Pasivo,0,1,0,
13000000363,20240406,20240401,ONLINE,Santa Fe,10,Promotor,1,0,0,
13000000364,20240406,20240401,OFFLINE,Córdoba,8,Pasivo,0,1,0,"Correcto, sin sorpresas"
13000000365,20240407,20240401,OFFLINE,,9,Promotor,1,0,0,
13000000366,20240407,20240401,OFFLINE,,9,Promotor,1,0,0,Muy conforme con la calidad
13000000367,20240407,20240401,OFFLINE,,10,Promotor,1,0,0,Muy buena atención en la tienda
13000000368,20240408,20240401,ONLINE,Córdoba,9,Promotor,1,0,0,
13000000369,20240408,20240401,ONLINE,Buenos Aires,7,Pasivo,0,1,0,La entrega podría ser más rápida
13000000370,20240408,20240401,ONLINE,Santa Fe,7,Pasivo,0,1,0,"Correcto, sin sorpresas"
13000000371,20240409,20240401,ONLINE,Santa Fe,8,Pasivo,0,1,0,
13000000372,20240409,20240401,ONLINE,Buenos Aires,10,Promotor,1,0,0,Entrega rápida y producto excelente
13000000373,20240409,20240401,OFFLINE,,7,Pasivo,0,1,0,
13000000374,20240409,20240401,ONLINE,Córdoba,6,Detractor,0,0,1,Llegó con la caja dañada
13000000375,20240409,20240401,ONLINE,Buenos Aires,8,Pasivo,0,1,0,
13000000376,20240409,20240401,OFFLINE,Santa Fe,9,Promotor,1,0,0,
13000000378,20240409,20240401,ONLINE,Buenos Aires,9,Promotor,1,0,0,
13000000379,20240409,20240401,ONLINE,Buenos Aires,8,Pasivo,0,1,0,La entrega podría ser más rápida
13000000380,20240410,20240401,ONLINE,Buenos Aires,10,Promotor,1,0,0,Entrega rápida y producto excelente
13000000381,20240410,20240401,ONLINE,Buenos Aires,8,Pasivo,0,1,0,La entrega podría ser más rápida
13000000382,20240410,20240401,ONLINE,Córdoba,8,Pasivo,0,1,0,"Correcto, sin sorpresas"
13000000383,20240410,20240401,ONLINE,Buenos Aires,9,Promotor,1,0,0,
13000000384,20240410,20240401,ONLINE,Buenos Aires,10,Promotor,1,0,0,Entrega rápida y producto excelente
13000000385,20240410,20240401,OFFLINE,,10,Promotor,1,0,0,
13000000386,20240410,20240401,ONLINE,Buenos Aires,9,Promotor,1,0,0,Muy conforme con la calidad
13000000387,20240410,20240401,OFFLINE,,8,Pasivo,0,1,0,"Correcto, sin sorpresas"
13000000388,20240411,20240401,ONLINE,Córdoba,10,Promotor,1,0,0,Muy conforme con la calidad
13000000389,20240411,20240401,OFFLINE,,9,Promotor,1,0,0,Muy buena atención en la tienda
13000000390,20240411,20240401,OFFLINE,Santa Fe,10,Promotor,1,0,0,Muy buena atención en la tienda
13000000391,20240411,20240401,OFFLINE,Santa Fe,5,Detractor,0,0,1,Tuve que esperar mucho en la caja
13000000392,20240411,20240401,ONLINE,Buenos Aires,6,Detractor,0,0,1,
13000000393,20240411,20240401,ONLINE,Buenos Aires,10,Promotor,1,0,0,Volvería a comprar
13000000394,20240411,20240401,ONLINE,Buenos Aires,8,Pasivo,0,1,0,La entrega podría ser más rápida
13000000395,20240412,20240401,ONLINE,Santa Fe,5,Detractor,0,0,1,La tapa pierde líquido
13000000396,20240412,20240401,OFFLINE,,7,Pasivo,0,1,0,"Buen producto, un poco caro"
13000000397,20240412,20240401,ONLINE,Córdoba,8,Pasivo,0,1,0,
13000000398,20240412,20240401,ONLINE,Buenos Aires,10,Promotor,1,0,0,
13000000399,20240412,20240401,ONLINE,Buenos Aires,8,Pasivo,0,1,0,
13000000400,20240412,20240401,ONLINE,Santa Fe,8,Pasivo,0,1,0,
13000000401,20240413,20240401,OFFLINE,,7,Pasivo,0,1,0,Me gustaría más variedad de colores
13000000403,20240414,20240401,OFFLINE,Córdoba,8,Pasivo,0,1,0,"Buen producto, un poco caro"
13000000404,20240415,20240401,OFFLINE,,7,Pasivo,0,1,0,"Buen producto, un poco caro"
13000000405,20240415,20240401,ONLINE,Santa Fe,7,Pasivo,0,1,0,La entrega podría ser más rápida
13000000406,20240415,20240401,ONLINE,Córdoba,8,Pasivo,0,1,0,
13000000407,20240415,20240401,OFFLINE,Córdoba,10,Promotor,1,0,0,"Excelente botella, mantiene la temperatura"
13000000408,20240416,20240401,ONLINE,Buenos Aires,6,Detractor,0,0,1,Llegó con la caja dañada
13000000409,20240416,20240401,OFFLINE,,3,Detractor,0,0,1,
13000000410,20240416,20240401,OFFLINE,,8,Pasivo,0,1,0,Podría mejorar el empaque
13000000411,20240416,20240401,OFFLINE,,9,Promotor,1,0,0,Todo perfecto
13000000412,20240416,20240401,ONLINE,Buenos Aires,6,Detractor,0,0,1,No cumplió mis expectativas
13000000413,20240416,20240401,ONLINE,Buenos Aires,9,Promotor,1,0,0,
13000000414,20240417,20240401,ONLINE,Buenos Aires,4,Detractor,0,0,1,Llegó con la caja dañada
13000000415,20240417,20240401,ONLINE,Buenos Aires,7,Pasivo,0,1,0,Podría mejorar el empaque
13000000416,20240417,20240401,OFFLINE,,7,Pasivo,0,1,0,
13000000417,20240417,20240401,ONLINE,Buenos Aires,9,Promotor,1,0,0,Entrega rápida y producto excelente
13000000418,20240417,20240401,ONLINE,Buenos Aires,8,Pasivo,0,1,0,Me gustaría más variedad de colores
13000000419,20240418,20240401,ONLINE,Santa Fe,9,Promotor,1,0,0,
13000000420,20240418,20240401,ONLINE,Buenos Aires,6,Detractor,0,0,1,
13000000421,20240418,20240401,ONLINE,Córdoba,7,Pasivo,0,1,0,La entrega podría ser más rápida
13000000422,20240418,20240401,ONLINE,Santa Fe,10,Promotor,1,0,0,Entrega rápida y producto excelente
13000000423,20240418,20240401,ONLINE,Mendoza,8,Pasivo,0,1,0,
13000000424,20240418,20240401,ONLINE,Córdoba,10,Promotor,1,0,0,Muy conforme con la calidad
13000000425,20240418,20240401,OFFLINE,,10,Promotor,1,0,0,
13000000426,20240418,20240401,ONLINE,Santa Fe,8,Pasivo,0,1,0,
13000000427,20240418,20240401,ONLINE,Mendoza,8,Pasivo,0,1,0,
13000000428,20240418,20240401,ONLINE,Buenos Aires,10,Promotor,1,0,0,Entrega rápida y producto excelente
13000000429,20240418,20240401,ONLINE,Santa Fe,7,Pasivo,0,1,0,Me gustaría más variedad de colores
13000000430,20240418,20240401,ONLINE,Santa Fe,10,Promotor,1,0,0,Todo perfecto
13000000431,20240418,20240401,OFFLINE,Santa Fe,7,Pasivo,0,1,0,La entrega podría ser más rápida
13000000432,20240419,20240401,OFFLINE,Santa Fe,8,Pasivo,0,1,0,
13000000433,20240419,20240401,ONLINE,Buenos Aires,8,Pasivo,0,1,0,Podría mejorar el empaque
13000000434,20240419,20240401,ONLINE,Córdoba,7,Pasivo,0,1,0,
13000000435,20240419,20240401,ONLINE,Santa Fe,6,Detractor,0,0,1,Tardó mucho más de lo esperado
13000000436,20240420,20240401,ONLINE,Santa Fe,8,Pasivo,0,1,0,Me gustaría más variedad de colores
13000000437,20240420,20240401,OFFLINE,Santa Fe,10,Promotor,1,0,0,Muy buena atención en la tienda
13000000438,20240420,20240401,OFFLINE,Mendoza,7,Pasivo,0,1,0,
13000000439,20240420,20240401,OFFLINE,Santa Fe,7,Pasivo,0,1,0,"Correcto, sin sorpresas"
13000000440,20240421,20240401,ONLINE,Córdoba,8,Pasivo,0,1,0,La entrega podría ser más rápida
13000000441,20240421,20240401,OFFLINE,Santa Fe,10,Promotor,1,0,0,Todo perfecto
13000000442,20240421,20240401,OFFLINE,,9,Promotor,1,0,0,
13000000443,20240422,20240401,ONLINE,Córdoba,7,Pasivo,0,1,0,
13000000444,20240422,20240401,ONLINE,Mendoza,9,Promotor,1,0,0,"Excelente botella, mantiene la temperatura"
13000000445,20240422,20240401,ONLINE,Santa Fe,10,Promotor,1,0,0,
13000000446,20240422,20240401,ONLINE,Buenos Aires,8,Pasivo,0,1,0,
13000000447,20240422,20240401,ONLINE,Buenos Aires,10,Promotor,1,0,0,
13000000448,20240423,20240401,ONLINE,Santa Fe,8,Pasivo,0,1,0,"Buen producto, un poco caro"
13000000449,20240423,20240401,ONLINE,Buenos Aires,9,Promotor,1,0,0,Entrega rápida y producto excelente
13000000450,20240423,20240401,ONLINE,Buenos Aires,7,Pasivo,0,1,0,La entrega podría ser más rápida
13000000451,20240423,20240401,OFFLINE,Córdoba,8,Pasivo,0,1,0,
13000000452,20240423,20240401,OFFLINE,,9,Promotor,1,0,0,Muy conforme con la calidad
13000000453,20240423,20240401,ONLINE,Santa Fe,9,Promotor,1,0,0,
13000000454,20240424,20240401,OFFLINE,,10,Promotor,1,0,0,
13000000455,20240424,20240401,ONLINE,Santa Fe,5,Detractor,0,0,1,Tuve que devolverlo
13000000456,20240425,20240401,OFFLINE,Buenos Aires,9,Promotor,1,0,0,
13000000457,20240425,20240401,ONLINE,Córdoba,5,Detractor,0,0,1,No cumplió mis expectativas
13000000458,20240425,20240401,ONLINE,Buenos Aires,6,Detractor,0,0,1,Llegó con la caja dañada
13000000459,20240426,20240401,ONLINE,Córdoba,10,Promotor,1,0,0,Entrega rápida y producto excelente
13000000460,20240426,20240401,OFFLINE,Buenos Aires,5,Detractor,0,0,1,Poco stock en la tienda
13000000461,20240426,20240401,ONLINE,Santa Fe,10,Promotor,1,0,0,Entrega rápida y producto excelente
13000000462,20240427,20240401,OFFLINE,Mendoza,8,Pasivo,0,1,0,"Buen producto, un poco caro"
13000000463,20240427,20240401,OFFLINE,,10,Promotor,1,0,0,Volvería a comprar
13000000464,20240427,20240401,OFFLINE,,10,Promotor,1,0,0,Muy conforme con la calidad
13000000465,20240427,20240401,OFFLINE,,8,Pasivo,0,1,0,"Correcto, sin sorpresas"
13000000466,20240429,20240401,ONLINE,Buenos Aires,6,Detractor,0,0,1,Llegó con la caja dañada
13000000467,20240430,20240401,ONLINE,Buenos Aires,6,Detractor,0,0,1,Llegó con la caja dañada
13000000468,20240430,20240401,OFFLINE,Santa Fe,9,Promotor,1,0,0,Muy conforme con la calidad
13000000469,20240501,20240501,OFFLINE,,9,Promotor,1,0,0,
13000000470,20240501,20240501,OFFLINE,Mendoza,9,Promotor,1,0,0,Muy buena atención en la tienda
13000000471,20240501,20240501,ONLINE,Buenos Aires,10,Promotor,1,0,0,Entrega rápida y producto excelente
13000000472,20240502,20240501,OFFLINE,Córdoba,9,Promotor,1,0,0,
13000000473,20240502,20240501,ONLINE,Córdoba,8,Pasivo,0,1,0,
13000000474,20240502,20240501,ONLINE,Buenos Aires,8,Pasivo,0,1,0,
13000000475,20240502,20240501,ONLINE,Córdoba,7,Pasivo,0,1,0,"Correcto, sin sorpresas"
13000000476,20240502,20240501,ONLINE,Mendoza,6,Detractor,0,0,1,Llegó con la caja dañada
13000000477,20240503,20240501,ONLINE,Mendoza,7,Pasivo,0,1,0,
13000000478,20240503,20240501,ONLINE,Córdoba,7,Pasivo,0,1,0,"Buen producto, un poco caro"
13000000479,20240503,20240501,ONLINE,Buenos Aires,10,Promotor,1,0,0,Todo perfecto
13000000480,20240503,20240501,ONLINE,Buenos Aires,10,Promotor,1,0,0,Todo perfecto
13000000481,20240503,20240501,ONLINE,Buenos Aires,8,Pasivo,0,1,0,
13000000482,20240503,20240501,ONLINE,Córdoba,8,Pasivo,0,1,0,La entrega podría ser más rápida
13000000483,20240504,20240501,OFFLINE,Mendoza,6,Detractor,0,0,1,Tuve que esperar mucho en la caja
13000000484,20240505,20240501,OFFLINE,Santa Fe,6,Detractor,0,0,1,
13000000485,20240505,20240501,OFFLINE,,10,Promotor,1,0,0,Todo perfecto
13000000486,20240506,20240501,OFFLINE,Santa Fe,8,Pasivo,0,1,0,Podría mejorar el empaque
13000000487,20240507,20240501,ONLINE,Buenos Aires,8,Pasivo,0,1,0,
13000000488,20240507,20240501,ONLINE,Buenos Aires,7,Pasivo,0,1,0,
13000000489,20240507,20240501,ONLINE,Córdoba,4,Detractor,0,0,1,
13000000490,20240507,20240501,ONLINE,Córdoba,9,Promotor,1,0,0,Volvería a comprar
13000000491,20240507,20240501,ONLINE,Buenos Aires,10,Promotor,1,0,0,Entrega rápida y producto excelente
13000000492,20240507,20240501,ONLINE,Mendoza,3,Detractor,0,0,1,No cumplió mis expectativas
13000000493,20240507,20240501,ONLINE,Mendoza,9,Promotor,1,0,0,Entrega rápida y producto excelente
13000000494,20240507,20240501,ONLINE,Buenos Aires,8,Pasivo,0,1,0,
13000000495,20240508,20240501,ONLINE,Mendoza,7,Pasivo,0,1,0,Podría mejorar el empaque
13000000496,20240508,20240501,OFFLINE,,7,Pasivo,0,1,0,
13000000497,20240508,20240501,OFFLINE,Mendoza,10,Promotor,1,0,0,
13000000498,20240509,20240501,OFFLINE,Mendoza,4,Detractor,0,0,1,La tapa pierde líquido
13000000499,20240509,20240501,ONLINE,Buenos Aires,9,Promotor,1,0,0,Todo perfecto
13000000500,20240509,20240501,ONLINE,Mendoza,8,Pasivo,0,1,0,
13000000501,20240509,20240501,ONLINE,Córdoba,9,Promotor,1,0,0,Todo perfecto
13000000502,20240510,20240501,ONLINE,Córdoba,7,Pasivo,0,1,0,
13000000505,20240511,20240501,OFFLINE,,10,Promotor,1,0,0,Muy buena atención en la tienda
13000000506,20240511,20240501,OFFLINE,,7,Pasivo,0,1,0,
13000000507,20240511,20240501,OFFLINE,,10,Promotor,1,0,0,Muy buena atención en la tienda
13000000508,20240511,20240501,OFFLINE,,8,Pasivo,0,1,0,"Correcto, sin sorpresas"
13000000509,20240512,20240501,OFFLINE,Córdoba,10,Promotor,1,0,0,Muy buena atención en la tienda
13000000510,20240512,20240501,OFFLINE,,8,Pasivo,0,1,0,Podría mejorar el empaque
13000000511,20240513,20240501,OFFLINE,Córdoba,10,Promotor,1,0,0,Muy buena atención en la tienda
13000000512,20240513,20240501,ONLINE,Buenos Aires,10,Promotor,1,0,0,Todo perfecto
13000000513,20240513,20240501,ONLINE,Santa Fe,5,Detractor,0,0,1,No cumplió mis expectativas
13000000514,20240513,20240501,ONLINE,Córdoba,3,Detractor,0,0,1,El envío demoró y nadie me avisó
13000000515,20240513,20240501,ONLINE,Santa Fe,8,Pasivo,0,1,0,
13000000516,20240513,20240501,ONLINE,Buenos Aires,9,Promotor,1,0,0,
13000000517,20240513,20240501,OFFLINE,Buenos Aires,10,Promotor,1,0,0,
13000000518,20240513,20240501,ONLINE,Buenos Aires,7,Pasivo,0,1,0,
13000000519,20240513,20240501,ONLINE,Buenos Aires,9,Promotor,1,0,0,Entrega rápida y producto excelente
13000000520,20240513,20240501,ONLINE,Buenos Aires,10,Promotor,1,0,0,
13000000521,20240514,20240501,OFFLINE,Buenos Aires,10,Promotor,1,0,0,
13000000523,20240515,20240501,ONLINE,Mendoza,7,Pasivo,0,1,0,"Buen producto, un poco caro"
13000000524,20240515,20240501,ONLINE,Buenos Aires,7,Pasivo,0,1,0,
13000000526,20240515,20240501,ONLINE,Buenos Aires,10,Promotor,1,0,0,
13000000527,20240515,20240501,OFFLINE,,8,Pasivo,0,1,0,Podría mejorar el empaque
13000000528,20240515,20240501,OFFLINE,Santa Fe,10,Promotor,1,0,0,"Excelente botella, mantiene la temperatura"
13000000529,20240515,20240501,ONLINE,Santa Fe,6,Detractor,0,0,1,Tardó mucho más de lo esperado
13000000530,20240515,20240501,ONLINE,Buenos Aires,8,Pasivo,0,1,0,
13000000531,20240516,20240501,ONLINE,Santa Fe,10,Promotor,1,0,0,Todo perfecto
13000000532,20240516,20240501,OFFLINE,,10,Promotor,1,0,0,Muy buena atención en la tienda
13000000533,20240516,20240501,ONLINE,Mendoza,8,Pasivo,0,1,0,
13000000534,20240516,20240501,OFFLINE,,10,Promotor,1,0,0,Muy buena atención en la tienda
13000000535,20240517,20240501,OFFLINE,,10,Promotor,1,0,0,"Excelente botella, mantiene la temperatura"
13000000536,20240517,20240501,ONLINE,Buenos Aires,7,Pasivo,0,1,0,"Buen producto, un poco caro"
13000000537,20240517,20240501,ONLINE,Mendoza,8,Pasivo,0,1,0,La entrega podría ser más rápida
13000000538,20240518,20240501,OFFLINE,Buenos Aires,10,Promotor,1,0,0,
13000000539,20240519,20240501,OFFLINE,,10,Promotor,1,0,0,
13000000540,20240519,20240501,ONLINE,Córdoba,10,Promotor,1,0,0,"Excelente botella, mantiene la temperatura"
13000000541,20240519,20240501,OFFLINE,Córdoba,10,Promotor,1,0,0,Muy conforme con la calidad
13000000542,20240521,20240501,OFFLINE,Córdoba,8,Pasivo,0,1,0,
13000000543,20240521,20240501,ONLINE,Córdoba,8,Pasivo,0,1,0,"Buen producto, un poco caro"
13000000545,20240522,20240501,ONLINE,Mendoza,9,Promotor,1,0,0,"Excelente botella, mantiene la temperatura"
13000000546,20240523,20240501,ONLINE,Buenos Aires,9,Promotor,1,0,0,Entrega rápida y producto excelente
13000000548,20240523,20240501,OFFLINE,,8,Pasivo,0,1,0,
13000000549,20240523,20240501,OFFLINE,Córdoba,8,Pasivo,0,1,0,Me gustaría más variedad de colores
13000000550,20240523,20240501,OFFLINE,,9,Promotor,1,0,0,
13000000551,20240523,20240501,ONLINE,Buenos Aires,8,Pasivo,0,1,0,La entrega podría ser más rápida
13000000552,20240523,20240501,ONLINE,Buenos Aires,8,Pasivo,0,1,0,"Buen producto, un poco caro"
13000000553,20240523,20240501,OFFLINE,Mendoza,10,Promotor,1,0,0,Volvería a comprar
13000000554,20240524,20240501,OFFLINE,Santa Fe,7,Pasivo,0,1,0,Podría mejorar el empaque
13000000555,20240524,20240501,ONLINE,Córdoba,10,Promotor,1,0,0,"Excelente botella, mantiene la temperatura"
13000000556,20240524,20240501,ONLINE,Buenos Aires,7,Pasivo,0,1,0,
13000000557,20240524,20240501,ONLINE,Buenos Aires,9,Promotor,1,0,0,
13000000558,20240524,20240501,OFFLINE,,6,Detractor,0,0,1,Tuve que esperar mucho en la caja
13000000559,20240525,20240501,OFFLINE,Santa Fe,10,Promotor,1,0,0,Muy buena atención en la tienda
13000000560,20240525,20240501,ONLINE,Buenos Aires,10,Promotor,1,0,0,
13000000561,20240525,20240501,OFFLINE,,10,Promotor,1,0,0,Muy buena atención en la tienda
13000000562,20240525,20240501,OFFLINE,,8,Pasivo,0,1,0,
13000000563,20240526,20240501,OFFLINE,,6,Detractor,0,0,1,Poco stock en la tienda
13000000564,20240527,20240501,ONLINE,Córdoba,8,Pasivo,0,1,0,"Correcto, sin sorpresas"
13000000565,20240527,20240501,ONLINE,Santa Fe,7,Pasivo,0,1,0,
13000000566,20240528,20240501,OFFLINE,Córdoba,10,Promotor,1,0,0,
13000000567,20240528,20240501,ONLINE,Córdoba,10,Promotor,1,0,0,Entrega rápida y producto excelente
13000000568,20240528,20240501,ONLINE,Buenos Aires,10,Promotor,1,0,0,Entrega rápida y producto excelente
13000000569,20240528,20240501,ONLINE,Buenos Aires,10,Promotor,1,0,0,Todo perfecto
13000000570,20240528,20240501,ONLINE,Córdoba,8,Pasivo,0,1,0,La entrega podría ser más rápida
13000000571,20240528,20240501,OFFLINE,,10,Promotor,1,0,0,Muy conforme con la calidad
13000000572,20240528,20240501,ONLINE,Santa Fe,7,Pasivo,0,1,0,La entrega podría ser más rápida
13000000573,20240528,20240501,OFFLINE,Córdoba,10,Promotor,1,0,0,Muy buena atención en la tienda
13000000574,20240528,20240501,ONLINE,Córdoba,9,Promotor,1,0,0,
13000000575,20240528,20240501,ONLINE,Córdoba,9,Promotor,1,0,0,Entrega rápida y producto excelente
13000000576,20240528,20240501,ONLINE,Córdoba,9,Promotor,1,0,0,
13000000577,20240528,20240501,ONLINE,Córdoba,9,Promotor,1,0,0,Entrega rápida y producto excelente
13000000578,20240528,20240501,ONLINE,Santa Fe,4,Detractor,0,0,1,Tardó mucho más de lo esperado
13000000579,20240529,20240501,ONLINE,Buenos Aires,9,Promotor,1,0,0,
13000000580,20240529,20240501,ONLINE,Buenos Aires,10,Promotor,1,0,0,
13000000581,20240529,20240501,ONLINE,Santa Fe,6,Detractor,0,0,1,
13000000582,20240529,20240501,ONLINE,Santa Fe,5,Detractor,0,0,1,No cumplió mis expectativas
13000000583,20240529,20240501,ONLINE,Córdoba,8,Pasivo,0,1,0,La entrega podría ser más rápida
13000000584,20240529,20240501,OFFLINE,Buenos Aires,10,Promotor,1,0,0,
13000000585,20240529,20240501,OFFLINE,,7,Pasivo,0,1,0,
13000000587,20240530,20240501,ONLINE,Mendoza,8,Pasivo,0,1,0,
13000000588,20240530,20240501,ONLINE,Santa Fe,5,Detractor,0,0,1,
13000000589,20240530,20240501,OFFLINE,,6,Detractor,0,0,1,Tuve que esperar mucho en la caja
13000000590,20240530,20240501,ONLINE,Mendoza,5,Detractor,0,0,1,Tardó mucho más de lo esperado
13000000591,20240530,20240501,OFFLINE,,7,Pasivo,0,1,0,"Buen producto, un poco caro"
13000000592,20240530,20240501,OFFLINE,Santa Fe,10,Promotor,1,0,0,Volvería a comprar
13000000593,20240530,20240501,ONLINE,Santa Fe,10,Promotor,1,0,0,Entrega rápida y producto excelente
13000000594,20240530,20240501,OFFLINE,,6,Detractor,0,0,1,
13000000595,20240530,20240501,ONLINE,Buenos Aires,9,Promotor,1,0,0,
13000000597,20240530,20240501,ONLINE,Santa Fe,8,Pasivo,0,1,0,La entrega podría ser más rápida
13000000598,20240530,20240501,ONLINE,Córdoba,8,Pasivo,0,1,0,La entrega podría ser más rápida
13000000599,20240531,20240501,OFFLINE,,8,Pasivo,0,1,0,"Correcto, sin sorpresas"
13000000600,20240531,20240501,ONLINE,Córdoba,7,Pasivo,0,1,0,
13000000601,20240531,20240501,OFFLINE,,8,Pasivo,0,1,0,
13000000602,20240531,20240501,ONLINE,Mendoza,8,Pasivo,0,1,0,La entrega podría ser más rápida
13000000603,20240601,20240601,OFFLINE,Córdoba,8,Pasivo,0,1,0,
13000000604,20240601,20240601,OFFLINE,,7,Pasivo,0,1,0,"Correcto, sin sorpresas"
13000000605,20240601,20240601,OFFLINE,,10,Promotor,1,0,0,Muy buena atención en la tienda
13000000606,20240602,20240601,OFFLINE,Santa Fe,10,Promotor,1,0,0,
13000000607,20240602,20240601,OFFLINE,Buenos Aires,9,Promotor,1,0,0,Muy buena atención en la tienda
13000000608,20240603,20240601,ONLINE,Buenos Aires,7,Pasivo,0,1,0,
13000000610,20240603,20240601,OFFLINE,Santa Fe,10,Promotor,1,0,0,Muy buena atención en la tienda
13000000611,20240603,20240601,ONLINE,Santa Fe,10,Promotor,1,0,0,"Excelente botella, mantiene la temperatura"
13000000612,20240604,20240601,ONLINE,Buenos Aires,10,Promotor,1,0,0,Entrega rápida y producto excelente
13000000613,20240604,20240601,ONLINE,Santa Fe,4,Detractor,0,0,1,Llegó con la caja dañada
13000000614,20240604,20240601,OFFLINE,Mendoza,10,Promotor,1,0,0,Muy buena atención en la tienda
13000000615,20240605,20240601,OFFLINE,,10,Promotor,1,0,0,Volvería a comprar
13000000616,20240605,20240601,ONLINE,Buenos Aires,6,Detractor,0,0,1,Llegó con la caja dañada
13000000617,20240605,20240601,ONLINE,Mendoza,5,Detractor,0,0,1,
13000000618,20240605,20240601,OFFLINE,Buenos Aires,10,Promotor,1,0,0,Todo perfecto
13000000619,20240606,20240601,ONLINE,Santa Fe,7,Pasivo,0,1,0,
13000000620,20240606,20240601,OFFLINE,,9,Promotor,1,0,0,
13000000622,20240606,20240601,ONLINE,Buenos Aires,10,Promotor,1,0,0,Todo perfecto
13000000623,20240606,20240601,ONLINE,Buenos Aires,10,Promotor,1,0,0,
13000000624,20240606,20240601,ONLINE,Santa Fe,8,Pasivo,0,1,0,
13000000625,20240606,20240601,ONLINE,Santa Fe,8,Pasivo,0,1,0,La entrega podría ser más rápida
13000000626,20240606,20240601,OFFLINE,Buenos Aires,4,Detractor,0,0,1,
13000000627,20240606,20240601,ONLINE,Buenos Aires,6,Detractor,0,0,1,Llegó con la caja dañada
13000000628,20240606,20240601,ONLINE,Buenos Aires,9,Promotor,1,0,0,Volvería a comprar
13000000629,20240606,20240601,ONLINE,Santa Fe,9,Promotor,1,0,0,Todo perfecto
13000000630,20240606,20240601,ONLINE,Córdoba,5,Detractor,0,0,1,No cumplió mis expectativas
13000000631,20240607,20240601,ONLINE,Córdoba,6,Detractor,0,0,1,
13000000632,20240607,20240601,OFFLINE,,10,Promotor,1,0,0,
13000000634,20240607,20240601,ONLINE,Buenos Aires,8,Pasivo,0,1,0,
13000000635,20240608,20240601,OFFLINE,Mendoza,6,Detractor,0,0,1,No cumplió mis expectativas
13000000636,20240608,20240601,ONLINE,Buenos Aires,5,Detractor,0,0,1,Llegó con la caja dañada
13000000637,20240608,20240601,OFFLINE,,8,Pasivo,0,1,0,
13000000638,20240609,20240601,OFFLINE,Córdoba,7,Pasivo,0,1,0,
13000000640,20240610,20240601,OFFLINE,Mendoza,8,Pasivo,0,1,0,
13000000641,20240611,20240601,OFFLINE,,8,Pasivo,0,1,0,"Correcto, sin sorpresas"
13000000642,20240611,20240601,ONLINE,Mendoza,9,Promotor,1,0,0,"Excelente botella, mantiene la temperatura"
13000000643,20240612,20240601,ONLINE,Buenos Aires,10,Promotor,1,0,0,
13000000644,20240612,20240601,ONLINE,Buenos Aires,9,Promotor,1,0,0,Entrega rápida y producto excelente
13000000645,20240612,20240601,OFFLINE,Buenos Aires,8,Pasivo,0,1,0,Podría mejorar el empaque
13000000646,20240612,20240601,OFFLINE,,7,Pasivo,0,1,0,Me gustaría más variedad de colores
13000000647,20240612,20240601,ONLINE,Buenos Aires,10,Promotor,1,0,0,Todo perfecto
13000000648,20240612,20240601,OFFLINE,,8,Pasivo,0,1,0,
13000000649,20240612,20240601,OFFLINE,,8,Pasivo,0,1,0,"Buen producto, un poco caro"
13000000650,20240613,20240601,ONLINE,Córdoba,10,Promotor,1,0,0,"Excelente botella, mantiene la temperatura"
13000000651,20240613,20240601,ONLINE,Buenos Aires,10,Promotor,1,0,0,Entrega rápida y producto excelente
13000000652,20240613,20240601,OFFLINE,Mendoza,8,Pasivo,0,1,0,Podría mejorar el empaque
13000000653,20240613,20240601,ONLINE,Santa Fe,10,Promotor,1,0,0,"Excelente botella, mantiene la temperatura"
13000000654,20240613,20240601,ONLINE,Santa Fe,7,Pasivo,0,1,0,
13000000655,20240613,20240601,OFFLINE,,7,Pasivo,0,1,0,
13000000656,20240613,20240601,ONLINE,Santa Fe,5,Detractor,0,0,1,
13000000657,20240613,20240601,OFFLINE,,6,Detractor,0,0,1,
13000000658,20240614,20240601,OFFLINE,Mendoza,7,Pasivo,0,1,0,Me gustaría más variedad de colores
13000000659,20240614,20240601,ONLINE,Córdoba,8,Pasivo,0,1,0,"Buen producto, un poco caro"
13000000660,20240614,20240601,OFFLINE,Santa Fe,10,Promotor,1,0,0,
13000000661,20240614,20240601,OFFLINE,Buenos Aires,10,Promotor,1,0,0,Muy buena atención en la tienda
13000000662,20240614,20240601,OFFLINE,,6,Detractor,0,0,1,No cumplió mis expectativas
13000000663,20240615,20240601,OFFLINE,Mendoza,8,Pasivo,0,1,0,Me gustaría más variedad de colores
13000000664,20240615,20240601,OFFLINE,Mendoza,9,Promotor,1,0,0,
13000000665,20240615,20240601,OFFLINE,,9,Promotor,1,0,0,"Excelente botella, mantiene la temperatura"
13000000666,20240615,20240601,OFFLINE,Córdoba,9,Promotor,1,0,0,
13000000667,20240615,20240601,OFFLINE,,6,Detractor,0,0,1,La tapa pierde líquido
13000000668,20240615,20240601,OFFLINE,,9,Promotor,1,0,0,Muy conforme con la calidad
13000000670,20240615,20240601,OFFLINE,,10,Promotor,1,0,0,
13000000671,20240616,20240601,OFFLINE,Buenos Aires,10,Promotor,1,0,0,"Excelente botella, mantiene la temperatura"
13000000672,20240616,20240601,ONLINE,Córdoba,10,Promotor,1,0,0,"Excelente botella, mantiene la temperatura"
13000000673,20240616,20240601,OFFLINE,,8,Pasivo,0,1,0,"Buen producto, un poco caro"
13000000674,20240616,20240601,OFFLINE,,9,Promotor,1,0,0,
13000000675,20240617,20240601,OFFLINE,,8,Pasivo,0,1,0,"Correcto, sin sorpresas"
13000000676,20240617,20240601,ONLINE,Córdoba,6,Detractor,0,0,1,Tardó mucho más de lo esperado
13000000677,20240617,20240601,ONLINE,Santa Fe,7,Pasivo,0,1,0,
13000000678,20240617,20240601,ONLINE,Santa Fe,7,Pasivo,0,1,0,
13000000679,20240618,20240601,ONLINE,Buenos Aires,10,Promotor,1,0,0,Muy conforme con la calidad
13000000680,20240618,20240601,ONLINE,Buenos Aires,9,Promotor,1,0,0,
13000000681,20240618,20240601,ONLINE,Santa Fe,8,Pasivo,0,1,0,
13000000682,20240618,20240601,ONLINE,Santa Fe,8,Pasivo,0,1,0,La entrega podría ser más rápida
13000000683,20240618,20240601,OFFLINE,,10,Promotor,1,0,0,"Excelente botella, mantiene la temperatura"
13000000684,20240619,20240601,ONLINE,Buenos Aires,7,Pasivo,0,1,0,
13000000685,20240619,20240601,ONLINE,Buenos Aires,10,Promotor,1,0,0,Entrega rápida y producto excelente
13000000686,20240619,20240601,ONLINE,Buenos Aires,10,Promotor,1,0,0,Entrega rápida y producto excelente
13000000687,20240619,20240601,ONLINE,Buenos Aires,8,Pasivo,0,1,0,"Buen producto, un poco caro"
13000000688,20240619,20240601,ONLINE,Mendoza,7,Pasivo,0,1,0,La entrega podría ser más rápida
13000000689,20240619,20240601,ONLINE,Buenos Aires,10,Promotor,1,0,0,Volvería a comprar
13000000690,20240619,20240601,ONLINE,Santa Fe,8,Pasivo,0,1,0,
13000000691,20240620,20240601,ONLINE,Mendoza,7,Pasivo,0,1,0,"Correcto, sin sorpresas"
13000000692,20240620,20240601,ONLINE,Buenos Aires,9,Promotor,1,0,0,Todo perfecto
13000000693,20240620,20240601,ONLINE,Buenos Aires,7,Pasivo,0,1,0,La entrega podría ser más rápida
13000000694,20240620,20240601,OFFLINE,Córdoba,7,Pasivo,0,1,0,
13000000695,20240620,20240601,ONLINE,Mendoza,10,Promotor,1,0,0,Todo perfecto
13000000696,20240620,20240601,ONLINE,Mendoza,6,Detractor,0,0,1,Llegó con la caja dañada
13000000697,20240621,20240601,ONLINE,Córdoba,1,Detractor,0,0,1,
13000000698,20240621,20240601,ONLINE,Santa Fe,10,Promotor,1,0,0,
13000000699,20240621,20240601,ONLINE,Santa Fe,8,Pasivo,0,1,0,
13000000700,20240621,20240601,OFFLINE,,6,Detractor,0,0,1,Tuve que esperar mucho en la caja
13000000701,20240621,20240601,ONLINE,Santa Fe,9,Promotor,1,0,0,
13000000702,20240621,20240601,ONLINE,Santa Fe,8,Pasivo,0,1,0,La entrega podría ser más rápida
13000000703,20240621,20240601,ONLINE,Buenos Aires,7,Pasivo,0,1,0,
13000000704,20240621,20240601,ONLINE,Mendoza,7,Pasivo,0,1,0,
13000000705,20240621,20240601,ONLINE,Santa Fe,9,Promotor,1,0,0,
13000000706,20240622,20240601,ONLINE,Buenos Aires,7,Pasivo,0,1,0,Podría mejorar el empaque
13000000708,20240622,20240601,OFFLINE,Córdoba,9,Promotor,1,0,0,Todo perfecto
13000000709,20240622,20240601,OFFLINE,Córdoba,10,Promotor,1,0,0,Muy buena atención en la tienda
13000000710,20240623,20240601,OFFLINE,,7,Pasivo,0,1,0,"Correcto, sin sorpresas"
13000000711,20240624,20240601,ONLINE,Córdoba,7,Pasivo,0,1,0,La entrega podría ser más rápida
13000000712,20240624,20240601,ONLINE,Santa Fe,10,Promotor,1,0,0,
13000000713,20240624,20240601,ONLINE,Santa Fe,8,Pasivo,0,1,0,"Correcto, sin sorpresas"
13000000714,20240624,20240601,ONLINE,Córdoba,7,Pasivo,0,1,0,
13000000715,20240624,20240601,ONLINE,Buenos Aires,9,Promotor,1,0,0,"Excelente botella, mantiene la temperatura"
13000000716,20240624,20240601,ONLINE,Mendoza,8,Pasivo,0,1,0,
13000000717,20240625,20240601,ONLINE,Buenos Aires,9,Promotor,1,0,0,Entrega rápida y producto excelente
13000000718,20240625,20240601,ONLINE,Buenos Aires,8,Pasivo,0,1,0,
13000000719,20240625,20240601,ONLINE,Buenos Aires,10,Promotor,1,0,0,Entrega rápida y producto excelente
13000000720,20240625,20240601,ONLINE,Córdoba,9,Promotor,1,0,0,Entrega rápida y producto excelente
13000000721,20240625,20240601,ONLINE,Santa Fe,7,Pasivo,0,1,0,La entrega podría ser más rápida
13000000722,20240625,20240601,OFFLINE,,9,Promotor,1,0,0,"Excelente botella, mantiene la temperatura"
13000000723,20240625,20240601,OFFLINE,,8,Pasivo,0,1,0,
13000000724,20240626,20240601,ONLINE,Buenos Aires,6,Detractor,0,0,1,No cumplió mis expectativas
13000000725,20240626,20240601,ONLINE,Buenos Aires,10,Promotor,1,0,0,Volvería a comprar
13000000726,20240626,20240601,ONLINE,Córdoba,9,Promotor,1,0,0,Entrega rápida y producto excelente
13000000727,20240626,20240601,ONLINE,Mendoza,6,Detractor,0,0,1,Llegó con la caja dañada
13000000728,20240626,20240601,ONLINE,Córdoba,10,Promotor,1,0,0,Muy conforme con la calidad
13000000729,20240627,20240601,ONLINE,Córdoba,10,Promotor,1,0,0,Entrega rápida y producto excelente
13000000730,20240627,20240601,ONLINE,Santa Fe,8,Pasivo,0,1,0,
13000000731,20240627,20240601,ONLINE,Córdoba,9,Promotor,1,0,0,
13000000732,20240627,20240601,OFFLINE,Córdoba,8,Pasivo,0,1,0,
13000000733,20240627,20240601,ONLINE,Córdoba,8,Pasivo,0,1,0,
13000000734,20240627,20240601,ONLINE,Mendoza,8,Pasivo,0,1,0,
13000000735,20240627,20240601,OFFLINE,Buenos Aires,10,Promotor,1,0,0,Todo perfecto
13000000736,20240627,20240601,OFFLINE,Buenos Aires,10,Promotor,1,0,0,Muy buena atención en la tienda
13000000737,20240627,20240601,ONLINE,Santa Fe,10,Promotor,1,0,0,Entrega rápida y producto excelente
13000000738,20240627,20240601,ONLINE,Córdoba,10,Promotor,1,0,0,Volvería a comprar
13000000739,20240628,20240601,ONLINE,Córdoba,8,Pasivo,0,1,0,"Correcto, sin sorpresas"
13000000740,20240628,20240601,ONLINE,Buenos Aires,7,Pasivo,0,1,0,"Correcto, sin sorpresas"
13000000741,20240628,20240601,OFFLINE,Santa Fe,8,Pasivo,0,1,0,
13000000742,20240628,20240601,ONLINE,Mendoza,10,Promotor,1,0,0,
13000000743,20240628,20240601,ONLINE,Buenos Aires,8,Pasivo,0,1,0,La entrega podría ser más rápida
13000000744,20240628,20240601,ONLINE,Córdoba,10,Promotor,1,0,0,Entrega rápida y producto excelente
13000000745,20240629,20240601,ONLINE,Santa Fe,7,Pasivo,0,1,0,La entrega podría ser más rápida
13000000746,20240629,20240601,ONLINE,Santa Fe,8,Pasivo,0,1,0,La entrega podría ser más rápida
13000000747,20240629,20240601,OFFLINE,Mendoza,9,Promotor,1,0,0,Muy buena atención en la tienda
13000000748,20240629,20240601,OFFLINE,Córdoba,8,Pasivo,0,1,0,
13000000749,20240630,20240601,OFFLINE,,7,Pasivo,0,1,0,
13000000750,20240630,20240601,OFFLINE,,7,Pasivo,0,1,0,Me gustaría más variedad de colores
13000000751,20240630,20240601,OFFLINE,,9,Promotor,1,0,0,Muy buena atención en la tienda
13000000752,20240701,20240701,OFFLINE,,8,Pasivo,0,1,0,"Buen producto, un poco caro"
13000000753,20240701,20240701,ONLINE,Córdoba,7,Pasivo,0,1,0,"Correcto, sin sorpresas"
13000000754,20240703,20240701,ONLINE,Buenos Aires,10,Promotor,1,0,0,Entrega rápida y producto excelente
13000000755,20240703,20240701,ONLINE,Córdoba,7,Pasivo,0,1,0,
13000000756,20240703,20240701,OFFLINE,,9,Promotor,1,0,0,
13000000757,20240704,20240701,ONLINE,Mendoza,8,Pasivo,0,1,0,
13000000759,20240705,20240701,ONLINE,Buenos Aires,10,Promotor,1,0,0,
13000000760,20240705,20240701,ONLINE,Córdoba,5,Detractor,0,0,1,
13000000761,20240705,20240701,ONLINE,Buenos Aires,3,Detractor,0,0,1,No cumplió mis expectativas
13000000762,20240705,20240701,ONLINE,Buenos Aires,10,Promotor,1,0,0,
13000000763,20240705,20240701,ONLINE,Santa Fe,10,Promotor,1,0,0,"Excelente botella, mantiene la temperatura"
13000000764,20240705,20240701,ONLINE,Buenos Aires,10,Promotor,1,0,0,
13000000765,20240706,20240701,OFFLINE,Córdoba,10,Promotor,1,0,0,
13000000766,20240706,20240701,OFFLINE,Mendoza,7,Pasivo,0,1,0,
13000000768,20240706,20240701,OFFLINE,Mendoza,6,Detractor,0,0,1,Poco stock en la tienda
13000000769,20240707,20240701,OFFLINE,,9,Promotor,1,0,0,
13000000770,20240708,20240701,OFFLINE,Santa Fe,6,Detractor,0,0,1,La tapa pierde líquido
13000000771,20240708,20240701,OFFLINE,Santa Fe,10,Promotor,1,0,0,
13000000772,20240708,20240701,ONLINE,Santa Fe,7,Pasivo,0,1,0,
13000000774,20240709,20240701,ONLINE,Buenos Aires,10,Promotor,1,0,0,Volvería a comprar
13000000775,20240709,20240701,ONLINE,Santa Fe,7,Pasivo,0,1,0,
13000000776,20240709,20240701,ONLINE,Mendoza,8,Pasivo,0,1,0,
13000000777,20240709,20240701,ONLINE,Córdoba,10,Promotor,1,0,0,
13000000778,20240710,20240701,ONLINE,Buenos Aires,8,Pasivo,0,1,0,
13000000779,20240710,20240701,OFFLINE,Santa Fe,10,Promotor,1,0,0,Muy buena atención en la tienda
13000000780,20240710,20240701,OFFLINE,,9,Promotor,1,0,0,
13000000781,20240711,20240701,ONLINE,Córdoba,8,Pasivo,0,1,0,
13000000782,20240712,20240701,ONLINE,Córdoba,6,Detractor,0,0,1,La tapa pierde líquido
13000000783,20240712,20240701,ONLINE,Santa Fe,7,Pasivo,0,1,0,La entrega podría ser más rápida
13000000784,20240712,20240701,OFFLINE,Mendoza,9,Promotor,1,0,0,Muy buena atención en la tienda
13000000785,20240713,20240701,OFFLINE,,9,Promotor,1,0,0,Muy buena atención en la tienda
13000000786,20240713,20240701,OFFLINE,,8,Pasivo,0,1,0,"Buen producto, un poco caro"
13000000787,20240715,20240701,OFFLINE,,8,Pasivo,0,1,0,
13000000788,20240715,20240701,ONLINE,Buenos Aires,8,Pasivo,0,1,0,Me gustaría más variedad de colores
13000000789,20240716,20240701,ONLINE,Santa Fe,4,Detractor,0,0,1,
13000000790,20240717,20240701,ONLINE,Buenos Aires,6,Detractor,0,0,1,El envío demoró y nadie me avisó
13000000791,20240717,20240701,ONLINE,Santa Fe,6,Detractor,0,0,1,Tardó mucho más de lo esperado
13000000792,20240717,20240701,OFFLINE,,10,Promotor,1,0,0,
13000000793,20240717,20240701,OFFLINE,Buenos Aires,10,Promotor,1,0,0,
13000000794,20240718,20240701,ONLINE,Córdoba,5,Detractor,0,0,1,
13000000795,20240718,20240701,ONLINE,Buenos Aires,10,Promotor,1,0,0,Entrega rápida y producto excelente
13000000796,20240718,20240701,OFFLINE,Buenos Aires,9,Promotor,1,0,0,Muy buena atención en la tienda
13000000797,20240718,20240701,ONLINE,Santa Fe,6,Detractor,0,0,1,Llegó con la caja dañada
13000000798,20240718,20240701,ONLINE,Córdoba,9,Promotor,1,0,0,Entrega rápida y producto excelente
13000000799,20240719,20240701,OFFLINE,Buenos Aires,9,Promotor,1,0,0,
13000000800,20240719,20240701,ONLINE,Mendoza,6,Detractor,0,0,1,El envío demoró y nadie me avisó
13000000801,20240719,20240701,ONLINE,Mendoza,6,Detractor,0,0,1,
13000000803,20240719,20240701,OFFLINE,,8,Pasivo,0,1,0,Me gustaría más variedad de colores
13000000804,20240719,20240701,OFFLINE,Santa Fe,8,Pasivo,0,1,0,
13000000805,20240719,20240701,ONLINE,Santa Fe,10,Promotor,1,0,0,Volvería a comprar
13000000806,20240719,20240701,ONLINE,Mendoza,6,Detractor,0,0,1,Tardó mucho más de lo esperado
13000000807,20240719,20240701,ONLINE,Buenos Aires,8,Pasivo,0,1,0,"Buen producto, un poco caro"
13000000808,20240720,20240701,OFFLINE,Córdoba,8,Pasivo,0,1,0,
13000000809,20240721,20240701,OFFLINE,Buenos Aires,6,Detractor,0,0,1,La tapa pierde líquido
13000000810,20240721,20240701,OFFLINE,Buenos Aires,10,Promotor,1,0,0,
13000000811,20240721,20240701,OFFLINE,Córdoba,8,Pasivo,0,1,0,Podría mejorar el empaque
13000000812,20240721,20240701,OFFLINE,Mendoza,7,Pasivo,0,1,0,
13000000813,20240721,20240701,OFFLINE,Santa Fe,3,Detractor,0,0,1,Tuve que devolverlo
13000000814,20240722,20240701,OFFLINE,Mendoza,6,Detractor,0,0,1,La tapa pierde líquido
13000000815,20240722,20240701,OFFLINE,Santa Fe,5,Detractor,0,0,1,No cumplió mis expectativas
13000000816,20240723,20240701,ONLINE,Córdoba,4,Detractor,0,0,1,Tardó mucho más de lo esperado
13000000817,20240723,20240701,OFFLINE,,9,Promotor,1,0,0,"Excelente botella, mantiene la temperatura"
13000000818,20240723,20240701,ONLINE,Mendoza,4,Detractor,0,0,1,No cumplió mis expectativas
13000000819,20240723,20240701,ONLINE,Santa Fe,4,Detractor,0,0,1,El envío demoró y nadie me avisó
13000000820,20240724,20240701,ONLINE,Buenos Aires,9,Promotor,1,0,0,
13000000821,20240724,20240701,OFFLINE,Buenos Aires,10,Promotor,1,0,0,"Excelente botella, mantiene la temperatura"
13000000822,20240724,20240701,ONLINE,Mendoza,10,Promotor,1,0,0,Volvería a comprar
13000000823,20240724,20240701,OFFLINE,,6,Detractor,0,0,1,Poco stock en la tienda
13000000824,20240724,20240701,OFFLINE,Santa Fe,9,Promotor,1,0,0,Todo perfecto
13000000825,20240725,20240701,ONLINE,Córdoba,3,Detractor,0,0,1,Tardó mucho más de lo esperado
13000000826,20240725,20240701,OFFLINE,Córdoba,10,Promotor,1,0,0,Muy buena atención en la tienda
13000000827,20240725,20240701,ONLINE,Santa Fe,4,Detractor,0,0,1,Tuve que devolverlo
13000000828,20240725,20240701,ONLINE,Santa Fe,7,Pasivo,0,1,0,La entrega podría ser más rápida
13000000829,20240725,20240701,ONLINE,Mendoza,9,Promotor,1,0,0,Muy conforme con la calidad
13000000830,20240726,20240701,OFFLINE,,5,Detractor,0,0,1,No cumplió mis expectativas
13000000831,20240726,20240701,OFFLINE,Córdoba,8,Pasivo,0,1,0,Me gustaría más variedad de colores
13000000832,20240727,20240701,ONLINE,Mendoza,7,Pasivo,0,1,0,La entrega podría ser más rápida
13000000833,20240727,20240701,OFFLINE,,8,Pasivo,0,1,0,Me gustaría más variedad de colores
13000000834,20240727,20240701,OFFLINE,Buenos Aires,7,Pasivo,0,1,0,
13000000835,20240728,20240701,OFFLINE,,10,Promotor,1,0,0,"Excelente botella, mantiene la temperatura"
13000000836,20240728,20240701,OFFLINE,Buenos Aires,10,Promotor,1,0,0,Todo perfecto
13000000837,20240728,20240701,OFFLINE,Santa Fe,9,Promotor,1,0,0,Muy buena atención en la tienda
13000000838,20240728,20240701,OFFLINE,,10,Promotor,1,0,0,
13000000839,20240729,20240701,OFFLINE,,9,Promotor,1,0,0,
13000000840,20240729,20240701,OFFLINE,,10,Promotor,1,0,0,Todo perfecto
13000000841,20240729,20240701,OFFLINE,Buenos Aires,8,Pasivo,0,1,0,Me gustaría más variedad de colores
13000000842,20240730,20240701,ONLINE,Buenos Aires,10,Promotor,1,0,0,
13000000843,20240730,20240701,ONLINE,Buenos Aires,7,Pasivo,0,1,0,
13000000844,20240730,20240701,ONLINE,Buenos Aires,10,Promotor,1,0,0,
13000000845,20240731,20240701,ONLINE,Buenos Aires,4,Detractor,0,0,1,El envío demoró y nadie me avisó
13000000846,20240731,20240701,ONLINE,Santa Fe,1,Detractor,0,0,1,
13000000847,20240731,20240701,ONLINE,Buenos Aires,1,Detractor,0,0,1,Tardó mucho más de lo esperado
13000000849,20240801,20240801,ONLINE,Santa Fe,9,Promotor,1,0,0,Todo perfecto
13000000850,20240801,20240801,ONLINE,Buenos Aires,9,Promotor,1,0,0,
13000000851,20240801,20240801,OFFLINE,,10,Promotor,1,0,0,Muy conforme con la calidad
13000000852,20240802,20240801,ONLINE,Mendoza,8,Pasivo,0,1,0,La entrega podría ser más rápida
13000000853,20240802,20240801,OFFLINE,Córdoba,10,Promotor,1,0,0,Todo perfecto
13000000854,20240802,20240801,OFFLINE,Buenos Aires,8,Pasivo,0,1,0,
13000000855,20240802,20240801,OFFLINE,,10,Promotor,1,0,0,
13000000856,20240802,20240801,ONLINE,Buenos Aires,5,Detractor,0,0,1,Tardó mucho más de lo esperado
13000000857,20240803,20240801,OFFLINE,,10,Promotor,1,0,0,Muy buena atención en la tienda
13000000858,20240803,20240801,ONLINE,Buenos Aires,10,Promotor,1,0,0,Todo perfecto
13000000859,20240804,20240801,OFFLINE,,7,Pasivo,0,1,0,Me gustaría más variedad de colores
13000000860,20240804,20240801,OFFLINE,Buenos Aires,9,Promotor,1,0,0,Muy buena atención en la tienda
13000000861,20240804,20240801,OFFLINE,Mendoza,6,Detractor,0,0,1,Poco stock en la tienda
13000000862,20240805,20240801,OFFLINE,,8,Pasivo,0,1,0,"Correcto, sin sorpresas"
13000000863,20240805,20240801,ONLINE,Santa Fe,5,Detractor,0,0,1,El envío demoró y nadie me avisó
13000000864,20240806,20240801,OFFLINE,Mendoza,4,Detractor,0,0,1,Llegó con la caja dañada
13000000865,20240806,20240801,OFFLINE,,10,Promotor,1,0,0,"Excelente botella, mantiene la temperatura"
13000000866,20240807,20240801,OFFLINE,Buenos Aires,8,Pasivo,0,1,0,
13000000867,20240807,20240801,ONLINE,Buenos Aires,8,Pasivo,0,1,0,
13000000868,20240807,20240801,ONLINE,Santa Fe,3,Detractor,0,0,1,No cumplió mis expectativas
13000000869,20240807,20240801,ONLINE,Buenos Aires,9,Promotor,1,0,0,
13000000870,20240807,20240801,ONLINE,Córdoba,5,Detractor,0,0,1,Llegó con la caja dañada
13000000871,20240807,20240801,ONLINE,Mendoza,5,Detractor,0,0,1,Llegó con la caja dañada
13000000872,20240808,20240801,OFFLINE,,10,Promotor,1,0,0,Todo perfecto
13000000873,20240808,20240801,ONLINE,Buenos Aires,8,Pasivo,0,1,0,Me gustaría más variedad de colores
13000000874,20240808,20240801,OFFLINE,,8,Pasivo,0,1,0,"Buen producto, un poco caro"
13000000875,20240808,20240801,ONLINE,Buenos Aires,10,Promotor,1,0,0,
13000000876,20240808,20240801,ONLINE,Mendoza,5,Detractor,0,0,1,Llegó con la caja dañada
13000000877,20240809,20240801,ONLINE,Santa Fe,6,Detractor,0,0,1,
13000000878,20240809,20240801,ONLINE,Córdoba,8,Pasivo,0,1,0,La entrega podría ser más rápida
13000000879,20240809,20240801,OFFLINE,Mendoza,5,Detractor,0,0,1,El envío demoró y nadie me avisó
13000000880,20240809,20240801,ONLINE,Buenos Aires,9,Promotor,1,0,0,Entrega rápida y producto excelente
13000000881,20240809,20240801,OFFLINE,Santa Fe,10,Promotor,1,0,0,
13000000882,20240809,20240801,OFFLINE,Mendoza,7,Pasivo,0,1,0,"Correcto, sin sorpresas"
13000000883,20240810,20240801,OFFLINE,Buenos Aires,9,Promotor,1,0,0,Muy buena atención en la tienda
13000000884,20240810,20240801,OFFLINE,Buenos Aires,8,Pasivo,0,1,0,
13000000885,20240810,20240801,OFFLINE,Córdoba,8,Pasivo,0,1,0,
13000000886,20240810,20240801,ONLINE,Córdoba,8,Pasivo,0,1,0,"Correcto, sin sorpresas"
13000000887,20240811,20240801,OFFLINE,Mendoza,9,Promotor,1,0,0,"Excelente botella, mantiene la temperatura"
13000000888,20240811,20240801,OFFLINE,Buenos Aires,9,Promotor,1,0,0,"Excelente botella, mantiene la temperatura"
13000000889,20240811,20240801,OFFLINE,Buenos Aires,10,Promotor,1,0,0,Muy conforme con la calidad
13000000890,20240812,20240801,ONLINE,Santa Fe,3,Detractor,0,0,1,El envío demoró y nadie me avisó
13000000891,20240812,20240801,OFFLINE,Buenos Aires,10,Promotor,1,0,0,Todo perfecto
13000000892,20240813,20240801,ONLINE,Mendoza,0,Detractor,0,0,1,
13000000893,20240813,20240801,ONLINE,Mendoza,7,Pasivo,0,1,0,La entrega podría ser más rápida
13000000894,20240813,20240801,ONLINE,Santa Fe,4,Detractor,0,0,1,El envío demoró y nadie me avisó
13000000895,20240813,20240801,ONLINE,Buenos Aires,8,Pasivo,0,1,0,La entrega podría ser más rápida
13000000896,20240814,20240801,OFFLINE,,9,Promotor,1,0,0,Todo perfecto
13000000897,20240814,20240801,ONLINE,Buenos Aires,2,Detractor,0,0,1,Llegó con la caja dañada
13000000899,20240814,20240801,ONLINE,Córdoba,6,Detractor,0,0,1,
13000000900,20240814,20240801,ONLINE,Buenos Aires,10,Promotor,1,0,0,
13000000901,20240814,20240801,ONLINE,Santa Fe,9,Promotor,1,0,0,Entrega rápida y producto excelente
13000000902,20240815,20240801,ONLINE,Córdoba,7,Pasivo,0,1,0,La entrega podría ser más rápida
13000000903,20240815,20240801,ONLINE,Santa Fe,8,Pasivo,0,1,0,"Correcto, sin sorpresas"
13000000904,20240815,20240801,ONLINE,Santa Fe,7,Pasivo,0,1,0,"Correcto, sin sorpresas"
13000000905,20240816,20240801,ONLINE,Buenos Aires,6,Detractor,0,0,1,
13000000906,20240816,20240801,OFFLINE,Santa Fe,8,Pasivo,0,1,0,
13000000907,20240816,20240801,ONLINE,Córdoba,7,Pasivo,0,1,0,
13000000908,20240816,20240801,ONLINE,Buenos Aires,4,Detractor,0,0,1,El envío demoró y nadie me avisó
13000000909,20240816,20240801,OFFLINE,Mendoza,9,Promotor,1,0,0,Muy buena atención en la tienda
13000000910,20240816,20240801,OFFLINE,Santa Fe,9,Promotor,1,0,0,Muy conforme con la calidad
13000000911,20240816,20240801,ONLINE,Buenos Aires,8,Pasivo,0,1,0,Podría mejorar el empaque
13000000912,20240816,20240801,ONLINE,Buenos Aires,10,Promotor,1,0,0,
13000000913,20240817,20240801,OFFLINE,,8,Pasivo,0,1,0,
13000000914,20240817,20240801,ONLINE,Buenos Aires,6,Detractor,0,0,1,
13000000915,20240817,20240801,ONLINE,Buenos Aires,6,Detractor,0,0,1,
13000000916,20240817,20240801,OFFLINE,Santa Fe,7,Pasivo,0,1,0,"Buen producto, un poco caro"
13000000917,20240817,20240801,OFFLINE,Córdoba,9,Promotor,1,0,0,
13000000918,20240817,20240801,OFFLINE,Buenos Aires,10,Promotor,1,0,0,Volvería a comprar
13000000919,20240818,20240801,OFFLINE,Córdoba,9,Promotor,1,0,0,Muy conforme con la calidad
13000000920,20240818,20240801,OFFLINE,Buenos Aires,8,Pasivo,0,1,0,Me gustaría más variedad de colores
13000000921,20240819,20240801,OFFLINE,Buenos Aires,9,Promotor,1,0,0,
13000000922,20240819,20240801,ONLINE,Santa Fe,6,Detractor,0,0,1,No cumplió mis expectativas
13000000924,20240819,20240801,ONLINE,Buenos Aires,0,Detractor,0,0,1,Tuve que devolverlo
13000000925,20240820,20240801,OFFLINE,,8,Pasivo,0,1,0,
13000000926,20240821,20240801,ONLINE,Córdoba,3,Detractor,0,0,1,El envío demoró y nadie me avisó
13000000927,20240821,20240801,ONLINE,Santa Fe,9,Promotor,1,0,0,Entrega rápida y producto excelente
13000000928,20240821,20240801,OFFLINE,,9,Promotor,1,0,0,Muy buena atención en la tienda
13000000929,20240822,20240801,OFFLINE,Córdoba,5,Detractor,0,0,1,El envío demoró y nadie me avisó
13000000930,20240822,20240801,ONLINE,Santa Fe,4,Detractor,0,0,1,Tardó mucho más de lo esperado
13000000931,20240822,20240801,ONLINE,Buenos Aires,7,Pasivo,0,1,0,La entrega podría ser más rápida
13000000932,20240823,20240801,ONLINE,Buenos Aires,9,Promotor,1,0,0,"Excelente botella, mantiene la temperatura"
13000000933,20240823,20240801,ONLINE,Mendoza,4,Detractor,0,0,1,Llegó con la caja dañada
13000000934,20240823,20240801,OFFLINE,Santa Fe,10,Promotor,1,0,0,Volvería a comprar
13000000935,20240823,20240801,ONLINE,Buenos Aires,10,Promotor,1,0,0,Todo perfecto
13000000936,20240824,20240801,OFFLINE,Mendoza,10,Promotor,1,0,0,
13000000937,20240824,20240801,OFFLINE,,9,Promotor,1,0,0,
13000000938,20240824,20240801,OFFLINE,Santa Fe,5,Detractor,0,0,1,Tuve que devolverlo
13000000939,20240824,20240801,OFFLINE,,7,Pasivo,0,1,0,
13000000940,20240824,20240801,OFFLINE,Buenos Aires,10,Promotor,1,0,0,Muy buena atención en la tienda
13000000941,20240826,20240801,OFFLINE,Mendoza,8,Pasivo,0,1,0,
13000000943,20240827,20240801,ONLINE,Buenos Aires,6,Detractor,0,0,1,La tapa pierde líquido
13000000944,20240827,20240801,ONLINE,Buenos Aires,9,Promotor,1,0,0,"Excelente botella, mantiene la temperatura"
13000000945,20240827,20240801,ONLINE,Santa Fe,6,Detractor,0,0,1,Llegó con la caja dañada
13000000946,20240828,20240801,ONLINE,Santa Fe,4,Detractor,0,0,1,
13000000947,20240828,20240801,ONLINE,Buenos Aires,0,Detractor,0,0,1,No cumplió mis expectativas
13000000948,20240828,20240801,ONLINE,Buenos Aires,9,Promotor,1,0,0,Entrega rápida y producto excelente
13000000949,20240828,20240801,ONLINE,Córdoba,10,Promotor,1,0,0,Entrega rápida y producto excelente
13000000950,20240828,20240801,ONLINE,Santa Fe,8,Pasivo,0,1,0,La entrega podría ser más rápida
13000000951,20240828,20240801,OFFLINE,Córdoba,7,Pasivo,0,1,0,Me gustaría más variedad de colores
13000000952,20240829,20240801,OFFLINE,,10,Promotor,1,0,0,Muy buena atención en la tienda
13000000953,20240829,20240801,OFFLINE,,8,Pasivo,0,1,0,"Buen producto, un poco caro"
13000000954,20240829,20240801,ONLINE,Córdoba,5,Detractor,0,0,1,Llegó con la caja dañada
13000000955,20240829,20240801,ONLINE,Buenos Aires,10,Promotor,1,0,0,
13000000956,20240829,20240801,OFFLINE,Santa Fe,8,Pasivo,0,1,0,Podría mejorar el empaque
13000000957,20240829,20240801,ONLINE,Buenos Aires,5,Detractor,0,0,1,No cumplió mis expectativas
13000000958,20240829,20240801,ONLINE,Santa Fe,6,Detractor,0,0,1,El envío demoró y nadie me avisó
13000000959,20240829,20240801,OFFLINE,,10,Promotor,1,0,0,Todo perfecto
13000000960,20240829,20240801,ONLINE,Buenos Aires,6,Detractor,0,0,1,Llegó con la caja dañada
13000000961,20240829,20240801,ONLINE,Santa Fe,5,Detractor,0,0,1,El envío demoró y nadie me avisó
13000000962,20240830,20240801,ONLINE,Buenos Aires,5,Detractor,0,0,1,Tardó mucho más de lo esperado
13000000963,20240830,20240801,ONLINE,Córdoba,7,Pasivo,0,1,0,
13000000964,20240830,20240801,OFFLINE,Mendoza,10,Promotor,1,0,0,Muy buena atención en la tienda
13000000965,20240830,20240801,ONLINE,Mendoza,8,Pasivo,0,1,0,La entrega podría ser más rápida
13000000966,20240830,20240801,ONLINE,Buenos Aires,7,Pasivo,0,1,0,
13000000967,20240830,20240801,ONLINE,Mendoza,6,Detractor,0,0,1,Tardó mucho más de lo esperado
13000000968,20240830,20240801,ONLINE,Santa Fe,6,Detractor,0,0,1,Tardó mucho más de lo esperado
13000000969,20240901,20240901,OFFLINE,Mendoza,9,Promotor,1,0,0,
13000000970,20240901,20240901,OFFLINE,,8,Pasivo,0,1,0,
13000000971,20240901,20240901,OFFLINE,Córdoba,7,Pasivo,0,1,0,
13000000972,20240901,20240901,OFFLINE,Buenos Aires,9,Promotor,1,0,0,Muy buena atención en la tienda
13000000973,20240901,20240901,OFFLINE,,10,Promotor,1,0,0,Muy buena atención en la tienda
13000000974,20240902,20240901,OFFLINE,,10,Promotor,1,0,0,
13000000975,20240902,20240901,OFFLINE,Córdoba,10,Promotor,1,0,0,Muy conforme con la calidad
13000000976,20240902,20240901,ONLINE,Buenos Aires,8,Pasivo,0,1,0,Podría mejorar el empaque
13000000977,20240902,20240901,ONLINE,Mendoza,6,Detractor,0,0,1,Llegó con la caja dañada
13000000978,20240902,20240901,ONLINE,Buenos Aires,9,Promotor,1,0,0,Volvería a comprar
13000000979,20240902,20240901,ONLINE,Córdoba,3,Detractor,0,0,1,Tuve que devolverlo
13000000980,20240902,20240901,ONLINE,Córdoba,6,Detractor,0,0,1,El envío demoró y nadie me avisó
13000000981,20240902,20240901,ONLINE,Mendoza,3,Detractor,0,0,1,Tardó mucho más de lo esperado
13000000982,20240902,20240901,ONLINE,Buenos Aires,8,Pasivo,0,1,0,Me gustaría más variedad de colores
13000000983,20240903,20240901,ONLINE,Córdoba,3,Detractor,0,0,1,
13000000984,20240903,20240901,OFFLINE,Santa Fe,8,Pasivo,0,1,0,La entrega podría ser más rápida
13000000985,20240903,20240901,OFFLINE,,6,Detractor,0,0,1,Poco stock en la tienda
13000000986,20240903,20240901,OFFLINE,Buenos Aires,10,Promotor,1,0,0,
13000000987,20240903,20240901,OFFLINE,Santa Fe,8,Pasivo,0,1,0,Podría mejorar el empaque
13000000988,20240903,20240901,ONLINE,Buenos Aires,5,Detractor,0,0,1,
13000000989,20240903,20240901,OFFLINE,Santa Fe,10,Promotor,1,0,0,Muy conforme con la calidad
13000000990,20240904,20240901,OFFLINE,,8,Pasivo,0,1,0,Podría mejorar el empaque
13000000991,20240904,20240901,ONLINE,Córdoba,7,Pasivo,0,1,0,Me gustaría más variedad de colores
13000000992,20240904,20240901,ONLINE,Córdoba,4,Detractor,0,0,1,No cumplió mis expectativas
13000000993,20240904,20240901,OFFLINE,,10,Promotor,1,0,0,
13000000994,20240905,20240901,ONLINE,Buenos Aires,5,Detractor,0,0,1,Tuve que devolverlo
13000000995,20240905,20240901,ONLINE,Córdoba,5,Detractor,0,0,1,Llegó con la caja dañada
13000000996,20240905,20240901,ONLINE,Mendoza,7,Pasivo,0,1,0,
13000000997,20240905,20240901,OFFLINE,Mendoza,6,Detractor,0,0,1,
13000000998,20240905,20240901,ONLINE,Buenos Aires,5,Detractor,0,0,1,Tardó mucho más de lo esperado
13000000999,20240905,20240901,OFFLINE,Córdoba,6,Detractor,0,0,1,Tuve que esperar mucho en la caja
13000001000,20240906,20240901,OFFLINE,,8,Pasivo,0,1,0,"Correcto, sin sorpresas"
13000001001,20240906,20240901,ONLINE,Córdoba,8,Pasivo,0,1,0,
13000001002,20240906,20240901,ONLINE,Córdoba,2,Detractor,0,0,1,No cumplió mis expectativas
13000001003,20240906,20240901,ONLINE,Buenos Aires,5,Detractor,0,0,1,No cumplió mis expectativas
13000001004,20240906,20240901,ONLINE,Córdoba,6,Detractor,0,0,1,Llegó con la caja dañada
13000001005,20240906,20240901,OFFLINE,,10,Promotor,1,0,0,Muy conforme con la calidad
13000001006,20240906,20240901,ONLINE,Córdoba,6,Detractor,0,0,1,Llegó con la caja dañada
13000001007,20240906,20240901,ONLINE,Córdoba,7,Pasivo,0,1,0,La entrega podría ser más rápida
13000001008,20240906,20240901,ONLINE,Buenos Aires,6,Detractor,0,0,1,El envío demoró y nadie me avisó
13000001009,20240907,20240901,OFFLINE,Mendoza,9,Promotor,1,0,0,Muy buena atención en la tienda
13000001011,20240907,20240901,OFFLINE,Mendoza,8,Pasivo,0,1,0,"Buen producto, un poco caro"
13000001012,20240907,20240901,OFFLINE,Buenos Aires,10,Promotor,1,0,0,Muy buena atención en la tienda
13000001013,20240907,20240901,ONLINE,Mendoza,6,Detractor,0,0,1,
13000001014,20240908,20240901,OFFLINE,,7,Pasivo,0,1,0,
13000001015,20240908,20240901,OFFLINE,,8,Pasivo,0,1,0,
13000001016,20240909,20240901,ONLINE,Córdoba,3,Detractor,0,0,1,
13000001017,20240910,20240901,OFFLINE,Mendoza,8,Pasivo,0,1,0,
13000001018,20240910,20240901,ONLINE,Santa Fe,4,Detractor,0,0,1,El envío demoró y nadie me avisó
13000001019,20240910,20240901,ONLINE,Santa Fe,2,Detractor,0,0,1,Tuve que devolverlo
13000001020,20240910,20240901,OFFLINE,,8,Pasivo,0,1,0,
13000001021,20240910,20240901,ONLINE,Buenos Aires,5,Detractor,0,0,1,Tardó mucho más de lo esperado
13000001022,20240910,20240901,OFFLINE,,10,Promotor,1,0,0,"Excelente botella, mantiene la temperatura"
13000001023,20240910,20240901,ONLINE,Buenos Aires,10,Promotor,1,0,0,Entrega rápida y producto excelente
13000001024,20240911,20240901,OFFLINE,Córdoba,4,Detractor,0,0,1,Poco stock en la tienda
13000001025,20240911,20240901,OFFLINE,Buenos Aires,4,Detractor,0,0,1,
13000001026,20240911,20240901,ONLINE,Santa Fe,7,Pasivo,0,1,0,La entrega podría ser más rápida
13000001027,20240911,20240901,OFFLINE,Córdoba,8,Pasivo,0,1,0,"Buen producto, un poco caro"
13000001028,20240911,20240901,ONLINE,Buenos Aires,6,Detractor,0,0,1,No cumplió mis expectativas
13000001029,20240911,20240901,ONLINE,Santa Fe,8,Pasivo,0,1,0,
13000001030,20240911,20240901,ONLINE,Santa Fe,9,Promotor,1,0,0,
13000001031,20240911,20240901,ONLINE,Buenos Aires,8,Pasivo,0,1,0,
13000001032,20240912,20240901,ONLINE,Buenos Aires,8,Pasivo,0,1,0,
13000001033,20240912,20240901,ONLINE,Córdoba,8,Pasivo,0,1,0,Podría mejorar el empaque
13000001034,20240912,20240901,ONLINE,Buenos Aires,7,Pasivo,0,1,0,Me gustaría más variedad de colores
13000001035,20240912,20240901,ONLINE,Córdoba,10,Promotor,1,0,0,Muy conforme con la calidad
13000001036,20240912,20240901,ONLINE,Buenos Aires,4,Detractor,0,0,1,La tapa pierde líquido
13000001037,20240912,20240901,ONLINE,Buenos Aires,5,Detractor,0,0,1,Tardó mucho más de lo esperado
13000001038,20240912,20240901,ONLINE,Buenos Aires,7,Pasivo,0,1,0,La entrega podría ser más rápida
13000001039,20240912,20240901,OFFLINE,,7,Pasivo,0,1,0,
13000001040,20240912,20240901,ONLINE,Buenos Aires,8,Pasivo,0,1,0,Podría mejorar el empaque
13000001041,20240912,20240901,ONLINE,Buenos Aires,4,Detractor,0,0,1,El envío demoró y nadie me avisó
13000001042,20240912,20240901,ONLINE,Buenos Aires,5,Detractor,0,0,1,Tardó mucho más de lo esperado
13000001043,20240913,20240901,ONLINE,Buenos Aires,8,Pasivo,0,1,0,
13000001044,20240913,20240901,ONLINE,Buenos Aires,8,Pasivo,0,1,0,
13000001045,20240913,20240901,ONLINE,Santa Fe,10,Promotor,1,0,0,Entrega rápida y producto excelente
13000001046,20240913,20240901,ONLINE,Córdoba,5,Detractor,0,0,1,Llegó con la caja dañada
13000001047,20240913,20240901,OFFLINE,,10,Promotor,1,0,0,Volvería a comprar
13000001048,20240913,20240901,ONLINE,Buenos Aires,9,Promotor,1,0,0,Volvería a comprar
13000001049,20240913,20240901,ONLINE,Santa Fe,9,Promotor,1,0,0,Todo perfecto
13000001050,20240913,20240901,ONLINE,Santa Fe,2,Detractor,0,0,1,El envío demoró y nadie me avisó
13000001051,20240913,20240901,ONLINE,Mendoza,10,Promotor,1,0,0,Entrega rápida y producto excelente
13000001052,20240913,20240901,ONLINE,Córdoba,10,Promotor,1,0,0,
13000001053,20240913,20240901,ONLINE,Santa Fe,8,Pasivo,0,1,0,
13000001054,20240913,20240901,ONLINE,Buenos Aires,7,Pasivo,0,1,0,Podría mejorar el empaque
13000001055,20240913,20240901,ONLINE,Buenos Aires,7,Pasivo,0,1,0,La entrega podría ser más rápida
13000001056,20240914,20240901,ONLINE,Córdoba,7,Pasivo,0,1,0,
13000001057,20240914,20240901,OFFLINE,Mendoza,8,Pasivo,0,1,0,
13000001058,20240915,20240901,OFFLINE,Mendoza,6,Detractor,0,0,1,No cumplió mis expectativas
13000001059,20240915,20240901,OFFLINE,,9,Promotor,1,0,0,Todo perfecto
13000001060,20240916,20240901,OFFLINE,,9,Promotor,1,0,0,Muy buena atención en la tienda
13000001061,20240916,20240901,ONLINE,Mendoza,1,Detractor,0,0,1,Tuve que devolverlo
13000001062,20240916,20240901,ONLINE,Mendoza,2,Detractor,0,0,1,El envío demoró y nadie me avisó
13000001063,20240916,20240901,ONLINE,Santa Fe,1,Detractor,0,0,1,Llegó con la caja dañada
13000001064,20240916,20240901,ONLINE,Córdoba,5,Detractor,0,0,1,El envío demoró y nadie me avisó
13000001065,20240917,20240901,ONLINE,Santa Fe,9,Promotor,1,0,0,
13000001066,20240917,20240901,OFFLINE,,5,Detractor,0,0,1,Tuve que devolverlo
13000001067,20240917,20240901,ONLINE,Santa Fe,10,Promotor,1,0,0,Entrega rápida y producto excelente
13000001068,20240917,20240901,OFFLINE,,8,Pasivo,0,1,0,
13000001069,20240918,20240901,OFFLINE,Córdoba,5,Detractor,0,0,1,Llegó con la caja dañada
13000001071,20240918,20240901,ONLINE,Santa Fe,5,Detractor,0,0,1,La tapa pierde líquido
13000001072,20240918,20240901,ONLINE,Buenos Aires,9,Promotor,1,0,0,Todo perfecto
13000001073,20240918,20240901,ONLINE,Córdoba,10,Promotor,1,0,0,Muy conforme con la calidad
13000001074,20240918,20240901,ONLINE,Buenos Aires,10,Promotor,1,0,0,Entrega rápida y producto excelente
13000001075,20240918,20240901,OFFLINE,Córdoba,9,Promotor,1,0,0,Todo perfecto
13000001076,20240918,20240901,ONLINE,Buenos Aires,6,Detractor,0,0,1,No cumplió mis expectativas
13000001077,20240919,20240901,ONLINE,Mendoza,7,Pasivo,0,1,0,
13000001078,20240919,20240901,ONLINE,Buenos Aires,7,Pasivo,0,1,0,La entrega podría ser más rápida
13000001079,20240919,20240901,ONLINE,Buenos Aires,10,Promotor,1,0,0,
13000001080,20240919,20240901,ONLINE,Córdoba,10,Promotor,1,0,0,Muy conforme con la calidad
13000001081,20240920,20240901,ONLINE,Buenos Aires,9,Promotor,1,0,0,"Excelente botella, mantiene la temperatura"
13000001082,20240920,20240901,ONLINE,Buenos Aires,7,Pasivo,0,1,0,
13000001083,20240920,20240901,ONLINE,Córdoba,10,Promotor,1,0,0,"Excelente botella, mantiene la temperatura"
13000001084,20240920,20240901,ONLINE,Buenos Aires,7,Pasivo,0,1,0,La entrega podría ser más rápida
13000001085,20240920,20240901,ONLINE,Santa Fe,9,Promotor,1,0,0,Entrega rápida y producto excelente
13000001086,20240920,20240901,ONLINE,Santa Fe,8,Pasivo,0,1,0,Podría mejorar el empaque
13000001087,20240920,20240901,ONLINE,Santa Fe,10,Promotor,1,0,0,
13000001088,20240920,20240901,OFFLINE,,9,Promotor,1,0,0,Muy buena atención en la tienda
13000001089,20240920,20240901,ONLINE,Córdoba,8,Pasivo,0,1,0,La entrega podría ser más rápida
13000001090,20240921,20240901,OFFLINE,Buenos Aires,10,Promotor,1,0,0,Muy buena atención en la tienda
13000001091,20240921,20240901,OFFLINE,,7,Pasivo,0,1,0,
13000001092,20240921,20240901,ONLINE,Buenos Aires,10,Promotor,1,0,0,Todo perfecto
13000001093,20240922,20240901,OFFLINE,,9,Promotor,1,0,0,Muy conforme con la calidad
13000001094,20240923,20240901,ONLINE,Santa Fe,8,Pasivo,0,1,0,Me gustaría más variedad de colores
13000001095,20240923,20240901,ONLINE,Buenos Aires,7,Pasivo,0,1,0,"Buen producto, un poco caro"
13000001096,20240924,20240901,OFFLINE,Mendoza,9,Promotor,1,0,0,Volvería a comprar
13000001097,20240924,20240901,ONLINE,Córdoba,9,Promotor,1,0,0,Entrega rápida y producto excelente
13000001098,20240924,20240901,OFFLINE,Santa Fe,5,Detractor,0,0,1,La tapa pierde líquido
13000001099,20240924,20240901,OFFLINE,,7,Pasivo,0,1,0,Podría mejorar el empaque
13000001100,20240924,20240901,OFFLINE,,9,Promotor,1,0,0,
13000001101,20240924,20240901,OFFLINE,,8,Pasivo,0,1,0,
13000001102,20240925,20240901,ONLINE,Santa Fe,6,Detractor,0,0,1,Tuve que devolverlo
13000001103,20240925,20240901,ONLINE,Buenos Aires,8,Pasivo,0,1,0,La entrega podría ser más rápida
13000001104,20240925,20240901,OFFLINE,,9,Promotor,1,0,0,
13000001105,20240925,20240901,ONLINE,Buenos Aires,10,Promotor,1,0,0,"Excelente botella, mantiene la temperatura"
13000001106,20240925,20240901,ONLINE,Santa Fe,9,Promotor,1,0,0,Entrega rápida y producto excelente
13000001107,20240925,20240901,ONLINE,Buenos Aires,10,Promotor,1,0,0,Entrega rápida y producto excelente
13000001108,20240925,20240901,OFFLINE,Mendoza,9,Promotor,1,0,0,Todo perfecto
13000001109,20240925,20240901,ONLINE,Córdoba,9,Promotor,1,0,0,
13000001110,20240925,20240901,ONLINE,Buenos Aires,9,Promotor,1,0,0,
13000001111,20240925,20240901,OFFLINE,,9,Promotor,1,0,0,Todo perfecto
13000001112,20240926,20240901,ONLINE,Buenos Aires,9,Promotor,1,0,0,
13000001113,20240926,20240901,ONLINE,Santa Fe,10,Promotor,1,0,0,"Excelente botella, mantiene la temperatura"
13000001114,20240926,20240901,OFFLINE,Buenos Aires,6,Detractor,0,0,1,
13000001115,20240926,20240901,ONLINE,Córdoba,9,Promotor,1,0,0,
13000001116,20240926,20240901,ONLINE,Buenos Aires,8,Pasivo,0,1,0,"Buen producto, un poco caro"
13000001117,20240926,20240901,OFFLINE,Mendoza,10,Promotor,1,0,0,Muy buena atención en la tienda
13000001118,20240926,20240901,ONLINE,Buenos Aires,10,Promotor,1,0,0,
13000001119,20240926,20240901,ONLINE,Buenos Aires,6,Detractor,0,0,1,Llegó con la caja dañada
13000001120,20240926,20240901,OFFLINE,Córdoba,10,Promotor,1,0,0,"Excelente botella, mantiene la temperatura"
13000001121,20240926,20240901,OFFLINE,Mendoza,10,Promotor,1,0,0,Muy buena atención en la tienda
13000001122,20240926,20240901,ONLINE,Buenos Aires,8,Pasivo,0,1,0,La entrega podría ser más rápida
13000001123,20240926,20240901,ONLINE,Mendoza,7,Pasivo,0,1,0,La entrega podría ser más rápida
13000001124,20240926,20240901,ONLINE,Santa Fe,7,Pasivo,0,1,0,
13000001125,20240926,20240901,ONLINE,Mendoza,8,Pasivo,0,1,0,
13000001126,20240927,20240901,ONLINE,Buenos Aires,7,Pasivo,0,1,0,La entrega podría ser más rápida
13000001127,20240927,20240901,OFFLINE,,10,Promotor,1,0,0,Muy buena atención en la tienda
13000001128,20240927,20240901,OFFLINE,Córdoba,8,Pasivo,0,1,0,
13000001129,20240928,20240901,OFFLINE,,9,Promotor,1,0,0,Muy conforme con la calidad
13000001130,20240928,20240901,ONLINE,Córdoba,8,Pasivo,0,1,0,"Buen producto, un poco caro"
13000001131,20240929,20240901,OFFLINE,Buenos Aires,9,Promotor,1,0,0,Todo perfecto
13000001132,20240929,20240901,OFFLINE,,10,Promotor,1,0,0,
13000001133,20240929,20240901,OFFLINE,Córdoba,10,Promotor,1,0,0,Muy buena atención en la tienda
13000001135,20240930,20240901,ONLINE,Córdoba,8,Pasivo,0,1,0,"Buen producto, un poco caro"
13000001136,20240930,20240901,ONLINE,Buenos Aires,8,Pasivo,0,1,0,
13000001137,20241001,20241001,ONLINE,Santa Fe,5,Detractor,0,0,1,Tuve que devolverlo
13000001138,20241001,20241001,ONLINE,Buenos Aires,9,Promotor,1,0,0,Entrega rápida y producto excelente
13000001139,20241001,20241001,OFFLINE,,10,Promotor,1,0,0,
13000001140,20241001,20241001,OFFLINE,,7,Pasivo,0,1,0,"Buen producto, un poco caro"
13000001141,20241002,20241001,ONLINE,Santa Fe,9,Promotor,1,0,0,
13000001142,20241002,20241001,ONLINE,Buenos Aires,7,Pasivo,0,1,0,"Correcto, sin sorpresas"
13000001143,20241002,20241001,ONLINE,Santa Fe,8,Pasivo,0,1,0,La entrega podría ser más rápida
13000001144,20241002,20241001,ONLINE,Santa Fe,9,Promotor,1,0,0,Entrega rápida y producto excelente
13000001145,20241002,20241001,OFFLINE,,9,Promotor,1,0,0,Muy conforme con la calidad
13000001146,20241002,20241001,ONLINE,Buenos Aires,8,Pasivo,0,1,0,
13000001147,20241003,20241001,ONLINE,Buenos Aires,6,Detractor,0,0,1,La tapa pierde líquido
13000001148,20241003,20241001,OFFLINE,Buenos Aires,6,Detractor,0,0,1,
13000001149,20241003,20241001,ONLINE,Córdoba,9,Promotor,1,0,0,Entrega rápida y producto excelente
13000001150,20241003,20241001,OFFLINE,,7,Pasivo,0,1,0,Podría mejorar el empaque
13000001151,20241003,20241001,ONLINE,Córdoba,9,Promotor,1,0,0,
13000001152,20241003,20241001,ONLINE,Córdoba,8,Pasivo,0,1,0,
13000001153,20241003,20241001,ONLINE,Santa Fe,7,Pasivo,0,1,0,
13000001154,20241003,20241001,OFFLINE,Santa Fe,8,Pasivo,0,1,0,
13000001155,20241003,20241001,ONLINE,Santa Fe,8,Pasivo,0,1,0,
13000001156,20241004,20241001,ONLINE,Buenos Aires,10,Promotor,1,0,0,Todo perfecto
13000001157,20241004,20241001,OFFLINE,Buenos Aires,7,Pasivo,0,1,0,
13000001158,20241004,20241001,ONLINE,Buenos Aires,9,Promotor,1,0,0,Entrega rápida y producto excelente
13000001159,20241004,20241001,OFFLINE,,9,Promotor,1,0,0,
13000001160,20241005,20241001,OFFLINE,Córdoba,10,Promotor,1,0,0,Muy buena atención en la tienda
13000001161,20241005,20241001,ONLINE,Córdoba,8,Pasivo,0,1,0,"Buen producto, un poco caro"
13000001162,20241006,20241001,OFFLINE,Santa Fe,9,Promotor,1,0,0,
13000001163,20241007,20241001,ONLINE,Buenos Aires,10,Promotor,1,0,0,Entrega rápida y producto excelente
13000001164,20241007,20241001,ONLINE,Mendoza,8,Pasivo,0,1,0,La entrega podría ser más rápida
13000001165,20241007,20241001,ONLINE,Buenos Aires,8,Pasivo,0,1,0,La entrega podría ser más rápida
13000001166,20241007,20241001,ONLINE,Buenos Aires,10,Promotor,1,0,0,
13000001167,20241008,20241001,ONLINE,Santa Fe,7,Pasivo,0,1,0,"Buen producto, un poco caro"
13000001168,20241008,20241001,ONLINE,Buenos Aires,10,Promotor,1,0,0,Entrega rápida y producto excelente
13000001169,20241009,20241001,ONLINE,Buenos Aires,9,Promotor,1,0,0,Entrega rápida y producto excelente
13000001170,20241010,20241001,OFFLINE,,8,Pasivo,0,1,0,
13000001171,20241010,20241001,ONLINE,Buenos Aires,7,Pasivo,0,1,0,
13000001172,20241010,20241001,ONLINE,Buenos Aires,9,Promotor,1,0,0,Entrega rápida y producto excelente
13000001173,20241010,20241001,ONLINE,Córdoba,9,Promotor,1,0,0,Entrega rápida y producto excelente
13000001174,20241010,20241001,ONLINE,Santa Fe,7,Pasivo,0,1,0,
13000001175,20241010,20241001,ONLINE,Mendoza,8,Pasivo,0,1,0,Podría mejorar el empaque
13000001176,20241011,20241001,OFFLINE,Mendoza,7,Pasivo,0,1,0,
13000001177,20241011,20241001,ONLINE,Buenos Aires,7,Pasivo,0,1,0,
13000001178,20241012,20241001,ONLINE,Mendoza,7,Pasivo,0,1,0,
13000001179,20241012,20241001,OFFLINE,,7,Pasivo,0,1,0,
13000001180,20241012,20241001,OFFLINE,Santa Fe,7,Pasivo,0,1,0,
13000001181,20241013,20241001,OFFLINE,,10,Promotor,1,0,0,
13000001182,20241013,20241001,OFFLINE,,6,Detractor,0,0,1,Tuve que esperar mucho en la caja
13000001183,20241013,20241001,OFFLINE,Córdoba,10,Promotor,1,0,0,Volvería a comprar
13000001184,20241014,20241001,ONLINE,Buenos Aires,10,Promotor,1,0,0,Entrega rápida y producto excelente
13000001185,20241014,20241001,OFFLINE,Buenos Aires,10,Promotor,1,0,0,Muy buena atención en la tienda
13000001186,20241015,20241001,ONLINE,Mendoza,9,Promotor,1,0,0,Todo perfecto
13000001187,20241015,20241001,ONLINE,Santa Fe,7,Pasivo,0,1,0,
13000001188,20241015,20241001,ONLINE,Mendoza,7,Pasivo,0,1,0,Me gustaría más variedad de colores
13000001189,20241016,20241001,ONLINE,Mendoza,8,Pasivo,0,1,0,
13000001190,20241016,20241001,ONLINE,Buenos Aires,8,Pasivo,0,1,0,
13000001191,20241016,20241001,ONLINE,Santa Fe,10,Promotor,1,0,0,
13000001192,20241016,20241001,OFFLINE,,9,Promotor,1,0,0,
13000001193,20241016,20241001,OFFLINE,Córdoba,9,Promotor,1,0,0,Muy buena atención en la tienda
13000001194,20241016,20241001,ONLINE,Buenos Aires,8,Pasivo,0,1,0,
13000001195,20241017,20241001,OFFLINE,Buenos Aires,9,Promotor,1,0,0,Muy buena atención en la tienda
13000001196,20241017,20241001,OFFLINE,Mendoza,7,Pasivo,0,1,0,Podría mejorar el empaque
13000001197,20241018,20241001,ONLINE,Mendoza,6,Detractor,0,0,1,
13000001198,20241018,20241001,OFFLINE,Buenos Aires,9,Promotor,1,0,0,
13000001199,20241018,20241001,ONLINE,Buenos Aires,6,Detractor,0,0,1,No cumplió mis expectativas
13000001200,20241018,20241001,OFFLINE,Santa Fe,9,Promotor,1,0,0,
13000001201,20241018,20241001,ONLINE,Mendoza,7,Pasivo,0,1,0,"Correcto, sin sorpresas"
13000001202,20241018,20241001,OFFLINE,Buenos Aires,6,Detractor,0,0,1,No cumplió mis expectativas
13000001203,20241018,20241001,ONLINE,Santa Fe,9,Promotor,1,0,0,Entrega rápida y producto excelente
13000001204,20241019,20241001,OFFLINE,Mendoza,7,Pasivo,0,1,0,Me gustaría más variedad de colores
13000001206,20241019,20241001,OFFLINE,Buenos Aires,10,Promotor,1,0,0,"Excelente botella, mantiene la temperatura"
13000001207,20241019,20241001,OFFLINE,,7,Pasivo,0,1,0,"Correcto, sin sorpresas"
13000001208,20241020,20241001,OFFLINE,,8,Pasivo,0,1,0,
13000001209,20241020,20241001,OFFLINE,,5,Detractor,0,0,1,La tapa pierde líquido
13000001210,20241022,20241001,ONLINE,Buenos Aires,10,Promotor,1,0,0,Entrega rápida y producto excelente
13000001211,20241022,20241001,ONLINE,Buenos Aires,9,Promotor,1,0,0,Muy conforme con la calidad
13000001212,20241022,20241001,OFFLINE,Buenos Aires,8,Pasivo,0,1,0,
13000001213,20241022,20241001,ONLINE,Buenos Aires,8,Pasivo,0,1,0,
13000001214,20241022,20241001,ONLINE,Santa Fe,10,Promotor,1,0,0,Todo perfecto
13000001215,20241022,20241001,ONLINE,Santa Fe,8,Pasivo,0,1,0,
13000001216,20241022,20241001,OFFLINE,Santa Fe,10,Promotor,1,0,0,Muy conforme con la calidad
13000001217,20241022,20241001,ONLINE,Buenos Aires,10,Promotor,1,0,0,Entrega rápida y producto excelente
13000001218,20241022,20241001,ONLINE,Mendoza,10,Promotor,1,0,0,Volvería a comprar
13000001219,20241023,20241001,ONLINE,Córdoba,6,Detractor,0,0,1,El envío demoró y nadie me avisó
13000001220,20241023,20241001,ONLINE,Mendoza,8,Pasivo,0,1,0,La entrega podría ser más rápida
13000001221,20241023,20241001,ONLINE,Buenos Aires,10,Promotor,1,0,0,Muy conforme con la calidad
13000001222,20241023,20241001,ONLINE,Buenos Aires,10,Promotor,1,0,0,Entrega rápida y producto excelente
13000001224,20241023,20241001,ONLINE,Córdoba,4,Detractor,0,0,1,No cumplió mis expectativas
13000001225,20241023,20241001,ONLINE,Buenos Aires,8,Pasivo,0,1,0,
13000001226,20241023,20241001,ONLINE,Santa Fe,9,Promotor,1,0,0,Entrega rápida y producto excelente
13000001227,20241023,20241001,ONLINE,Córdoba,8,Pasivo,0,1,0,
13000001228,20241023,20241001,ONLINE,Buenos Aires,7,Pasivo,0,1,0,"Correcto, sin sorpresas"
13000001229,20241023,20241001,ONLINE,Santa Fe,10,Promotor,1,0,0,
13000001230,20241023,20241001,ONLINE,Buenos Aires,10,Promotor,1,0,0,Entrega rápida y producto excelente
13000001231,20241023,20241001,ONLINE,Buenos Aires,9,Promotor,1,0,0,Entrega rápida y producto excelente
13000001232,20241023,20241001,ONLINE,Buenos Aires,9,Promotor,1,0,0,Entrega rápida y producto excelente
13000001233,20241023,20241001,ONLINE,Córdoba,5,Detractor,0,0,1,La tapa pierde líquido
13000001234,20241023,20241001,ONLINE,Córdoba,8,Pasivo,0,1,0,"Correcto, sin sorpresas"
13000001235,20241024,20241001,ONLINE,Buenos Aires,7,Pasivo,0,1,0,La entrega podría ser más rápida
13000001236,20241024,20241001,ONLINE,Santa Fe,4,Detractor,0,0,1,Tardó mucho más de lo esperado
13000001237,20241024,20241001,ONLINE,Buenos Aires,9,Promotor,1,0,0,"Excelente botella, mantiene la temperatura"
13000001238,20241024,20241001,OFFLINE,,10,Promotor,1,0,0,Muy buena atención en la tienda
13000001239,20241024,20241001,ONLINE,Santa Fe,10,Promotor,1,0,0,
13000001240,20241024,20241001,ONLINE,Santa Fe,10,Promotor,1,0,0,Entrega rápida y producto excelente
13000001241,20241024,20241001,ONLINE,Santa Fe,7,Pasivo,0,1,0,
13000001242,20241024,20241001,ONLINE,Santa Fe,9,Promotor,1,0,0,"Excelente botella, mantiene la temperatura"
13000001243,20241024,20241001,OFFLINE,Santa Fe,5,Detractor,0,0,1,No cumplió mis expectativas
13000001244,20241025,20241001,ONLINE,Mendoza,8,Pasivo,0,1,0,
13000001245,20241025,20241001,ONLINE,Buenos Aires,5,Detractor,0,0,1,Tuve que devolverlo
13000001246,20241025,20241001,ONLINE,Santa Fe,10,Promotor,1,0,0,Entrega rápida y producto excelente
13000001247,20241025,20241001,ONLINE,Santa Fe,10,Promotor,1,0,0,Entrega rápida y producto excelente
13000001248,20241026,20241001,ONLINE,Santa Fe,10,Promotor,1,0,0,
13000001249,20241026,20241001,OFFLINE,Buenos Aires,10,Promotor,1,0,0,
13000001250,20241027,20241001,OFFLINE,,9,Promotor,1,0,0,Muy buena atención en la tienda
13000001251,20241028,20241001,ONLINE,Mendoza,8,Pasivo,0,1,0,La entrega podría ser más rápida
13000001252,20241028,20241001,ONLINE,Buenos Aires,9,Promotor,1,0,0,
13000001253,20241028,20241001,ONLINE,Santa Fe,7,Pasivo,0,1,0,"Correcto, sin sorpresas"
13000001254,20241028,20241001,ONLINE,Santa Fe,8,Pasivo,0,1,0,
13000001255,20241028,20241001,ONLINE,Córdoba,4,Detractor,0,0,1,Llegó con la caja dañada
13000001256,20241028,20241001,OFFLINE,,7,Pasivo,0,1,0,Podría mejorar el empaque
13000001257,20241029,20241001,ONLINE,Buenos Aires,8,Pasivo,0,1,0,
13000001258,20241029,20241001,OFFLINE,,9,Promotor,1,0,0,Muy conforme con la calidad
13000001259,20241029,20241001,ONLINE,Buenos Aires,10,Promotor,1,0,0,
13000001260,20241029,20241001,ONLINE,Córdoba,4,Detractor,0,0,1,El envío demoró y nadie me avisó
13000001261,20241029,20241001,ONLINE,Buenos Aires,10,Promotor,1,0,0,"Excelente botella, mantiene la temperatura"
13000001263,20241030,20241001,ONLINE,Santa Fe,9,Promotor,1,0,0,
13000001264,20241030,20241001,ONLINE,Buenos Aires,4,Detractor,0,0,1,No cumplió mis expectativas
13000001265,20241030,20241001,OFFLINE,Buenos Aires,10,Promotor,1,0,0,Muy buena atención en la tienda
13000001266,20241031,20241001,ONLINE,Buenos Aires,8,Pasivo,0,1,0,
13000001267,20241031,20241001,OFFLINE,,10,Promotor,1,0,0,Muy buena atención en la tienda
13000001268,20241031,20241001,ONLINE,Buenos Aires,9,Promotor,1,0,0,Entrega rápida y producto excelente
13000001269,20241031,20241001,OFFLINE,Córdoba,8,Pasivo,0,1,0,Podría mejorar el empaque
13000001270,20241031,20241001,ONLINE,Mendoza,8,Pasivo,0,1,0,
13000001271,20241031,20241001,ONLINE,Santa Fe,8,Pasivo,0,1,0,
13000001272,20241031,20241001,ONLINE,Santa Fe,7,Pasivo,0,1,0,La entrega podría ser más rápida
13000001273,20241101,20241101,ONLINE,Buenos Aires,7,Pasivo,0,1,0,La entrega podría ser más rápida
13000001274,20241101,20241101,ONLINE,Santa Fe,10,Promotor,1,0,0,Entrega rápida y producto excelente
13000001275,20241101,20241101,ONLINE,Santa Fe,7,Pasivo,0,1,0,La entrega podría ser más rápida
13000001276,20241101,20241101,OFFLINE,Mendoza,7,Pasivo,0,1,0,"Buen producto, un poco caro"
13000001277,20241101,20241101,ONLINE,Santa Fe,8,Pasivo,0,1,0,
13000001278,20241101,20241101,ONLINE,Buenos Aires,8,Pasivo,0,1,0,
13000001279,20241102,20241101,OFFLINE,Buenos Aires,9,Promotor,1,0,0,
13000001280,20241102,20241101,OFFLINE,Mendoza,7,Pasivo,0,1,0,
13000001281,20241102,20241101,ONLINE,Mendoza,8,Pasivo,0,1,0,
13000001282,20241102,20241101,OFFLINE,,10,Promotor,1,0,0,Volvería a comprar
13000001283,20241103,20241101,OFFLINE,,10,Promotor,1,0,0,Volvería a comprar
13000001284,20241103,20241101,OFFLINE,Mendoza,8,Pasivo,0,1,0,"Buen producto, un poco caro"
13000001285,20241103,20241101,OFFLINE,,5,Detractor,0,0,1,No cumplió mis expectativas
13000001286,20241104,20241101,OFFLINE,Buenos Aires,7,Pasivo,0,1,0,
13000001287,20241104,20241101,ONLINE,Buenos Aires,6,Detractor,0,0,1,Tuve que devolverlo
13000001288,20241104,20241101,ONLINE,Buenos Aires,10,Promotor,1,0,0,Muy conforme con la calidad
13000001289,20241105,20241101,OFFLINE,,10,Promotor,1,0,0,Muy buena atención en la tienda
13000001290,20241105,20241101,ONLINE,Mendoza,7,Pasivo,0,1,0,
13000001291,20241105,20241101,ONLINE,Córdoba,9,Promotor,1,0,0,Todo perfecto
13000001292,20241105,20241101,OFFLINE,Santa Fe,10,Promotor,1,0,0,Muy buena atención en la tienda
13000001293,20241106,20241101,ONLINE,Córdoba,9,Promotor,1,0,0,
13000001294,20241106,20241101,ONLINE,Santa Fe,6,Detractor,0,0,1,No cumplió mis expectativas
13000001295,20241106,20241101,OFFLINE,Buenos Aires,8,Pasivo,0,1,0,"Correcto, sin sorpresas"
13000001296,20241106,20241101,ONLINE,Buenos Aires,9,Promotor,1,0,0,
13000001298,20241106,20241101,ONLINE,Santa Fe,9,Promotor,1,0,0,
13000001299,20241106,20241101,ONLINE,Córdoba,8,Pasivo,0,1,0,"Correcto, sin sorpresas"
13000001300,20241107,20241101,ONLINE,Santa Fe,7,Pasivo,0,1,0,
13000001301,20241107,20241101,ONLINE,Santa Fe,6,Detractor,0,0,1,No cumplió mis expectativas
13000001302,20241107,20241101,ONLINE,Mendoza,7,Pasivo,0,1,0,Me gustaría más variedad de colores
13000001303,20241107,20241101,ONLINE,Buenos Aires,10,Promotor,1,0,0,Entrega rápida y producto excelente
13000001304,20241107,20241101,ONLINE,Córdoba,10,Promotor,1,0,0,Todo perfecto
13000001305,20241107,20241101,OFFLINE,Buenos Aires,8,Pasivo,0,1,0,
13000001306,20241108,20241101,OFFLINE,Buenos Aires,8,Pasivo,0,1,0,"Correcto, sin sorpresas"
13000001308,20241108,20241101,OFFLINE,Buenos Aires,7,Pasivo,0,1,0,
13000001309,20241109,20241101,OFFLINE,,10,Promotor,1,0,0,Muy conforme con la calidad
13000001310,20241109,20241101,OFFLINE,Santa Fe,8,Pasivo,0,1,0,
13000001311,20241109,20241101,OFFLINE,Santa Fe,10,Promotor,1,0,0,Muy buena atención en la tienda
13000001312,20241109,20241101,OFFLINE,Mendoza,9,Promotor,1,0,0,
13000001313,20241110,20241101,OFFLINE,,10,Promotor,1,0,0,
13000001314,20241110,20241101,OFFLINE,Buenos Aires,9,Promotor,1,0,0,
13000001315,20241111,20241101,ONLINE,Mendoza,8,Pasivo,0,1,0,
13000001316,20241111,20241101,ONLINE,Córdoba,8,Pasivo,0,1,0,
13000001317,20241111,20241101,ONLINE,Córdoba,8,Pasivo,0,1,0,Me gustaría más variedad de colores
13000001318,20241111,20241101,ONLINE,Córdoba,6,Detractor,0,0,1,Llegó con la caja dañada
13000001319,20241111,20241101,OFFLINE,,9,Promotor,1,0,0,Muy buena atención en la tienda
13000001320,20241112,20241101,OFFLINE,Córdoba,7,Pasivo,0,1,0,
13000001321,20241112,20241101,ONLINE,Santa Fe,9,Promotor,1,0,0,Todo perfecto
13000001322,20241112,20241101,ONLINE,Buenos Aires,6,Detractor,0,0,1,Llegó con la caja dañada
13000001323,20241112,20241101,ONLINE,Santa Fe,10,Promotor,1,0,0,Entrega rápida y producto excelente
13000001324,20241112,20241101,ONLINE,Córdoba,8,Pasivo,0,1,0,La entrega podría ser más rápida
13000001325,20241112,20241101,ONLINE,Mendoza,9,Promotor,1,0,0,
13000001326,20241113,20241101,OFFLINE,,10,Promotor,1,0,0,"Excelente botella, mantiene la temperatura"
13000001327,20241113,20241101,ONLINE,Córdoba,7,Pasivo,0,1,0,
13000001328,20241113,20241101,ONLINE,Córdoba,8,Pasivo,0,1,0,La entrega podría ser más rápida
13000001329,20241114,20241101,ONLINE,Buenos Aires,9,Promotor,1,0,0,Entrega rápida y producto excelente
13000001330,20241114,20241101,ONLINE,Córdoba,6,Detractor,0,0,1,No cumplió mis expectativas
13000001331,20241114,20241101,OFFLINE,,10,Promotor,1,0,0,Muy conforme con la calidad
13000001332,20241114,20241101,ONLINE,Buenos Aires,10,Promotor,1,0,0,Volvería a comprar
13000001333,20241114,20241101,OFFLINE,Buenos Aires,7,Pasivo,0,1,0,
13000001334,20241114,20241101,ONLINE,Buenos Aires,7,Pasivo,0,1,0,La entrega podría ser más rápida
13000001335,20241115,20241101,ONLINE,Córdoba,5,Detractor,0,0,1,No cumplió mis expectativas
13000001336,20241115,20241101,ONLINE,Buenos Aires,10,Promotor,1,0,0,Volvería a comprar
13000001337,20241115,20241101,ONLINE,Buenos Aires,7,Pasivo,0,1,0,La entrega podría ser más rápida
13000001338,20241115,20241101,ONLINE,Buenos Aires,10,Promotor,1,0,0,Muy conforme con la calidad
13000001339,20241116,20241101,ONLINE,Buenos Aires,7,Pasivo,0,1,0,La entrega podría ser más rápida
13000001341,20241116,20241101,OFFLINE,,8,Pasivo,0,1,0,
13000001342,20241116,20241101,OFFLINE,Mendoza,8,Pasivo,0,1,0,Me gustaría más variedad de colores
13000001343,20241117,20241101,OFFLINE,,8,Pasivo,0,1,0,"Correcto, sin sorpresas"
13000001344,20241117,20241101,OFFLINE,Buenos Aires,9,Promotor,1,0,0,Muy buena atención en la tienda
13000001345,20241117,20241101,OFFLINE,Córdoba,10,Promotor,1,0,0,"Excelente botella, mantiene la temperatura"
13000001346,20241118,20241101,ONLINE,Buenos Aires,10,Promotor,1,0,0,
13000001347,20241118,20241101,ONLINE,Buenos Aires,10,Promotor,1,0,0,Entrega rápida y producto excelente
13000001348,20241118,20241101,ONLINE,Mendoza,7,Pasivo,0,1,0,"Correcto, sin sorpresas"
13000001349,20241118,20241101,OFFLINE,Santa Fe,8,Pasivo,0,1,0,"Correcto, sin sorpresas"
13000001350,20241118,20241101,ONLINE,Buenos Aires,10,Promotor,1,0,0,Entrega rápida y producto excelente
13000001351,20241118,20241101,ONLINE,Santa Fe,9,Promotor,1,0,0,
13000001352,20241118,20241101,ONLINE,Santa Fe,6,Detractor,0,0,1,Tuve que devolverlo
13000001353,20241118,20241101,ONLINE,Córdoba,9,Promotor,1,0,0,Entrega rápida y producto excelente
13000001354,20241118,20241101,ONLINE,Buenos Aires,7,Pasivo,0,1,0,
13000001355,20241118,20241101,ONLINE,Buenos Aires,9,Promotor,1,0,0,Muy conforme con la calidad
13000001356,20241118,20241101,ONLINE,Buenos Aires,10,Promotor,1,0,0,
13000001357,20241118,20241101,ONLINE,Córdoba,10,Promotor,1,0,0,Entrega rápida y producto excelente
13000001358,20241119,20241101,ONLINE,Buenos Aires,7,Pasivo,0,1,0,Podría mejorar el empaque
13000001359,20241119,20241101,ONLINE,Buenos Aires,9,Promotor,1,0,0,
13000001360,20241119,20241101,ONLINE,Buenos Aires,9,Promotor,1,0,0,Entrega rápida y producto excelente
13000001361,20241119,20241101,ONLINE,Buenos Aires,8,Pasivo,0,1,0,Me gustaría más variedad de colores
13000001362,20241119,20241101,ONLINE,Buenos Aires,7,Pasivo,0,1,0,
13000001363,20241119,20241101,ONLINE,Buenos Aires,7,Pasivo,0,1,0,La entrega podría ser más rápida
13000001364,20241119,20241101,ONLINE,Mendoza,8,Pasivo,0,1,0,La entrega podría ser más rápida
13000001365,20241119,20241101,ONLINE,Mendoza,6,Detractor,0,0,1,Llegó con la caja dañada
13000001366,20241119,20241101,OFFLINE,Córdoba,10,Promotor,1,0,0,Muy conforme con la calidad
13000001367,20241119,20241101,ONLINE,Santa Fe,10,Promotor,1,0,0,
13000001368,20241120,20241101,ONLINE,Buenos Aires,9,Promotor,1,0,0,
13000001369,20241120,20241101,ONLINE,Buenos Aires,8,Pasivo,0,1,0,
13000001370,20241120,20241101,ONLINE,Santa Fe,10,Promotor,1,0,0,Entrega rápida y producto excelente
13000001371,20241120,20241101,ONLINE,Buenos Aires,7,Pasivo,0,1,0,La entrega podría ser más rápida
13000001372,20241120,20241101,ONLINE,Buenos Aires,9,Promotor,1,0,0,
13000001373,20241120,20241101,ONLINE,Córdoba,9,Promotor,1,0,0,Muy conforme con la calidad
13000001374,20241120,20241101,ONLINE,Buenos Aires,8,Pasivo,0,1,0,"Correcto, sin sorpresas"
13000001375,20241120,20241101,ONLINE,Córdoba,7,Pasivo,0,1,0,La entrega podría ser más rápida
13000001376,20241121,20241101,ONLINE,Córdoba,8,Pasivo,0,1,0,"Buen producto, un poco caro"
13000001377,20241121,20241101,ONLINE,Córdoba,10,Promotor,1,0,0,Entrega rápida y producto excelente
13000001378,20241121,20241101,ONLINE,Mendoza,9,Promotor,1,0,0,Volvería a comprar
13000001379,20241121,20241101,ONLINE,Mendoza,9,Promotor,1,0,0,Muy conforme con la calidad
13000001380,20241121,20241101,ONLINE,Córdoba,10,Promotor,1,0,0,"Excelente botella, mantiene la temperatura"
13000001381,20241121,20241101,ONLINE,Mendoza,9,Promotor,1,0,0,Entrega rápida y producto excelente
13000001382,20241121,20241101,ONLINE,Santa Fe,10,Promotor,1,0,0,Entrega rápida y producto excelente
13000001383,20241121,20241101,ONLINE,Santa Fe,5,Detractor,0,0,1,Llegó con la caja dañada
13000001384,20241121,20241101,ONLINE,Córdoba,5,Detractor,0,0,1,Tardó mucho más de lo esperado
13000001385,20241121,20241101,ONLINE,Córdoba,9,Promotor,1,0,0,Entrega rápida y producto excelente
13000001386,20241121,20241101,ONLINE,Córdoba,10,Promotor,1,0,0,Entrega rápida y producto excelente
13000001387,20241121,20241101,ONLINE,Córdoba,10,Promotor,1,0,0,Entrega rápida y producto excelente
13000001388,20241121,20241101,ONLINE,Mendoza,8,Pasivo,0,1,0,
13000001389,20241122,20241101,ONLINE,Buenos Aires,7,Pasivo,0,1,0,
13000001390,20241122,20241101,ONLINE,Córdoba,9,Promotor,1,0,0,Entrega rápida y producto excelente
13000001391,20241122,20241101,ONLINE,Córdoba,9,Promotor,1,0,0,Entrega rápida y producto excelente
13000001392,20241122,20241101,ONLINE,Buenos Aires,10,Promotor,1,0,0,
13000001393,20241122,20241101,ONLINE,Buenos Aires,9,Promotor,1,0,0,
13000001394,20241122,20241101,OFFLINE,,8,Pasivo,0,1,0,Podría mejorar el empaque
13000001395,20241123,20241101,ONLINE,Córdoba,7,Pasivo,0,1,0,
13000001396,20241123,20241101,ONLINE,Buenos Aires,8,Pasivo,0,1,0,
13000001397,20241123,20241101,ONLINE,Córdoba,10,Promotor,1,0,0,
13000001398,20241123,20241101,ONLINE,Mendoza,7,Pasivo,0,1,0,Me gustaría más variedad de colores
13000001399,20241123,20241101,ONLINE,Córdoba,7,Pasivo,0,1,0,La entrega podría ser más rápida
13000001400,20241123,20241101,OFFLINE,Córdoba,5,Detractor,0,0,1,
13000001401,20241124,20241101,OFFLINE,,9,Promotor,1,0,0,Todo perfecto
13000001402,20241124,20241101,OFFLINE,,8,Pasivo,0,1,0,
13000001403,20241124,20241101,OFFLINE,,10,Promotor,1,0,0,Todo perfecto
13000001404,20241124,20241101,OFFLINE,Buenos Aires,8,Pasivo,0,1,0,
13000001405,20241125,20241101,OFFLINE,Mendoza,10,Promotor,1,0,0,
13000001406,20241125,20241101,ONLINE,Buenos Aires,9,Promotor,1,0,0,Entrega rápida y producto excelente
13000001407,20241125,20241101,ONLINE,Mendoza,6,Detractor,0,0,1,
13000001408,20241125,20241101,ONLINE,Mendoza,10,Promotor,1,0,0,Entrega rápida y producto excelente
13000001409,20241126,20241101,ONLINE,Córdoba,10,Promotor,1,0,0,
13000001410,20241126,20241101,ONLINE,Buenos Aires,9,Promotor,1,0,0,
13000001411,20241126,20241101,ONLINE,Buenos Aires,9,Promotor,1,0,0,
13000001412,20241126,20241101,ONLINE,Buenos Aires,10,Promotor,1,0,0,
13000001413,20241126,20241101,ONLINE,Santa Fe,9,Promotor,1,0,0,"Excelente botella, mantiene la temperatura"
13000001415,20241126,20241101,ONLINE,Buenos Aires,8,Pasivo,0,1,0,
13000001416,20241127,20241101,ONLINE,Buenos Aires,10,Promotor,1,0,0,Muy conforme con la calidad
13000001417,20241127,20241101,ONLINE,Mendoza,9,Promotor,1,0,0,
13000001418,20241127,20241101,ONLINE,Córdoba,5,Detractor,0,0,1,
13000001419,20241127,20241101,OFFLINE,,6,Detractor,0,0,1,No cumplió mis expectativas
13000001420,20241128,20241101,ONLINE,Buenos Aires,7,Pasivo,0,1,0,
13000001421,20241128,20241101,ONLINE,Buenos Aires,10,Promotor,1,0,0,Entrega rápida y producto excelente
13000001422,20241128,20241101,ONLINE,Córdoba,9,Promotor,1,0,0,Entrega rápida y producto excelente
13000001423,20241128,20241101,ONLINE,Buenos Aires,8,Pasivo,0,1,0,La entrega podría ser más rápida
13000001424,20241128,20241101,ONLINE,Buenos Aires,4,Detractor,0,0,1,Llegó con la caja dañada
13000001425,20241128,20241101,ONLINE,Córdoba,7,Pasivo,0,1,0,
13000001426,20241128,20241101,ONLINE,Buenos Aires,8,Pasivo,0,1,0,
13000001427,20241128,20241101,OFFLINE,Mendoza,9,Promotor,1,0,0,Muy buena atención en la tienda
13000001428,20241128,20241101,ONLINE,Buenos Aires,8,Pasivo,0,1,0,
13000001429,20241128,20241101,ONLINE,Mendoza,10,Promotor,1,0,0,"Excelente botella, mantiene la temperatura"
13000001430,20241129,20241101,OFFLINE,,9,Promotor,1,0,0,"Excelente botella, mantiene la temperatura"
13000001431,20241129,20241101,OFFLINE,Buenos Aires,10,Promotor,1,0,0,"Excelente botella, mantiene la temperatura"
13000001432,20241129,20241101,ONLINE,Córdoba,5,Detractor,0,0,1,El envío demoró y nadie me avisó
13000001433,20241129,20241101,ONLINE,Mendoza,8,Pasivo,0,1,0,La entrega podría ser más rápida
13000001434,20241129,20241101,ONLINE,Córdoba,10,Promotor,1,0,0,
13000001435,20241129,20241101,ONLINE,Buenos Aires,9,Promotor,1,0,0,
13000001436,20241129,20241101,OFFLINE,,7,Pasivo,0,1,0,
13000001437,20241129,20241101,OFFLINE,Córdoba,9,Promotor,1,0,0,"Excelente botella, mantiene la temperatura"
13000001438,20241130,20241101,OFFLINE,,10,Promotor,1,0,0,
13000001439,20241130,20241101,ONLINE,Buenos Aires,9,Promotor,1,0,0,Entrega rápida y producto excelente
13000001440,20241130,20241101,ONLINE,Córdoba,7,Pasivo,0,1,0,
13000001441,20241130,20241101,OFFLINE,Santa Fe,10,Promotor,1,0,0,Muy buena atención en la tienda
13000001442,20241201,20241201,OFFLINE,Mendoza,10,Promotor,1,0,0,
13000001443,20241202,20241201,OFFLINE,Santa Fe,10,Promotor,1,0,0,Muy buena atención en la tienda
13000001444,20241202,20241201,ONLINE,Santa Fe,10,Promotor,1,0,0,
13000001445,20241202,20241201,ONLINE,Santa Fe,1,Detractor,0,0,1,Tardó mucho más de lo esperado
13000001446,20241202,20241201,ONLINE,Córdoba,10,Promotor,1,0,0,Entrega rápida y producto excelente
13000001447,20241202,20241201,ONLINE,Santa Fe,7,Pasivo,0,1,0,
13000001449,20241202,20241201,ONLINE,Buenos Aires,10,Promotor,1,0,0,
13000001450,20241202,20241201,ONLINE,Córdoba,6,Detractor,0,0,1,La tapa pierde líquido
13000001451,20241202,20241201,ONLINE,Buenos Aires,9,Promotor,1,0,0,Volvería a comprar
13000001452,20241203,20241201,OFFLINE,Buenos Aires,10,Promotor,1,0,0,
13000001453,20241203,20241201,OFFLINE,Santa Fe,7,Pasivo,0,1,0,
13000001454,20241203,20241201,OFFLINE,Buenos Aires,10,Promotor,1,0,0,
13000001455,20241203,20241201,OFFLINE,,7,Pasivo,0,1,0,"Buen producto, un poco caro"
13000001456,20241203,20241201,ONLINE,Santa Fe,7,Pasivo,0,1,0,La entrega podría ser más rápida
13000001457,20241204,20241201,ONLINE,Santa Fe,10,Promotor,1,0,0,
13000001458,20241204,20241201,ONLINE,Buenos Aires,8,Pasivo,0,1,0,"Correcto, sin sorpresas"
13000001459,20241204,20241201,OFFLINE,Córdoba,7,Pasivo,0,1,0,
13000001460,20241204,20241201,ONLINE,Córdoba,7,Pasivo,0,1,0,
13000001461,20241205,20241201,ONLINE,Santa Fe,7,Pasivo,0,1,0,
13000001462,20241205,20241201,ONLINE,Mendoza,8,Pasivo,0,1,0,
13000001463,20241205,20241201,ONLINE,Buenos Aires,10,Promotor,1,0,0,Volvería a comprar
13000001464,20241205,20241201,OFFLINE,,7,Pasivo,0,1,0,Me gustaría más variedad de colores
13000001465,20241205,20241201,OFFLINE,Mendoza,9,Promotor,1,0,0,Muy buena atención en la tienda
13000001466,20241205,20241201,ONLINE,Mendoza,9,Promotor,1,0,0,Volvería a comprar
13000001468,20241206,20241201,ONLINE,Córdoba,8,Pasivo,0,1,0,Me gustaría más variedad de colores
13000001469,20241206,20241201,OFFLINE,Buenos Aires,8,Pasivo,0,1,0,
13000001470,20241206,20241201,ONLINE,Santa Fe,7,Pasivo,0,1,0,
13000001471,20241206,20241201,ONLINE,Santa Fe,8,Pasivo,0,1,0,
13000001472,20241206,20241201,OFFLINE,Mendoza,8,Pasivo,0,1,0,Me gustaría más variedad de colores
13000001473,20241206,20241201,ONLINE,Córdoba,7,Pasivo,0,1,0,"Buen producto, un poco caro"
13000001474,20241206,20241201,ONLINE,Córdoba,10,Promotor,1,0,0,Entrega rápida y producto excelente
13000001475,20241206,20241201,OFFLINE,Buenos Aires,7,Pasivo,0,1,0,Me gustaría más variedad de colores
13000001476,20241206,20241201,ONLINE,Córdoba,10,Promotor,1,0,0,Entrega rápida y producto excelente
13000001478,20241208,20241201,ONLINE,Córdoba,9,Promotor,1,0,0,
13000001479,20241208,20241201,OFFLINE,Buenos Aires,10,Promotor,1,0,0,
13000001480,20241208,20241201,OFFLINE,Santa Fe,6,Detractor,0,0,1,No cumplió mis expectativas
13000001481,20241208,20241201,OFFLINE,,9,Promotor,1,0,0,"Excelente botella, mantiene la temperatura"
13000001482,20241208,20241201,OFFLINE,Córdoba,9,Promotor,1,0,0,
13000001483,20241209,20241201,OFFLINE,,6,Detractor,0,0,1,Tuve que esperar mucho en la caja
13000001484,20241209,20241201,ONLINE,Córdoba,3,Detractor,0,0,1,Tardó mucho más de lo esperado
13000001485,20241209,20241201,ONLINE,Buenos Aires,10,Promotor,1,0,0,"Excelente botella, mantiene la temperatura"
13000001486,20241209,20241201,ONLINE,Córdoba,7,Pasivo,0,1,0,Me gustaría más variedad de colores
13000001488,20241210,20241201,ONLINE,Buenos Aires,7,Pasivo,0,1,0,"Buen producto, un poco caro"
13000001492,20241210,20241201,ONLINE,Córdoba,10,Promotor,1,0,0,
13000001493,20241210,20241201,ONLINE,Córdoba,6,Detractor,0,0,1,La tapa pierde líquido
13000001494,20241210,20241201,ONLINE,Buenos Aires,9,Promotor,1,0,0,Muy conforme con la calidad
13000001495,20241211,20241201,ONLINE,Córdoba,8,Pasivo,0,1,0,
13000001496,20241211,20241201,ONLINE,Mendoza,7,Pasivo,0,1,0,
13000001497,20241211,20241201,ONLINE,Córdoba,10,Promotor,1,0,0,
13000001498,20241211,20241201,ONLINE,Córdoba,9,Promotor,1,0,0,Volvería a comprar
13000001499,20241211,20241201,ONLINE,Santa Fe,8,Pasivo,0,1,0,
13000001500,20241211,20241201,ONLINE,Santa Fe,7,Pasivo,0,1,0,La entrega podría ser más rápida
13000001501,20241211,20241201,ONLINE,Córdoba,7,Pasivo,0,1,0,
13000001502,20241212,20241201,ONLINE,Córdoba,9,Promotor,1,0,0,Volvería a comprar
13000001503,20241212,20241201,ONLINE,Buenos Aires,8,Pasivo,0,1,0,
13000001504,20241212,20241201,ONLINE,Mendoza,10,Promotor,1,0,0,Volvería a comprar
13000001505,20241212,20241201,ONLINE,Córdoba,9,Promotor,1,0,0,Volvería a comprar
13000001506,20241212,20241201,ONLINE,Córdoba,4,Detractor,0,0,1,Llegó con la caja dañada
13000001507,20241212,20241201,OFFLINE,Córdoba,10,Promotor,1,0,0,Muy buena atención en la tienda
13000001508,20241212,20241201,ONLINE,Buenos Aires,8,Pasivo,0,1,0,Podría mejorar el empaque
13000001509,20241212,20241201,OFFLINE,,8,Pasivo,0,1,0,"Buen producto, un poco caro"
13000001510,20241212,20241201,ONLINE,Córdoba,10,Promotor,1,0,0,
13000001511,20241212,20241201,ONLINE,Mendoza,6,Detractor,0,0,1,
13000001512,20241213,20241201,OFFLINE,,10,Promotor,1,0,0,
13000001513,20241213,20241201,OFFLINE,,10,Promotor,1,0,0,
13000001514,20241213,20241201,OFFLINE,Santa Fe,9,Promotor,1,0,0,
13000001515,20241213,20241201,OFFLINE,,8,Pasivo,0,1,0,
13000001516,20241213,20241201,ONLINE,Mendoza,8,Pasivo,0,1,0,
13000001517,20241213,20241201,ONLINE,Mendoza,8,Pasivo,0,1,0,Me gustaría más variedad de colores
13000001518,20241213,20241201,OFFLINE,,9,Promotor,1,0,0,Muy buena atención en la tienda
13000001519,20241213,20241201,ONLINE,Córdoba,9,Promotor,1,0,0,
13000001520,20241214,20241201,ONLINE,Córdoba,10,Promotor,1,0,0,Entrega rápida y producto excelente
13000001521,20241214,20241201,ONLINE,Córdoba,8,Pasivo,0,1,0,
13000001522,20241214,20241201,OFFLINE,Santa Fe,8,Pasivo,0,1,0,
13000001523,20241214,20241201,OFFLINE,,10,Promotor,1,0,0,
13000001524,20241214,20241201,ONLINE,Córdoba,9,Promotor,1,0,0,Muy conforme con la calidad
13000001525,20241214,20241201,OFFLINE,Córdoba,10,Promotor,1,0,0,Muy buena atención en la tienda
13000001526,20241214,20241201,OFFLINE,Buenos Aires,7,Pasivo,0,1,0,"Correcto, sin sorpresas"
13000001527,20241214,20241201,OFFLINE,Buenos Aires,8,Pasivo,0,1,0,
13000001528,20241215,20241201,OFFLINE,Córdoba,9,Promotor,1,0,0,
13000001529,20241215,20241201,OFFLINE,,9,Promotor,1,0,0,Muy buena atención en la tienda
13000001530,20241215,20241201,OFFLINE,Buenos Aires,10,Promotor,1,0,0,"Excelente botella, mantiene la temperatura"
13000001531,20241216,20241201,OFFLINE,Buenos Aires,9,Promotor,1,0,0,Muy conforme con la calidad
13000001532,20241216,20241201,ONLINE,Buenos Aires,9,Promotor,1,0,0,
13000001533,20241216,20241201,ONLINE,Santa Fe,8,Pasivo,0,1,0,Me gustaría más variedad de colores
13000001535,20241217,20241201,ONLINE,Buenos Aires,10,Promotor,1,0,0,Entrega rápida y producto excelente
13000001536,20241217,20241201,OFFLINE,,10,Promotor,1,0,0,Muy buena atención en la tienda
13000001537,20241217,20241201,ONLINE,Buenos Aires,9,Promotor,1,0,0,"Excelente botella, mantiene la temperatura"
13000001538,20241217,20241201,OFFLINE,,8,Pasivo,0,1,0,"Buen producto, un poco caro"
13000001539,20241217,20241201,ONLINE,Córdoba,10,Promotor,1,0,0,Muy conforme con la calidad
13000001541,20241218,20241201,ONLINE,Buenos Aires,6,Detractor,0,0,1,
13000001543,20241218,20241201,OFFLINE,Buenos Aires,10,Promotor,1,0,0,
13000001544,20241218,20241201,OFFLINE,,10,Promotor,1,0,0,
13000001545,20241218,20241201,ONLINE,Santa Fe,10,Promotor,1,0,0,Muy conforme con la calidad
13000001546,20241218,20241201,ONLINE,Buenos Aires,4,Detractor,0,0,1,Tuve que devolverlo
13000001547,20241218,20241201,ONLINE,Buenos Aires,6,Detractor,0,0,1,La tapa pierde líquido
13000001548,20241218,20241201,ONLINE,Mendoza,6,Detractor,0,0,1,
13000001549,20241218,20241201,ONLINE,Mendoza,7,Pasivo,0,1,0,Podría mejorar el empaque
13000001550,20241218,20241201,OFFLINE,Santa Fe,10,Promotor,1,0,0,Todo perfecto
13000001551,20241219,20241201,OFFLINE,,10,Promotor,1,0,0,Muy buena atención en la tienda
13000001552,20241219,20241201,OFFLINE,Mendoza,9,Promotor,1,0,0,Muy buena atención en la tienda
13000001553,20241219,20241201,OFFLINE,Santa Fe,9,Promotor,1,0,0,"Excelente botella, mantiene la temperatura"
13000001554,20241219,20241201,OFFLINE,Córdoba,9,Promotor,1,0,0,
13000001555,20241219,20241201,OFFLINE,Mendoza,8,Pasivo,0,1,0,
13000001556,20241219,20241201,OFFLINE,Córdoba,10,Promotor,1,0,0,
13000001557,20241219,20241201,ONLINE,Córdoba,10,Promotor,1,0,0,
13000001558,20241219,20241201,OFFLINE,,8,Pasivo,0,1,0,
13000001559,20241219,20241201,OFFLINE,Mendoza,10,Promotor,1,0,0,"Excelente botella, mantiene la temperatura"
13000001560,20241219,20241201,ONLINE,Córdoba,4,Detractor,0,0,1,Llegó con la caja dañada
13000001561,20241219,20241201,OFFLINE,Buenos Aires,8,Pasivo,0,1,0,"Correcto, sin sorpresas"
13000001562,20241219,20241201,OFFLINE,Mendoza,8,Pasivo,0,1,0,Me gustaría más variedad de colores
13000001563,20241219,20241201,ONLINE,Mendoza,9,Promotor,1,0,0,Entrega rápida y producto excelente
13000001564,20241220,20241201,OFFLINE,Córdoba,9,Promotor,1,0,0,"Excelente botella, mantiene la temperatura"
13000001565,20241220,20241201,OFFLINE,Santa Fe,4,Detractor,0,0,1,No cumplió mis expectativas
13000001566,20241220,20241201,ONLINE,Santa Fe,9,Promotor,1,0,0,Entrega rápida y producto excelente
13000001567,20241220,20241201,ONLINE,Buenos Aires,8,Pasivo,0,1,0,"Correcto, sin sorpresas"
13000001568,20241220,20241201,ONLINE,Buenos Aires,7,Pasivo,0,1,0,La entrega podría ser más rápida
13000001569,20241220,20241201,ONLINE,Córdoba,5,Detractor,0,0,1,
13000001570,20241221,20241201,OFFLINE,Mendoza,8,Pasivo,0,1,0,"Correcto, sin sorpresas"
13000001571,20241221,20241201,ONLINE,Santa Fe,8,Pasivo,0,1,0,La entrega podría ser más rápida
13000001572,20241221,20241201,ONLINE,Mendoza,7,Pasivo,0,1,0,La entrega podría ser más rápida
13000001573,20241221,20241201,OFFLINE,,6,Detractor,0,0,1,
13000001574,20241221,20241201,OFFLINE,Mendoza,9,Promotor,1,0,0,"Excelente botella, mantiene la temperatura"
13000001575,20241221,20241201,OFFLINE,,10,Promotor,1,0,0,"Excelente botella, mantiene la temperatura"
13000001576,20241221,20241201,OFFLINE,,10,Promotor,1,0,0,Volvería a comprar
13000001577,20241222,20241201,OFFLINE,Córdoba,8,Pasivo,0,1,0,Me gustaría más variedad de colores
13000001578,20241222,20241201,OFFLINE,,7,Pasivo,0,1,0,"Buen producto, un poco caro"
13000001580,20241222,20241201,OFFLINE,,8,Pasivo,0,1,0,Podría mejorar el empaque
13000001581,20241222,20241201,OFFLINE,Santa Fe,10,Promotor,1,0,0,"Excelente botella, mantiene la temperatura"
13000001582,20241223,20241201,ONLINE,Buenos Aires,10,Promotor,1,0,0,Entrega rápida y producto excelente
13000001583,20241223,20241201,ONLINE,Buenos Aires,9,Promotor,1,0,0,
13000001584,20241223,20241201,ONLINE,Buenos Aires,8,Pasivo,0,1,0,La entrega podría ser más rápida
13000001586,20241223,20241201,ONLINE,Mendoza,7,Pasivo,0,1,0,
13000001587,20241224,20241201,ONLINE,Córdoba,9,Promotor,1,0,0,Entrega rápida y producto excelente
13000001588,20241224,20241201,ONLINE,Mendoza,7,Pasivo,0,1,0,La entrega podría ser más rápida
13000001590,20241224,20241201,ONLINE,Mendoza,8,Pasivo,0,1,0,
13000001591,20241224,20241201,ONLINE,Córdoba,6,Detractor,0,0,1,Tardó mucho más de lo esperado
13000001592,20241224,20241201,OFFLINE,,7,Pasivo,0,1,0,
13000001593,20241224,20241201,OFFLINE,,9,Promotor,1,0,0,Muy conforme con la calidad
13000001595,20241224,20241201,ONLINE,Buenos Aires,9,Promotor,1,0,0,Muy conforme con la calidad
13000001596,20241224,20241201,ONLINE,Santa Fe,8,Pasivo,0,1,0,La entrega podría ser más rápida
13000001598,20241225,20241201,ONLINE,Santa Fe,5,Detractor,0,0,1,Llegó con la caja dañada
13000001599,20241225,20241201,ONLINE,Santa Fe,7,Pasivo,0,1,0,La entrega podría ser más rápida
13000001600,20241225,20241201,ONLINE,Buenos Aires,9,Promotor,1,0,0,
13000001601,20241225,20241201,ONLINE,Buenos Aires,6,Detractor,0,0,1,La tapa pierde líquido
13000001602,20241225,20241201,ONLINE,Buenos Aires,5,Detractor,0,0,1,Llegó con la caja dañada
13000001603,20241225,20241201,ONLINE,Mendoza,10,Promotor,1,0,0,Muy conforme con la calidad
13000001604,20241225,20241201,ONLINE,Santa Fe,9,Promotor,1,0,0,Entrega rápida y producto excelente
13000001605,20241225,20241201,ONLINE,Buenos Aires,8,Pasivo,0,1,0,La entrega podría ser más rápida
13000001606,20241225,20241201,ONLINE,Santa Fe,8,Pasivo,0,1,0,La entrega podría ser más rápida
13000001607,20241225,20241201,ONLINE,Buenos Aires,6,Detractor,0,0,1,
13000001608,20241226,20241201,OFFLINE,Córdoba,7,Pasivo,0,1,0,
13000001609,20241226,20241201,ONLINE,Santa Fe,8,Pasivo,0,1,0,
13000001610,20241226,20241201,ONLINE,Mendoza,9,Promotor,1,0,0,Todo perfecto
13000001611,20241226,20241201,ONLINE,Buenos Aires,9,Promotor,1,0,0,
13000001612,20241226,20241201,ONLINE,Santa Fe,8,Pasivo,0,1,0,
13000001613,20241226,20241201,ONLINE,Mendoza,8,Pasivo,0,1,0,
13000001614,20241226,20241201,ONLINE,Córdoba,9,Promotor,1,0,0,Volvería a comprar
13000001615,20241227,20241201,ONLINE,Buenos Aires,7,Pasivo,0,1,0,La entrega podría ser más rápida
13000001616,20241227,20241201,ONLINE,Buenos Aires,10,Promotor,1,0,0,"Excelente botella, mantiene la temperatura"
13000001617,20241227,20241201,ONLINE,Santa Fe,10,Promotor,1,0,0,
13000001618,20241227,20241201,ONLINE,Santa Fe,7,Pasivo,0,1,0,"Correcto, sin sorpresas"
13000001619,20241227,20241201,OFFLINE,Santa Fe,10,Promotor,1,0,0,
13000001620,20241227,20241201,ONLINE,Buenos Aires,9,Promotor,1,0,0,
13000001621,20241227,20241201,ONLINE,Córdoba,8,Pasivo,0,1,0,Me gustaría más variedad de colores
13000001622,20241227,20241201,ONLINE,Buenos Aires,7,Pasivo,0,1,0,La entrega podría ser más rápida
13000001623,20241227,20241201,ONLINE,Buenos Aires,8,Pasivo,0,1,0,Podría mejorar el empaque
13000001624,20241227,20241201,ONLINE,Córdoba,10,Promotor,1,0,0,Entrega rápida y producto excelente
13000001625,20241227,20241201,ONLINE,Buenos Aires,8,Pasivo,0,1,0,"Buen producto, un poco caro"
13000001626,20241227,20241201,ONLINE,Buenos Aires,9,Promotor,1,0,0,Muy conforme con la calidad
13000001627,20241228,20241201,ONLINE,Santa Fe,8,Pasivo,0,1,0,La entrega podría ser más rápida
13000001628,20241228,20241201,ONLINE,Buenos Aires,4,Detractor,0,0,1,El envío demoró y nadie me avisó
13000001629,20241228,20241201,ONLINE,Mendoza,7,Pasivo,0,1,0,"Buen producto, un poco caro"
13000001630,20241228,20241201,ONLINE,Buenos Aires,9,Promotor,1,0,0,
13000001631,20241228,20241201,OFFLINE,,10,Promotor,1,0,0,"Excelente botella, mantiene la temperatura"
13000001632,20241229,20241201,OFFLINE,Córdoba,10,Promotor,1,0,0,Muy buena atención en la tienda
13000001633,20241229,20241201,OFFLINE,,9,Promotor,1,0,0,
13000001634,20241229,20241201,OFFLINE,Buenos Aires,7,Pasivo,0,1,0,"Buen producto, un poco caro"
13000001635,20241229,20241201,OFFLINE,,6,Detractor,0,0,1,Tuve que esperar mucho en la caja
13000001636,20241230,20241201,ONLINE,Mendoza,7,Pasivo,0,1,0,
13000001637,20241230,20241201,ONLINE,Buenos Aires,6,Detractor,0,0,1,No cumplió mis expectativas
13000001638,20241230,20241201,ONLINE,Santa Fe,9,Promotor,1,0,0,
13000001639,20241230,20241201,ONLINE,Córdoba,9,Promotor,1,0,0,
13000001640,20241230,20241201,ONLINE,Mendoza,5,Detractor,0,0,1,
13000001641,20241230,20241201,ONLINE,Buenos Aires,10,Promotor,1,0,0,Todo perfecto
13000001642,20241230,20241201,ONLINE,Buenos Aires,5,Detractor,0,0,1,
13000001643,20241230,20241201,ONLINE,Buenos Aires,8,Pasivo,0,1,0,La entrega podría ser más rápida
13000001644,20241230,20241201,ONLINE,Córdoba,2,Detractor,0,0,1,
13000001645,20241230,20241201,ONLINE,Buenos Aires,5,Detractor,0,0,1,Llegó con la caja dañada
13000001646,20241230,20241201,ONLINE,Santa Fe,7,Pasivo,0,1,0,
13000001647,20241230,20241201,ONLINE,Santa Fe,9,Promotor,1,0,0,Muy conforme con la calidad
13000001648,20241230,20241201,ONLINE,Buenos Aires,10,Promotor,1,0,0,Entrega rápida y producto excelente
13000001649,20241231,20241201,ONLINE,Buenos Aires,7,Pasivo,0,1,0,
13000001650,20241231,20241201,ONLINE,Córdoba,4,Detractor,0,0,1,No cumplió mis expectativas
13000001651,20241231,20241201,OFFLINE,,9,Promotor,1,0,0,
13000001652,20241231,20241201,ONLINE,Buenos Aires,3,Detractor,0,0,1,
13000001653,20241231,20241201,ONLINE,Córdoba,8,Pasivo,0,1,0,Me gustaría más variedad de colores
13000001654,20241231,20241201,OFFLINE,Córdoba,8,Pasivo,0,1,0,Me gustaría más variedad de colores
13000001655,20241231,20241201,ONLINE,Córdoba,4,Detractor,0,0,1,La tapa pierde líquido
13000001656,20241231,20241201,ONLINE,Santa Fe,8,Pasivo,0,1,0,"Correcto, sin sorpresas"
13000001657,20241231,20241201,ONLINE,Buenos Aires,10,Promotor,1,0,0,Todo perfecto
13000001659,20250101,20250101,ONLINE,Córdoba,7,Pasivo,0,1,0,Me gustaría más variedad de colores
13000001660,20250101,20250101,OFFLINE,,8,Pasivo,0,1,0,
13000001661,20250102,20250101,ONLINE,Córdoba,2,Detractor,0,0,1,La tapa pierde líquido
13000001662,20250102,20250101,ONLINE,Buenos Aires,10,Promotor,1,0,0,
13000001663,20250102,20250101,ONLINE,Santa Fe,8,Pasivo,0,1,0,
13000001664,20250102,20250101,ONLINE,Mendoza,9,Promotor,1,0,0,Entrega rápida y producto excelente
13000001665,20250103,20250101,ONLINE,Santa Fe,6,Detractor,0,0,1,El envío demoró y nadie me avisó
13000001666,20250103,20250101,ONLINE,Santa Fe,5,Detractor,0,0,1,No cumplió mis expectativas
13000001667,20250103,20250101,ONLINE,Buenos Aires,9,Promotor,1,0,0,
13000001668,20250103,20250101,ONLINE,Córdoba,7,Pasivo,0,1,0,La entrega podría ser más rápida
13000001669,20250103,20250101,OFFLINE,Mendoza,6,Detractor,0,0,1,La tapa pierde líquido
13000001670,20250103,20250101,ONLINE,Buenos Aires,7,Pasivo,0,1,0,
13000001671,20250103,20250101,ONLINE,Buenos Aires,9,Promotor,1,0,0,
13000001672,20250103,20250101,OFFLINE,Santa Fe,10,Promotor,1,0,0,
13000001673,20250103,20250101,ONLINE,Santa Fe,7,Pasivo,0,1,0,La entrega podría ser más rápida
13000001674,20250103,20250101,ONLINE,Córdoba,9,Promotor,1,0,0,Muy conforme con la calidad
13000001675,20250103,20250101,OFFLINE,Córdoba,10,Promotor,1,0,0,Todo perfecto
13000001676,20250103,20250101,ONLINE,Buenos Aires,7,Pasivo,0,1,0,"Buen producto, un poco caro"
13000001677,20250103,20250101,ONLINE,Santa Fe,5,Detractor,0,0,1,Llegó con la caja dañada
13000001678,20250103,20250101,OFFLINE,Mendoza,10,Promotor,1,0,0,Volvería a comprar
13000001679,20250103,20250101,OFFLINE,,6,Detractor,0,0,1,Poco stock en la tienda
13000001680,20250103,20250101,ONLINE,Buenos Aires,10,Promotor,1,0,0,
13000001681,20250104,20250101,ONLINE,Buenos Aires,8,Pasivo,0,1,0,
13000001683,20250104,20250101,ONLINE,Buenos Aires,9,Promotor,1,0,0,
13000001684,20250105,20250101,OFFLINE,Buenos Aires,10,Promotor,1,0,0,Muy buena atención en la tienda
13000001685,20250105,20250101,OFFLINE,Buenos Aires,8,Pasivo,0,1,0,
13000001686,20250105,20250101,OFFLINE,Buenos Aires,8,Pasivo,0,1,0,Me gustaría más variedad de colores
13000001687,20250106,20250101,ONLINE,Buenos Aires,6,Detractor,0,0,1,La tapa pierde líquido
13000001688,20250106,20250101,ONLINE,Buenos Aires,10,Promotor,1,0,0,Muy conforme con la calidad
13000001689,20250106,20250101,ONLINE,Córdoba,4,Detractor,0,0,1,No cumplió mis expectativas
13000001690,20250106,20250101,ONLINE,Buenos Aires,9,Promotor,1,0,0,Entrega rápida y producto excelente
13000001691,20250106,20250101,ONLINE,Buenos Aires,3,Detractor,0,0,1,
13000001692,20250106,20250101,ONLINE,Buenos Aires,6,Detractor,0,0,1,El envío demoró y nadie me avisó
13000001693,20250107,20250101,ONLINE,Buenos Aires,10,Promotor,1,0,0,
13000001694,20250107,20250101,OFFLINE,,9,Promotor,1,0,0,Todo perfecto
13000001695,20250107,20250101,ONLINE,Mendoza,4,Detractor,0,0,1,Tardó mucho más de lo esperado
13000001696,20250107,20250101,ONLINE,Buenos Aires,10,Promotor,1,0,0,Entrega rápida y producto excelente
13000001697,20250107,20250101,ONLINE,Córdoba,7,Pasivo,0,1,0,
13000001698,20250107,20250101,ONLINE,Mendoza,10,Promotor,1,0,0,Entrega rápida y producto excelente
13000001699,20250107,20250101,ONLINE,Buenos Aires,10,Promotor,1,0,0,
13000001700,20250107,20250101,ONLINE,Santa Fe,10,Promotor,1,0,0,Entrega rápida y producto excelente
13000001701,20250107,20250101,ONLINE,Buenos Aires,10,Promotor,1,0,0,Entrega rápida y producto excelente
13000001702,20250107,20250101,ONLINE,Buenos Aires,6,Detractor,0,0,1,El envío demoró y nadie me avisó
13000001703,20250107,20250101,ONLINE,Mendoza,7,Pasivo,0,1,0,
13000001705,20250107,20250101,ONLINE,Mendoza,9,Promotor,1,0,0,Entrega rápida y producto excelente
13000001706,20250108,20250101,ONLINE,Buenos Aires,10,Promotor,1,0,0,Entrega rápida y producto excelente
13000001707,20250108,20250101,ONLINE,Santa Fe,2,Detractor,0,0,1,Tardó mucho más de lo esperado
13000001708,20250108,20250101,OFFLINE,Córdoba,6,Detractor,0,0,1,No cumplió mis expectativas
13000001709,20250108,20250101,ONLINE,Mendoza,4,Detractor,0,0,1,Tardó mucho más de lo esperado
13000001710,20250108,20250101,ONLINE,Buenos Aires,8,Pasivo,0,1,0,
13000001711,20250108,20250101,OFFLINE,,7,Pasivo,0,1,0,"Correcto, sin sorpresas"
13000001712,20250108,20250101,ONLINE,Buenos Aires,10,Promotor,1,0,0,Entrega rápida y producto excelente
13000001713,20250109,20250101,ONLINE,Buenos Aires,10,Promotor,1,0,0,Entrega rápida y producto excelente
13000001714,20250109,20250101,ONLINE,Santa Fe,3,Detractor,0,0,1,No cumplió mis expectativas
13000001715,20250109,20250101,ONLINE,Buenos Aires,5,Detractor,0,0,1,Llegó con la caja dañada
13000001716,20250109,20250101,ONLINE,Córdoba,7,Pasivo,0,1,0,La entrega podría ser más rápida
13000001717,20250109,20250101,ONLINE,Mendoza,7,Pasivo,0,1,0,Me gustaría más variedad de colores
13000001718,20250109,20250101,ONLINE,Buenos Aires,8,Pasivo,0,1,0,Me gustaría más variedad de colores
13000001719,20250109,20250101,ONLINE,Córdoba,4,Detractor,0,0,1,La tapa pierde líquido
13000001720,20250109,20250101,ONLINE,Santa Fe,3,Detractor,0,0,1,La tapa pierde líquido
13000001721,20250109,20250101,ONLINE,Mendoza,7,Pasivo,0,1,0,
13000001722,20250109,20250101,ONLINE,Mendoza,8,Pasivo,0,1,0,
13000001723,20250109,20250101,ONLINE,Santa Fe,9,Promotor,1,0,0,Entrega rápida y producto excelente
13000001724,20250109,20250101,ONLINE,Santa Fe,9,Promotor,1,0,0,
13000001725,20250109,20250101,OFFLINE,Córdoba,9,Promotor,1,0,0,
13000001726,20250109,20250101,ONLINE,Buenos Aires,7,Pasivo,0,1,0,Me gustaría más variedad de colores
13000001727,20250110,20250101,ONLINE,Buenos Aires,6,Detractor,0,0,1,No cumplió mis expectativas
13000001728,20250110,20250101,OFFLINE,Córdoba,10,Promotor,1,0,0,Muy buena atención en la tienda
13000001729,20250110,20250101,OFFLINE,,8,Pasivo,0,1,0,Me gustaría más variedad de colores
13000001730,20250110,20250101,ONLINE,Santa Fe,10,Promotor,1,0,0,
13000001731,20250110,20250101,ONLINE,Santa Fe,5,Detractor,0,0,1,No cumplió mis expectativas
13000001732,20250110,20250101,ONLINE,Buenos Aires,9,Promotor,1,0,0,
13000001733,20250110,20250101,ONLINE,Córdoba,9,Promotor,1,0,0,
13000001734,20250110,20250101,ONLINE,Santa Fe,10,Promotor,1,0,0,Entrega rápida y producto excelente
13000001735,20250111,20250101,OFFLINE,Mendoza,8,Pasivo,0,1,0,
13000001736,20250112,20250101,OFFLINE,,9,Promotor,1,0,0,
13000001737,20250112,20250101,OFFLINE,Santa Fe,8,Pasivo,0,1,0,
13000001738,20250112,20250101,OFFLINE,,7,Pasivo,0,1,0,
13000001739,20250113,20250101,ONLINE,Buenos Aires,10,Promotor,1,0,0,
13000001740,20250113,20250101,ONLINE,Buenos Aires,7,Pasivo,0,1,0,"Correcto, sin sorpresas"
13000001741,20250113,20250101,ONLINE,Buenos Aires,7,Pasivo,0,1,0,La entrega podría ser más rápida
13000001742,20250113,20250101,ONLINE,Mendoza,5,Detractor,0,0,1,Tardó mucho más de lo esperado
13000001743,20250114,20250101,ONLINE,Buenos Aires,10,Promotor,1,0,0,
13000001744,20250114,20250101,ONLINE,Buenos Aires,10,Promotor,1,0,0,Entrega rápida y producto excelente
13000001745,20250114,20250101,ONLINE,Buenos Aires,6,Detractor,0,0,1,La tapa pierde líquido
13000001746,20250114,20250101,ONLINE,Buenos Aires,9,Promotor,1,0,0,Entrega rápida y producto excelente
13000001747,20250114,20250101,ONLINE,Buenos Aires,7,Pasivo,0,1,0,La entrega podría ser más rápida
13000001748,20250114,20250101,ONLINE,Mendoza,9,Promotor,1,0,0,Entrega rápida y producto excelente
13000001749,20250114,20250101,ONLINE,Buenos Aires,8,Pasivo,0,1,0,
13000001750,20250114,20250101,ONLINE,Buenos Aires,7,Pasivo,0,1,0,La entrega podría ser más rápida
13000001751,20250114,20250101,ONLINE,Mendoza,6,Detractor,0,0,1,Llegó con la caja dañada
13000001752,20250114,20250101,ONLINE,Buenos Aires,10,Promotor,1,0,0,Todo perfecto
13000001753,20250115,20250101,ONLINE,Buenos Aires,8,Pasivo,0,1,0,La entrega podría ser más rápida
13000001754,20250115,20250101,ONLINE,Buenos Aires,10,Promotor,1,0,0,"Excelente botella, mantiene la temperatura"
13000001755,20250115,20250101,ONLINE,Santa Fe,9,Promotor,1,0,0,Muy conforme con la calidad
13000001756,20250115,20250101,OFFLINE,,8,Pasivo,0,1,0,
13000001757,20250115,20250101,ONLINE,Santa Fe,10,Promotor,1,0,0,Entrega rápida y producto excelente
13000001758,20250115,20250101,ONLINE,Santa Fe,9,Promotor,1,0,0,
13000001759,20250115,20250101,ONLINE,Mendoza,8,Pasivo,0,1,0,La entrega podría ser más rápida
13000001760,20250115,20250101,ONLINE,Córdoba,7,Pasivo,0,1,0,Me gustaría más variedad de colores
13000001761,20250115,20250101,OFFLINE,Buenos Aires,10,Promotor,1,0,0,Volvería a comprar
13000001762,20250115,20250101,OFFLINE,Buenos Aires,9,Promotor,1,0,0,Muy buena atención en la tienda
13000001763,20250115,20250101,ONLINE,Buenos Aires,9,Promotor,1,0,0,Entrega rápida y producto excelente
13000001764,20250115,20250101,ONLINE,Mendoza,5,Detractor,0,0,1,
13000001765,20250116,20250101,ONLINE,Buenos Aires,10,Promotor,1,0,0,Entrega rápida y producto excelente
13000001766,20250116,20250101,ONLINE,Córdoba,7,Pasivo,0,1,0,
13000001768,20250116,20250101,ONLINE,Santa Fe,9,Promotor,1,0,0,Entrega rápida y producto excelente
13000001769,20250116,20250101,ONLINE,Santa Fe,9,Promotor,1,0,0,
13000001770,20250116,20250101,ONLINE,Buenos Aires,6,Detractor,0,0,1,Llegó con la caja dañada
13000001771,20250116,20250101,ONLINE,Buenos Aires,8,Pasivo,0,1,0,
13000001772,20250116,20250101,ONLINE,Santa Fe,7,Pasivo,0,1,0,
13000001773,20250116,20250101,OFFLINE,,10,Promotor,1,0,0,
13000001774,20250117,20250101,ONLINE,Santa Fe,7,Pasivo,0,1,0,"Buen producto, un poco caro"
13000001775,20250117,20250101,OFFLINE,Buenos Aires,10,Promotor,1,0,0,"Excelente botella, mantiene la temperatura"
13000001776,20250117,20250101,ONLINE,Córdoba,10,Promotor,1,0,0,"Excelente botella, mantiene la temperatura"
13000001777,20250117,20250101,ONLINE,Santa Fe,8,Pasivo,0,1,0,"Correcto, sin sorpresas"
13000001779,20250118,20250101,ONLINE,Buenos Aires,8,Pasivo,0,1,0,La entrega podría ser más rápida
13000001780,20250118,20250101,OFFLINE,,10,Promotor,1,0,0,
13000001781,20250119,20250101,OFFLINE,,9,Promotor,1,0,0,
13000001782,20250119,20250101,OFFLINE,Córdoba,7,Pasivo,0,1,0,
13000001783,20250119,20250101,OFFLINE,Buenos Aires,8,Pasivo,0,1,0,"Correcto, sin sorpresas"
13000001784,20250120,20250101,ONLINE,Santa Fe,7,Pasivo,0,1,0,
13000001785,20250120,20250101,ONLINE,Santa Fe,7,Pasivo,0,1,0,"Buen producto, un poco caro"
13000001786,20250121,20250101,ONLINE,Mendoza,10,Promotor,1,0,0,Entrega rápida y producto excelente
13000001787,20250121,20250101,ONLINE,Buenos Aires,8,Pasivo,0,1,0,La entrega podría ser más rápida
13000001788,20250121,20250101,OFFLINE,Mendoza,9,Promotor,1,0,0,Muy buena atención en la tienda
13000001789,20250121,20250101,OFFLINE,,6,Detractor,0,0,1,Poco stock en la tienda
13000001790,20250121,20250101,ONLINE,Córdoba,9,Promotor,1,0,0,Entrega rápida y producto excelente
13000001791,20250121,20250101,ONLINE,Buenos Aires,9,Promotor,1,0,0,
13000001792,20250122,20250101,OFFLINE,Santa Fe,7,Pasivo,0,1,0,
13000001794,20250122,20250101,ONLINE,Santa Fe,8,Pasivo,0,1,0,
13000001795,20250122,20250101,OFFLINE,,9,Promotor,1,0,0,"Excelente botella, mantiene la temperatura"
13000001796,20250122,20250101,ONLINE,Mendoza,6,Detractor,0,0,1,
13000001797,20250122,20250101,ONLINE,Santa Fe,10,Promotor,1,0,0,Entrega rápida y producto excelente
13000001798,20250122,20250101,ONLINE,Buenos Aires,8,Pasivo,0,1,0,Me gustaría más variedad de colores
13000001799,20250122,20250101,ONLINE,Buenos Aires,10,Promotor,1,0,0,
13000001800,20250123,20250101,ONLINE,Mendoza,10,Promotor,1,0,0,Entrega rápida y producto excelente
13000001801,20250123,20250101,ONLINE,Mendoza,7,Pasivo,0,1,0,
13000001802,20250123,20250101,OFFLINE,,8,Pasivo,0,1,0,Me gustaría más variedad de colores
13000001803,20250123,20250101,ONLINE,Buenos Aires,10,Promotor,1,0,0,Entrega rápida y producto excelente
13000001804,20250123,20250101,ONLINE,Buenos Aires,8,Pasivo,0,1,0,
13000001805,20250123,20250101,ONLINE,Santa Fe,7,Pasivo,0,1,0,
13000001806,20250123,20250101,ONLINE,Buenos Aires,9,Promotor,1,0,0,
13000001807,20250123,20250101,OFFLINE,,6,Detractor,0,0,1,Tuve que esperar mucho en la caja
13000001809,20250124,20250101,ONLINE,Buenos Aires,10,Promotor,1,0,0,Todo perfecto
13000001810,20250124,20250101,OFFLINE,,9,Promotor,1,0,0,Volvería a comprar
13000001811,20250124,20250101,ONLINE,Santa Fe,8,Pasivo,0,1,0,
13000001812,20250124,20250101,ONLINE,Mendoza,9,Promotor,1,0,0,Muy conforme con la calidad
13000001813,20250124,20250101,OFFLINE,Santa Fe,8,Pasivo,0,1,0,"Correcto, sin sorpresas"
13000001814,20250124,20250101,OFFLINE,,7,Pasivo,0,1,0,
13000001815,20250125,20250101,ONLINE,Mendoza,5,Detractor,0,0,1,Llegó con la caja dañada
13000001816,20250125,20250101,ONLINE,Santa Fe,9,Promotor,1,0,0,"Excelente botella, mantiene la temperatura"
13000001817,20250125,20250101,ONLINE,Córdoba,9,Promotor,1,0,0,Volvería a comprar
13000001818,20250125,20250101,OFFLINE,Buenos Aires,10,Promotor,1,0,0,Muy conforme con la calidad
13000001819,20250125,20250101,OFFLINE,Córdoba,10,Promotor,1,0,0,Muy conforme con la calidad
13000001820,20250126,20250101,OFFLINE,,10,Promotor,1,0,0,Volvería a comprar
13000001821,20250126,20250101,OFFLINE,Santa Fe,8,Pasivo,0,1,0,Me gustaría más variedad de colores
13000001822,20250126,20250101,OFFLINE,Córdoba,10,Promotor,1,0,0,Muy buena atención en la tienda
13000001823,20250126,20250101,OFFLINE,Mendoza,7,Pasivo,0,1,0,
13000001824,20250126,20250101,OFFLINE,,10,Promotor,1,0,0,Muy buena atención en la tienda
13000001825,20250126,20250101,OFFLINE,,10,Promotor,1,0,0,Muy conforme con la calidad
13000001826,20250127,20250101,OFFLINE,Córdoba,8,Pasivo,0,1,0,
13000001827,20250127,20250101,ONLINE,Buenos Aires,10,Promotor,1,0,0,"Excelente botella, mantiene la temperatura"
13000001829,20250128,20250101,ONLINE,Buenos Aires,10,Promotor,1,0,0,"Excelente botella, mantiene la temperatura"
13000001830,20250128,20250101,ONLINE,Buenos Aires,10,Promotor,1,0,0,
13000001831,20250128,20250101,OFFLINE,Buenos Aires,10,Promotor,1,0,0,"Excelente botella, mantiene la temperatura"
13000001832,20250128,20250101,ONLINE,Buenos Aires,10,Promotor,1,0,0,Volvería a comprar
13000001833,20250128,20250101,ONLINE,Córdoba,10,Promotor,1,0,0,"Excelente botella, mantiene la temperatura"
13000001834,20250128,20250101,OFFLINE,,10,Promotor,1,0,0,
13000001835,20250128,20250101,ONLINE,Buenos Aires,8,Pasivo,0,1,0,
13000001836,20250128,20250101,ONLINE,Córdoba,7,Pasivo,0,1,0,Podría mejorar el empaque
13000001837,20250129,20250101,ONLINE,Buenos Aires,9,Promotor,1,0,0,Todo perfecto
13000001838,20250129,20250101,ONLINE,Buenos Aires,10,Promotor,1,0,0,Entrega rápida y producto excelente
13000001839,20250129,20250101,ONLINE,Buenos Aires,7,Pasivo,0,1,0,La entrega podría ser más rápida
13000001840,20250130,20250101,ONLINE,Buenos Aires,7,Pasivo,0,1,0,
13000001841,20250130,20250101,ONLINE,Buenos Aires,9,Promotor,1,0,0,Entrega rápida y producto excelente
13000001842,20250130,20250101,ONLINE,Córdoba,8,Pasivo,0,1,0,
13000001843,20250131,20250101,ONLINE,Buenos Aires,10,Promotor,1,0,0,Volvería a comprar
13000001844,20250131,20250101,ONLINE,Buenos Aires,8,Pasivo,0,1,0,"Correcto, sin sorpresas"
13000001845,20250131,20250101,OFFLINE,,10,Promotor,1,0,0,Todo perfecto
13000001846,20250131,20250101,OFFLINE,,10,Promotor,1,0,0,
13000001847,20250131,20250101,OFFLINE,Buenos Aires,5,Detractor,0,0,1,La tapa pierde líquido
13000001848,20250131,20250101,OFFLINE,Córdoba,9,Promotor,1,0,0,
13000001849,20250131,20250101,ONLINE,Mendoza,9,Promotor,1,0,0,Entrega rápida y producto excelente
13000001850,20250201,20250201,ONLINE,Santa Fe,10,Promotor,1,0,0,"Excelente botella, mantiene la temperatura"
13000001851,20250201,20250201,ONLINE,Buenos Aires,10,Promotor,1,0,0,Entrega rápida y producto excelente
13000001852,20250201,20250201,OFFLINE,,7,Pasivo,0,1,0,Podría mejorar el empaque
13000001853,20250201,20250201,ONLINE,Santa Fe,10,Promotor,1,0,0,Entrega rápida y producto excelente
13000001854,20250201,20250201,OFFLINE,,8,Pasivo,0,1,0,
13000001855,20250202,20250201,OFFLINE,,10,Promotor,1,0,0,"Excelente botella, mantiene la temperatura"
13000001856,20250202,20250201,OFFLINE,Buenos Aires,9,Promotor,1,0,0,Volvería a comprar
13000001857,20250202,20250201,OFFLINE,Buenos Aires,8,Pasivo,0,1,0,
13000001858,20250202,20250201,OFFLINE,Córdoba,10,Promotor,1,0,0,Muy buena atención en la tienda
13000001859,20250203,20250201,OFFLINE,,7,Pasivo,0,1,0,
13000001860,20250203,20250201,OFFLINE,Buenos Aires,9,Promotor,1,0,0,
13000001861,20250204,20250201,ONLINE,Buenos Aires,9,Promotor,1,0,0,
13000001863,20250204,20250201,OFFLINE,Buenos Aires,9,Promotor,1,0,0,Muy buena atención en la tienda
13000001864,20250205,20250201,ONLINE,Buenos Aires,9,Promotor,1,0,0,Todo perfecto
13000001865,20250205,20250201,OFFLINE,Córdoba,9,Promotor,1,0,0,Muy buena atención en la tienda
13000001866,20250205,20250201,ONLINE,Córdoba,9,Promotor,1,0,0,
13000001867,20250205,20250201,ONLINE,Santa Fe,9,Promotor,1,0,0,"Excelente botella, mantiene la temperatura"
13000001868,20250205,20250201,ONLINE,Mendoza,8,Pasivo,0,1,0,
13000001869,20250205,20250201,ONLINE,Córdoba,6,Detractor,0,0,1,Llegó con la caja dañada
13000001870,20250205,20250201,ONLINE,Córdoba,8,Pasivo,0,1,0,"Buen producto, un poco caro"
13000001871,20250205,20250201,OFFLINE,,8,Pasivo,0,1,0,
13000001873,20250206,20250201,ONLINE,Córdoba,7,Pasivo,0,1,0,La entrega podría ser más rápida
13000001874,20250206,20250201,OFFLINE,,10,Promotor,1,0,0,Muy conforme con la calidad
13000001875,20250206,20250201,ONLINE,Santa Fe,8,Pasivo,0,1,0,"Buen producto, un poco caro"
13000001876,20250206,20250201,OFFLINE,,6,Detractor,0,0,1,
13000001877,20250206,20250201,ONLINE,Buenos Aires,8,Pasivo,0,1,0,
13000001878,20250206,20250201,ONLINE,Córdoba,10,Promotor,1,0,0,Todo perfecto
13000001879,20250207,20250201,ONLINE,Buenos Aires,10,Promotor,1,0,0,
13000001880,20250207,20250201,OFFLINE,Córdoba,9,Promotor,1,0,0,
13000001881,20250207,20250201,ONLINE,Córdoba,10,Promotor,1,0,0,Entrega rápida y producto excelente
13000001882,20250207,20250201,OFFLINE,Córdoba,10,Promotor,1,0,0,
13000001883,20250207,20250201,ONLINE,Mendoza,10,Promotor,1,0,0,Entrega rápida y producto excelente
13000001884,20250207,20250201,ONLINE,Mendoza,9,Promotor,1,0,0,Entrega rápida y producto excelente
13000001885,20250207,20250201,ONLINE,Mendoza,10,Promotor,1,0,0,Todo perfecto
13000001886,20250207,20250201,ONLINE,Buenos Aires,7,Pasivo,0,1,0,"Correcto, sin sorpresas"
13000001887,20250207,20250201,ONLINE,Buenos Aires,7,Pasivo,0,1,0,
13000001888,20250207,20250201,ONLINE,Santa Fe,7,Pasivo,0,1,0,La entrega podría ser más rápida
13000001889,20250207,20250201,ONLINE,Santa Fe,4,Detractor,0,0,1,
13000001890,20250207,20250201,ONLINE,Córdoba,9,Promotor,1,0,0,
13000001891,20250207,20250201,ONLINE,Mendoza,9,Promotor,1,0,0,Muy conforme con la calidad
13000001892,20250208,20250201,OFFLINE,,10,Promotor,1,0,0,Muy buena atención en la tienda
13000001893,20250208,20250201,ONLINE,Mendoza,8,Pasivo,0,1,0,
13000001894,20250208,20250201,OFFLINE,Buenos Aires,10,Promotor,1,0,0,
13000001895,20250208,20250201,OFFLINE,Córdoba,9,Promotor,1,0,0,
13000001896,20250208,20250201,ONLINE,Buenos Aires,10,Promotor,1,0,0,"Excelente botella, mantiene la temperatura"
13000001897,20250209,20250201,OFFLINE,,10,Promotor,1,0,0,Muy buena atención en la tienda
13000001898,20250209,20250201,OFFLINE,Buenos Aires,8,Pasivo,0,1,0,
13000001899,20250209,20250201,OFFLINE,,8,Pasivo,0,1,0,
13000001900,20250209,20250201,OFFLINE,Córdoba,9,Promotor,1,0,0,Volvería a comprar
13000001901,20250209,20250201,OFFLINE,,9,Promotor,1,0,0,Muy buena atención en la tienda
13000001902,20250209,20250201,OFFLINE,Córdoba,7,Pasivo,0,1,0,"Buen producto, un poco caro"
13000001903,20250210,20250201,ONLINE,Córdoba,8,Pasivo,0,1,0,Podría mejorar el empaque
13000001904,20250210,20250201,ONLINE,Córdoba,7,Pasivo,0,1,0,Me gustaría más variedad de colores
13000001905,20250210,20250201,ONLINE,Santa Fe,10,Promotor,1,0,0,"Excelente botella, mantiene la temperatura"
13000001906,20250210,20250201,ONLINE,Córdoba,7,Pasivo,0,1,0,
13000001907,20250211,20250201,ONLINE,Córdoba,7,Pasivo,0,1,0,
13000001908,20250211,20250201,ONLINE,Santa Fe,7,Pasivo,0,1,0,
13000001909,20250211,20250201,OFFLINE,Córdoba,10,Promotor,1,0,0,"Excelente botella, mantiene la temperatura"
13000001910,20250211,20250201,ONLINE,Buenos Aires,8,Pasivo,0,1,0,
13000001911,20250211,20250201,ONLINE,Buenos Aires,9,Promotor,1,0,0,
13000001912,20250211,20250201,ONLINE,Buenos Aires,9,Promotor,1,0,0,
13000001913,20250211,20250201,ONLINE,Córdoba,7,Pasivo,0,1,0,La entrega podría ser más rápida
13000001914,20250211,20250201,ONLINE,Buenos Aires,9,Promotor,1,0,0,
13000001916,20250212,20250201,OFFLINE,Santa Fe,9,Promotor,1,0,0,Muy buena atención en la tienda
13000001917,20250212,20250201,ONLINE,Santa Fe,9,Promotor,1,0,0,
13000001918,20250213,20250201,ONLINE,Buenos Aires,7,Pasivo,0,1,0,
13000001919,20250213,20250201,ONLINE,Buenos Aires,10,Promotor,1,0,0,
13000001920,20250213,20250201,ONLINE,Buenos Aires,8,Pasivo,0,1,0,
13000001921,20250213,20250201,ONLINE,Córdoba,8,Pasivo,0,1,0,"Correcto, sin sorpresas"
13000001922,20250213,20250201,ONLINE,Santa Fe,7,Pasivo,0,1,0,La entrega podría ser más rápida
13000001923,20250213,20250201,OFFLINE,Mendoza,10,Promotor,1,0,0,Muy buena atención en la tienda
13000001924,20250213,20250201,ONLINE,Córdoba,9,Promotor,1,0,0,Entrega rápida y producto excelente
13000001925,20250214,20250201,ONLINE,Buenos Aires,10,Promotor,1,0,0,
13000001926,20250214,20250201,OFFLINE,,8,Pasivo,0,1,0,
13000001927,20250214,20250201,OFFLINE,,10,Promotor,1,0,0,Muy buena atención en la tienda
13000001928,20250214,20250201,ONLINE,Buenos Aires,8,Pasivo,0,1,0,"Correcto, sin sorpresas"
13000001929,20250214,20250201,OFFLINE,Buenos Aires,9,Promotor,1,0,0,
13000001930,20250214,20250201,ONLINE,Santa Fe,9,Promotor,1,0,0,
13000001931,20250215,20250201,OFFLINE,,9,Promotor,1,0,0,"Excelente botella, mantiene la temperatura"
13000001932,20250216,20250201,OFFLINE,,9,Promotor,1,0,0,Volvería a comprar
13000001933,20250216,20250201,OFFLINE,Mendoza,8,Pasivo,0,1,0,"Correcto, sin sorpresas"
13000001934,20250216,20250201,OFFLINE,Mendoza,7,Pasivo,0,1,0,Me gustaría más variedad de colores
13000001935,20250216,20250201,OFFLINE,Buenos Aires,10,Promotor,1,0,0,Muy buena atención en la tienda
13000001936,20250216,20250201,OFFLINE,,9,Promotor,1,0,0,
13000001937,20250216,20250201,OFFLINE,,9,Promotor,1,0,0,
13000001938,20250217,20250201,OFFLINE,,9,Promotor,1,0,0,Todo perfecto
13000001939,20250217,20250201,OFFLINE,,8,Pasivo,0,1,0,
13000001940,20250217,20250201,OFFLINE,Santa Fe,7,Pasivo,0,1,0,"Correcto, sin sorpresas"
13000001941,20250218,20250201,ONLINE,Buenos Aires,8,Pasivo,0,1,0,
13000001942,20250218,20250201,OFFLINE,,8,Pasivo,0,1,0,
13000001944,20250218,20250201,ONLINE,Mendoza,8,Pasivo,0,1,0,"Correcto, sin sorpresas"
13000001945,20250218,20250201,OFFLINE,,10,Promotor,1,0,0,Muy buena atención en la tienda
13000001946,20250219,20250201,ONLINE,Buenos Aires,8,Pasivo,0,1,0,
13000001947,20250219,20250201,OFFLINE,,9,Promotor,1,0,0,Muy buena atención en la tienda
13000001948,20250219,20250201,OFFLINE,Córdoba,10,Promotor,1,0,0,
13000001949,20250219,20250201,OFFLINE,Córdoba,8,Pasivo,0,1,0,"Correcto, sin sorpresas"
13000001950,20250219,20250201,ONLINE,Buenos Aires,6,Detractor,0,0,1,No cumplió mis expectativas
13000001951,20250219,20250201,ONLINE,Mendoza,8,Pasivo,0,1,0,
13000001952,20250219,20250201,ONLINE,Mendoza,9,Promotor,1,0,0,
13000001953,20250219,20250201,OFFLINE,Córdoba,10,Promotor,1,0,0,Muy conforme con la calidad
13000001954,20250220,20250201,ONLINE,Santa Fe,9,Promotor,1,0,0,
13000001955,20250220,20250201,ONLINE,Buenos Aires,9,Promotor,1,0,0,Todo perfecto
13000001956,20250220,20250201,OFFLINE,,7,Pasivo,0,1,0,Me gustaría más variedad de colores
13000001957,20250220,20250201,ONLINE,Mendoza,9,Promotor,1,0,0,Volvería a comprar
13000001958,20250220,20250201,ONLINE,Buenos Aires,8,Pasivo,0,1,0,"Correcto, sin sorpresas"
13000001959,20250220,20250201,ONLINE,Buenos Aires,10,Promotor,1,0,0,
13000001960,20250220,20250201,ONLINE,Santa Fe,10,Promotor,1,0,0,
13000001961,20250220,20250201,ONLINE,Córdoba,6,Detractor,0,0,1,Tardó mucho más de lo esperado
13000001962,20250221,20250201,OFFLINE,,8,Pasivo,0,1,0,
13000001963,20250221,20250201,ONLINE,Buenos Aires,8,Pasivo,0,1,0,
13000001964,20250221,20250201,OFFLINE,,7,Pasivo,0,1,0,
13000001965,20250221,20250201,ONLINE,Santa Fe,9,Promotor,1,0,0,Entrega rápida y producto excelente
13000001966,20250221,20250201,ONLINE,Buenos Aires,10,Promotor,1,0,0,Entrega rápida y producto excelente
13000001967,20250221,20250201,ONLINE,Córdoba,9,Promotor,1,0,0,Entrega rápida y producto excelente
13000001968,20250221,20250201,ONLINE,Córdoba,7,Pasivo,0,1,0,La entrega podría ser más rápida
13000001969,20250221,20250201,ONLINE,Buenos Aires,5,Detractor,0,0,1,Llegó con la caja dañada
13000001970,20250221,20250201,OFFLINE,Santa Fe,9,Promotor,1,0,0,Todo perfecto
13000001971,20250222,20250201,ONLINE,Buenos Aires,8,Pasivo,0,1,0,
13000001972,20250222,20250201,OFFLINE,Santa Fe,10,Promotor,1,0,0,Muy conforme con la calidad
13000001973,20250222,20250201,OFFLINE,,10,Promotor,1,0,0,
13000001974,20250222,20250201,OFFLINE,,9,Promotor,1,0,0,Todo perfecto
13000001975,20250223,20250201,OFFLINE,Buenos Aires,9,Promotor,1,0,0,
13000001976,20250223,20250201,OFFLINE,,7,Pasivo,0,1,0,Me gustaría más variedad de colores
13000001977,20250224,20250201,ONLINE,Córdoba,9,Promotor,1,0,0,
13000001978,20250224,20250201,ONLINE,Santa Fe,6,Detractor,0,0,1,No cumplió mis expectativas
13000001979,20250225,20250201,ONLINE,Santa Fe,3,Detractor,0,0,1,Tardó mucho más de lo esperado
13000001980,20250225,20250201,ONLINE,Buenos Aires,9,Promotor,1,0,0,Muy conforme con la calidad
13000001981,20250225,20250201,ONLINE,Buenos Aires,7,Pasivo,0,1,0,
13000001982,20250225,20250201,ONLINE,Buenos Aires,7,Pasivo,0,1,0,
13000001983,20250225,20250201,ONLINE,Buenos Aires,5,Detractor,0,0,1,Tuve que devolverlo
13000001984,20250226,20250201,ONLINE,Córdoba,5,Detractor,0,0,1,La tapa pierde líquido
13000001985,20250226,20250201,OFFLINE,Buenos Aires,7,Pasivo,0,1,0,
13000001986,20250226,20250201,ONLINE,Buenos Aires,6,Detractor,0,0,1,Llegó con la caja dañada
13000001987,20250226,20250201,ONLINE,Buenos Aires,9,Promotor,1,0,0,"Excelente botella, mantiene la temperatura"
13000001988,20250226,20250201,OFFLINE,,9,Promotor,1,0,0,Muy buena atención en la tienda
13000001989,20250226,20250201,ONLINE,Córdoba,7,Pasivo,0,1,0,La entrega podría ser más rápida
13000001990,20250226,20250201,ONLINE,Buenos Aires,9,Promotor,1,0,0,Todo perfecto
13000001991,20250226,20250201,OFFLINE,Córdoba,8,Pasivo,0,1,0,
13000001992,20250226,20250201,OFFLINE,Córdoba,8,Pasivo,0,1,0,Me gustaría más variedad de colores
13000001993,20250226,20250201,OFFLINE,Buenos Aires,9,Promotor,1,0,0,Muy buena atención en la tienda
13000001994,20250226,20250201,ONLINE,Buenos Aires,10,Promotor,1,0,0,Muy conforme con la calidad
13000001995,20250226,20250201,ONLINE,Mendoza,8,Pasivo,0,1,0,"Correcto, sin sorpresas"
13000001996,20250227,20250201,ONLINE,Mendoza,10,Promotor,1,0,0,Entrega rápida y producto excelente
13000001997,20250227,20250201,ONLINE,Buenos Aires,10,Promotor,1,0,0,
13000001998,20250227,20250201,ONLINE,Córdoba,8,Pasivo,0,1,0,
13000001999,20250227,20250201,ONLINE,Córdoba,8,Pasivo,0,1,0,
13000002000,20250227,20250201,ONLINE,Buenos Aires,6,Detractor,0,0,1,No cumplió mis expectativas
13000002001,20250227,20250201,OFFLINE,,10,Promotor,1,0,0,
13000002002,20250228,20250201,OFFLINE,Santa Fe,8,Pasivo,0,1,0,Me gustaría más variedad de colores
13000002003,20250228,20250201,ONLINE,Santa Fe,10,Promotor,1,0,0,
13000002004,20250228,20250201,OFFLINE,Córdoba,6,Detractor,0,0,1,No cumplió mis expectativas
13000002005,20250228,20250201,ONLINE,Buenos Aires,7,Pasivo,0,1,0,La entrega podría ser más rápida
13000002006,20250228,20250201,ONLINE,Santa Fe,4,Detractor,0,0,1,No cumplió mis expectativas
13000002007,20250228,20250201,ONLINE,Mendoza,9,Promotor,1,0,0,Volvería a comprar
13000002008,20250228,20250201,ONLINE,Mendoza,8,Pasivo,0,1,0,Podría mejorar el empaque
13000002009,20250228,20250201,ONLINE,Buenos Aires,9,Promotor,1,0,0,
13000002010,20250228,20250201,ONLINE,Córdoba,9,Promotor,1,0,0,Entrega rápida y producto excelente
13000002011,20250228,20250201,ONLINE,Córdoba,9,Promotor,1,0,0,Volvería a comprar
13000002012,20250301,20250301,ONLINE,Córdoba,6,Detractor,0,0,1,
13000002013,20250301,20250301,ONLINE,Buenos Aires,9,Promotor,1,0,0,
13000002014,20250301,20250301,ONLINE,Mendoza,9,Promotor,1,0,0,Entrega rápida y producto excelente
13000002015,20250301,20250301,ONLINE,Buenos Aires,7,Pasivo,0,1,0,
13000002016,20250301,20250301,OFFLINE,,10,Promotor,1,0,0,Muy buena atención en la tienda
13000002017,20250301,20250301,ONLINE,Mendoza,7,Pasivo,0,1,0,
13000002018,20250301,20250301,OFFLINE,Buenos Aires,8,Pasivo,0,1,0,
13000002019,20250301,20250301,OFFLINE,Buenos Aires,9,Promotor,1,0,0,Muy conforme con la calidad
13000002020,20250301,20250301,OFFLINE,Buenos Aires,6,Detractor,0,0,1,
13000002021,20250302,20250301,OFFLINE,Buenos Aires,7,Pasivo,0,1,0,
13000002022,20250302,20250301,OFFLINE,Mendoza,10,Promotor,1,0,0,"Excelente botella, mantiene la temperatura"
13000002023,20250302,20250301,OFFLINE,,6,Detractor,0,0,1,Poco stock en la tienda
13000002024,20250302,20250301,OFFLINE,,10,Promotor,1,0,0,
13000002025,20250302,20250301,OFFLINE,Buenos Aires,10,Promotor,1,0,0,Todo perfecto
13000002026,20250303,20250301,ONLINE,Mendoza,9,Promotor,1,0,0,Entrega rápida y producto excelente
13000002027,20250303,20250301,ONLINE,Buenos Aires,8,Pasivo,0,1,0,
13000002028,20250303,20250301,ONLINE,Córdoba,4,Detractor,0,0,1,El envío demoró y nadie me avisó
13000002029,20250303,20250301,ONLINE,Buenos Aires,7,Pasivo,0,1,0,La entrega podría ser más rápida
13000002030,20250304,20250301,ONLINE,Córdoba,6,Detractor,0,0,1,La tapa pierde líquido
13000002031,20250304,20250301,OFFLINE,,9,Promotor,1,0,0,Muy buena atención en la tienda
13000002032,20250304,20250301,OFFLINE,Córdoba,9,Promotor,1,0,0,
13000002033,20250304,20250301,ONLINE,Córdoba,7,Pasivo,0,1,0,La entrega podría ser más rápida
13000002034,20250304,20250301,OFFLINE,Córdoba,7,Pasivo,0,1,0,
13000002035,20250304,20250301,ONLINE,Buenos Aires,8,Pasivo,0,1,0,La entrega podría ser más rápida
13000002036,20250305,20250301,ONLINE,Buenos Aires,6,Detractor,0,0,1,
13000002037,20250305,20250301,ONLINE,Buenos Aires,8,Pasivo,0,1,0,
13000002038,20250305,20250301,ONLINE,Santa Fe,9,Promotor,1,0,0,Volvería a comprar
13000002039,20250305,20250301,ONLINE,Santa Fe,10,Promotor,1,0,0,Entrega rápida y producto excelente
13000002040,20250305,20250301,ONLINE,Buenos Aires,7,Pasivo,0,1,0,Podría mejorar el empaque
13000002041,20250305,20250301,ONLINE,Buenos Aires,10,Promotor,1,0,0,Entrega rápida y producto excelente
13000002042,20250305,20250301,ONLINE,Córdoba,6,Detractor,0,0,1,
13000002043,20250306,20250301,ONLINE,Mendoza,7,Pasivo,0,1,0,
13000002044,20250306,20250301,ONLINE,Buenos Aires,9,Promotor,1,0,0,Entrega rápida y producto excelente
13000002045,20250306,20250301,ONLINE,Santa Fe,8,Pasivo,0,1,0,La entrega podría ser más rápida
13000002046,20250306,20250301,ONLINE,Mendoza,6,Detractor,0,0,1,La tapa pierde líquido
13000002047,20250306,20250301,OFFLINE,,9,Promotor,1,0,0,Todo perfecto
13000000000,20240103,20240101,OFFLINE,,9,Promotor,1,0,0,"Excelente botella, mantiene la temperatura"
13000000014,20240112,20240101,OFFLINE,,8,Pasivo,0,1,0,"Correcto, sin sorpresas"
13000000062,20240123,20240101,ONLINE,,10,Promotor,1,0,0,Entrega rápida y producto excelente
13000000068,20240125,20240101,OFFLINE,,6,Detractor,0,0,1,Tuve que esperar mucho en la caja
13000000069,20240125,20240101,ONLINE,,10,Promotor,1,0,0,Volvería a comprar
13000000086,20240201,20240201,OFFLINE,,9,Promotor,1,0,0,
13000000123,20240212,20240201,OFFLINE,,8,Pasivo,0,1,0,"Correcto, sin sorpresas"
13000000134,20240214,20240201,OFFLINE,,8,Pasivo,0,1,0,"Correcto, sin sorpresas"
13000000141,20240216,20240201,ONLINE,,8,Pasivo,0,1,0,La entrega podría ser más rápida
13000000158,20240220,20240201,OFFLINE,,8,Pasivo,0,1,0,Podría mejorar el empaque
13000000234,20240307,20240301,ONLINE,,3,Detractor,0,0,1,La tapa pierde líquido
13000000247,20240309,20240301,OFFLINE,,8,Pasivo,0,1,0,"Buen producto, un poco caro"
13000000268,20240313,20240301,ONLINE,,7,Pasivo,0,1,0,
13000000309,20240322,20240301,OFFLINE,,6,Detractor,0,0,1,
13000000316,20240323,20240301,OFFLINE,,8,Pasivo,0,1,0,
13000000322,20240326,20240301,ONLINE,,7,Pasivo,0,1,0,
13000000337,20240328,20240301,ONLINE,,6,Detractor,0,0,1,No cumplió mis expectativas
13000000340,20240330,20240301,OFFLINE,,8,Pasivo,0,1,0,
13000000377,20240409,20240401,OFFLINE,,10,Promotor,1,0,0,
13000000402,20240414,20240401,OFFLINE,,8,Pasivo,0,1,0,"Buen producto, un poco caro"
13000000503,20240510,20240501,ONLINE,,10,Promotor,1,0,0,
13000000504,20240511,20240501,ONLINE,,4,Detractor,0,0,1,Llegó con la caja dañada
13000000522,20240515,20240501,ONLINE,,6,Detractor,0,0,1,Llegó con la caja dañada
13000000525,20240515,20240501,ONLINE,,7,Pasivo,0,1,0,
13000000544,20240521,20240501,OFFLINE,,8,Pasivo,0,1,0,"Correcto, sin sorpresas"
13000000547,20240523,20240501,ONLINE,,10,Promotor,1,0,0,Entrega rápida y producto excelente
13000000586,20240529,20240501,ONLINE,,10,Promotor,1,0,0,Entrega rápida y producto excelente
13000000596,20240530,20240501,ONLINE,,7,Pasivo,0,1,0,La entrega podría ser más rápida
13000000609,20240603,20240601,ONLINE,,7,Pasivo,0,1,0,
13000000621,20240606,20240601,ONLINE,,10,Promotor,1,0,0,Entrega rápida y producto excelente
13000000633,20240607,20240601,OFFLINE,,8,Pasivo,0,1,0,Podría mejorar el empaque
13000000639,20240609,20240601,OFFLINE,,10,Promotor,1,0,0,
13000000669,20240615,20240601,OFFLINE,,10,Promotor,1,0,0,Muy buena atención en la tienda
13000000707,20240622,20240601,OFFLINE,,9,Promotor,1,0,0,Muy buena atención en la tienda
13000000758,20240704,20240701,OFFLINE,,10,Promotor,1,0,0,Muy buena atención en la tienda
13000000767,20240706,20240701,OFFLINE,,10,Promotor,1,0,0,Muy conforme con la calidad
13000000773,20240708,20240701,ONLINE,,8,Pasivo,0,1,0,Me gustaría más variedad de colores
13000000802,20240719,20240701,ONLINE,,10,Promotor,1,0,0,
13000000848,20240731,20240701,OFFLINE,,10,Promotor,1,0,0,Volvería a comprar
13000000898,20240814,20240801,OFFLINE,,9,Promotor,1,0,0,Muy conforme con la calidad
13000000923,20240819,20240801,ONLINE,,8,Pasivo,0,1,0,"Buen producto, un poco caro"
13000000942,20240826,20240801,ONLINE,,4,Detractor,0,0,1,Llegó con la caja dañada
13000001010,20240907,20240901,ONLINE,,10,Promotor,1,0,0,Entrega rápida y producto excelente
13000001070,20240918,20240901,ONLINE,,10,Promotor,1,0,0,Entrega rápida y producto excelente
13000001134,20240929,20240901,OFFLINE,,7,Pasivo,0,1,0,
13000001205,20241019,20241001,ONLINE,,10,Promotor,1,0,0,
13000001223,20241023,20241001,ONLINE,,7,Pasivo,0,1,0,"Correcto, sin sorpresas"
13000001262,20241030,20241001,OFFLINE,,9,Promotor,1,0,0,Muy buena atención en la tienda
13000001297,20241106,20241101,ONLINE,,8,Pasivo,0,1,0,"Buen producto, un poco caro"
13000001307,20241108,20241101,OFFLINE,,5,Detractor,0,0,1,Tuve que devolverlo
13000001340,20241116,20241101,ONLINE,,8,Pasivo,0,1,0,
13000001414,20241126,20241101,ONLINE,,5,Detractor,0,0,1,Tardó mucho más de lo esperado
13000001448,20241202,20241201,OFFLINE,,5,Detractor,0,0,1,La tapa pierde líquido
13000001467,20241205,20241201,ONLINE,,8,Pasivo,0,1,0,
13000001477,20241207,20241201,OFFLINE,,9,Promotor,1,0,0,Muy buena atención en la tienda
13000001487,20241210,20241201,ONLINE,,10,Promotor,1,0,0,Entrega rápida y producto excelente
13000001489,20241210,20241201,ONLINE,,9,Promotor,1,0,0,
13000001490,20241210,20241201,OFFLINE,,9,Promotor,1,0,0,
13000001491,20241210,20241201,ONLINE,,8,Pasivo,0,1,0,La entrega podría ser más rápida
13000001534,20241216,20241201,ONLINE,,7,Pasivo,0,1,0,"Correcto, sin sorpresas"
13000001540,20241217,20241201,OFFLINE,,9,Promotor,1,0,0,Muy buena atención en la tienda
13000001542,20241218,20241201,OFFLINE,,9,Promotor,1,0,0,Volvería a comprar
13000001579,20241222,20241201,OFFLINE,,8,Pasivo,0,1,0,
13000001585,20241223,20241201,ONLINE,,8,Pasivo,0,1,0,
13000001589,20241224,20241201,ONLINE,,9,Promotor,1,0,0,Entrega rápida y producto excelente
13000001594,20241224,20241201,OFFLINE,,6,Detractor,0,0,1,Tuve que devolverlo
13000001597,20241224,20241201,OFFLINE,,9,Promotor,1,0,0,Muy buena atención en la tienda
13000001658,20241231,20241201,ONLINE,,6,Detractor,0,0,1,El envío demoró y nadie me avisó
13000001682,20250104,20250101,OFFLINE,,10,Promotor,1,0,0,
13000001704,20250107,20250101,ONLINE,,10,Promotor,1,0,0,Muy conforme con la calidad
13000001767,20250116,20250101,OFFLINE,,7,Pasivo,0,1,0,"Correcto, sin sorpresas"
13000001778,20250117,20250101,ONLINE,,7,Pasivo,0,1,0,Podría mejorar el empaque
13000001793,20250122,20250101,OFFLINE,,7,Pasivo,0,1,0,
13000001808,20250124,20250101,ONLINE,,8,Pasivo,0,1,0,
13000001828,20250127,20250101,ONLINE,,7,Pasivo,0,1,0,"Buen producto, un poco caro"
13000001862,20250204,20250201,ONLINE,,6,Detractor,0,0,1,Tardó mucho más de lo esperado
13000001872,20250205,20250201,ONLINE,,7,Pasivo,0,1,0,Me gustaría más variedad de colores
13000001915,20250212,20250201,ONLINE,,8,Pasivo,0,1,0,La entrega podría ser más rápida
13000001943,20250218,20250201,ONLINE,,7,Pasivo,0,1,0,"Correcto, sin sorpresas"
13000002048,20250306,20250301,OFFLINE,,9,Promotor,1,0,0,
13000002049,20250306,20250301,OFFLINE,Buenos Aires,10,Promotor,1,0,0,Muy buena atención en la tienda
13000002050,20250306,20250301,OFFLINE,,10,Promotor,1,0,0,Volvería a comprar
13000002051,20250306,20250301,OFFLINE,,10,Promotor,1,0,0,Muy conforme con la calidad
13000002052,20250306,20250301,ONLINE,Mendoza,10,Promotor,1,0,0,Volvería a comprar
13000002053,20250307,20250301,OFFLINE,Córdoba,9,Promotor,1,0,0,"Excelente botella, mantiene la temperatura"
13000002054,20250307,20250301,ONLINE,Buenos Aires,10,Promotor,1,0,0,Entrega rápida y producto excelente
13000002055,20250307,20250301,ONLINE,Córdoba,9,Promotor,1,0,0,Entrega rápida y producto excelente
13000002056,20250307,20250301,ONLINE,Santa Fe,7,Pasivo,0,1,0,La entrega podría ser más rápida
13000002057,20250307,20250301,OFFLINE,Mendoza,10,Promotor,1,0,0,Muy buena atención en la tienda
13000002058,20250307,20250301,ONLINE,Córdoba,7,Pasivo,0,1,0,Me gustaría más variedad de colores
13000002059,20250307,20250301,ONLINE,Córdoba,9,Promotor,1,0,0,Entrega rápida y producto excelente
13000002060,20250308,20250301,ONLINE,Buenos Aires,10,Promotor,1,0,0,
13000002061,20250308,20250301,OFFLINE,,10,Promotor,1,0,0,Muy buena atención en la tienda
13000002062,20250308,20250301,OFFLINE,,9,Promotor,1,0,0,Muy buena atención en la tienda
13000002063,20250308,20250301,ONLINE,Santa Fe,10,Promotor,1,0,0,
13000002064,20250309,20250301,OFFLINE,Buenos Aires,8,Pasivo,0,1,0,"Correcto, sin sorpresas"
13000002065,20250309,20250301,OFFLINE,,10,Promotor,1,0,0,Muy buena atención en la tienda
13000002066,20250310,20250301,OFFLINE,Santa Fe,10,Promotor,1,0,0,Muy buena atención en la tienda
13000002067,20250310,20250301,OFFLINE,,10,Promotor,1,0,0,Muy buena atención en la tienda
13000002068,20250310,20250301,ONLINE,Córdoba,8,Pasivo,0,1,0,"Buen producto, un poco caro"
13000002069,20250310,20250301,ONLINE,Santa Fe,8,Pasivo,0,1,0,"Correcto, sin sorpresas"
13000002070,20250310,20250301,ONLINE,Córdoba,8,Pasivo,0,1,0,
13000002071,20250310,20250301,ONLINE,Buenos Aires,7,Pasivo,0,1,0,La entrega podría ser más rápida
13000002072,20250311,20250301,ONLINE,Mendoza,9,Promotor,1,0,0,Entrega rápida y producto excelente
13000002073,20250311,20250301,OFFLINE,,9,Promotor,1,0,0,Todo perfecto
13000002074,20250311,20250301,OFFLINE,Santa Fe,6,Detractor,0,0,1,No cumplió mis expectativas
13000002075,20250311,20250301,ONLINE,Córdoba,9,Promotor,1,0,0,
13000002076,20250311,20250301,ONLINE,Santa Fe,7,Pasivo,0,1,0,
13000002077,20250311,20250301,ONLINE,Santa Fe,7,Pasivo,0,1,0,La entrega podría ser más rápida
13000002078,20250311,20250301,OFFLINE,,9,Promotor,1,0,0,
13000002079,20250311,20250301,OFFLINE,Buenos Aires,10,Promotor,1,0,0,Muy conforme con la calidad
13000002080,20250311,20250301,ONLINE,Buenos Aires,10,Promotor,1,0,0,
13000002081,20250312,20250301,OFFLINE,,10,Promotor,1,0,0,Muy buena atención en la tienda
13000002082,20250312,20250301,ONLINE,Santa Fe,8,Pasivo,0,1,0,"Buen producto, un poco caro"
13000002083,20250312,20250301,ONLINE,Buenos Aires,7,Pasivo,0,1,0,La entrega podría ser más rápida
13000002084,20250312,20250301,ONLINE,Buenos Aires,9,Promotor,1,0,0,Entrega rápida y producto excelente
13000002085,20250312,20250301,ONLINE,Buenos Aires,7,Pasivo,0,1,0,
13000002086,20250312,20250301,ONLINE,Córdoba,9,Promotor,1,0,0,
13000002087,20250312,20250301,ONLINE,Santa Fe,8,Pasivo,0,1,0,
13000002088,20250313,20250301,ONLINE,Buenos Aires,10,Promotor,1,0,0,
13000002089,20250313,20250301,ONLINE,Buenos Aires,7,Pasivo,0,1,0,Podría mejorar el empaque
13000002090,20250313,20250301,ONLINE,Buenos Aires,7,Pasivo,0,1,0,La entrega podría ser más rápida
13000002091,20250313,20250301,ONLINE,Buenos Aires,7,Pasivo,0,1,0,"Buen producto, un poco caro"
13000002092,20250313,20250301,ONLINE,Buenos Aires,8,Pasivo,0,1,0,
13000002093,20250313,20250301,OFFLINE,Buenos Aires,10,Promotor,1,0,0,Muy buena atención en la tienda
13000002094,20250313,20250301,ONLINE,Córdoba,7,Pasivo,0,1,0,La entrega podría ser más rápida
13000002095,20250313,20250301,OFFLINE,,8,Pasivo,0,1,0,"Buen producto, un poco caro"
13000002096,20250314,20250301,ONLINE,Buenos Aires,10,Promotor,1,0,0,"Excelente botella, mantiene la temperatura"
13000002097,20250314,20250301,ONLINE,Córdoba,5,Detractor,0,0,1,Llegó con la caja dañada
13000002098,20250314,20250301,OFFLINE,Buenos Aires,8,Pasivo,0,1,0,
13000002099,20250314,20250301,ONLINE,Córdoba,8,Pasivo,0,1,0,Podría mejorar el empaque
13000002100,20250314,20250301,ONLINE,Buenos Aires,6,Detractor,0,0,1,La tapa pierde líquido
13000002101,20250314,20250301,ONLINE,Córdoba,10,Promotor,1,0,0,
13000002102,20250314,20250301,ONLINE,Córdoba,9,Promotor,1,0,0,
13000002103,20250314,20250301,OFFLINE,Santa Fe,6,Detractor,0,0,1,No cumplió mis expectativas
13000002104,20250314,20250301,OFFLINE,,10,Promotor,1,0,0,Muy buena atención en la tienda
13000002105,20250314,20250301,ONLINE,Córdoba,10,Promotor,1,0,0,Volvería a comprar
13000002106,20250314,20250301,ONLINE,Buenos Aires,10,Promotor,1,0,0,"Excelente botella, mantiene la temperatura"
13000002107,20250315,20250301,ONLINE,Buenos Aires,9,Promotor,1,0,0,
13000002108,20250315,20250301,OFFLINE,Buenos Aires,9,Promotor,1,0,0,Muy conforme con la calidad
13000002109,20250315,20250301,OFFLINE,,8,Pasivo,0,1,0,"Buen producto, un poco caro"
13000002111,20250316,20250301,OFFLINE,Buenos Aires,5,Detractor,0,0,1,La tapa pierde líquido
13000002112,20250316,20250301,OFFLINE,Santa Fe,8,Pasivo,0,1,0,Podría mejorar el empaque
13000002113,20250317,20250301,ONLINE,Buenos Aires,10,Promotor,1,0,0,
13000002114,20250317,20250301,ONLINE,Buenos Aires,9,Promotor,1,0,0,Entrega rápida y producto excelente
13000002115,20250317,20250301,ONLINE,Buenos Aires,9,Promotor,1,0,0,
13000002116,20250317,20250301,ONLINE,Mendoza,6,Detractor,0,0,1,La tapa pierde líquido
13000002117,20250318,20250301,ONLINE,Buenos Aires,6,Detractor,0,0,1,No cumplió mis expectativas
13000002118,20250318,20250301,ONLINE,Santa Fe,6,Detractor,0,0,1,Llegó con la caja dañada
13000002119,20250318,20250301,ONLINE,Buenos Aires,10,Promotor,1,0,0,Todo perfecto
13000002120,20250318,20250301,ONLINE,Buenos Aires,8,Pasivo,0,1,0,
13000002121,20250318,20250301,ONLINE,Buenos Aires,8,Pasivo,0,1,0,La entrega podría ser más rápida
13000002122,20250319,20250301,ONLINE,Buenos Aires,9,Promotor,1,0,0,Volvería a comprar
13000002123,20250319,20250301,ONLINE,Córdoba,10,Promotor,1,0,0,"Excelente botella, mantiene la temperatura"
13000002124,20250320,20250301,OFFLINE,Córdoba,6,Detractor,0,0,1,La tapa pierde líquido
13000002125,20250320,20250301,ONLINE,Córdoba,7,Pasivo,0,1,0,
13000002126,20250320,20250301,OFFLINE,Mendoza,9,Promotor,1,0,0,Todo perfecto
13000002127,20250321,20250301,ONLINE,Santa Fe,7,Pasivo,0,1,0,Me gustaría más variedad de colores
13000002128,20250321,20250301,ONLINE,Buenos Aires,9,Promotor,1,0,0,Todo perfecto
13000002129,20250321,20250301,ONLINE,Santa Fe,8,Pasivo,0,1,0,"Correcto, sin sorpresas"
13000002130,20250321,20250301,ONLINE,Córdoba,6,Detractor,0,0,1,Llegó con la caja dañada
13000002131,20250321,20250301,OFFLINE,,9,Promotor,1,0,0,
13000002132,20250321,20250301,OFFLINE,,8,Pasivo,0,1,0,Me gustaría más variedad de colores
13000002133,20250321,20250301,ONLINE,Mendoza,7,Pasivo,0,1,0,"Buen producto, un poco caro"
13000002134,20250321,20250301,OFFLINE,,8,Pasivo,0,1,0,"Buen producto, un poco caro"
13000002135,20250321,20250301,ONLINE,Córdoba,9,Promotor,1,0,0,"Excelente botella, mantiene la temperatura"
13000002136,20250321,20250301,OFFLINE,,8,Pasivo,0,1,0,
13000002137,20250321,20250301,ONLINE,Córdoba,8,Pasivo,0,1,0,"Buen producto, un poco caro"
13000002138,20250321,20250301,ONLINE,Buenos Aires,10,Promotor,1,0,0,Todo perfecto
13000002139,20250321,20250301,OFFLINE,,6,Detractor,0,0,1,No cumplió mis expectativas
13000002140,20250322,20250301,OFFLINE,Córdoba,8,Pasivo,0,1,0,
13000002141,20250322,20250301,ONLINE,Santa Fe,8,Pasivo,0,1,0,Podría mejorar el empaque
13000002144,20250322,20250301,ONLINE,Santa Fe,7,Pasivo,0,1,0,
13000002145,20250322,20250301,OFFLINE,,7,Pasivo,0,1,0,Me gustaría más variedad de colores
13000002146,20250322,20250301,OFFLINE,Mendoza,8,Pasivo,0,1,0,"Buen producto, un poco caro"
13000002147,20250322,20250301,OFFLINE,,7,Pasivo,0,1,0,Podría mejorar el empaque
13000002148,20250322,20250301,OFFLINE,,10,Promotor,1,0,0,
13000002149,20250323,20250301,OFFLINE,Mendoza,8,Pasivo,0,1,0,
13000002150,20250323,20250301,OFFLINE,Córdoba,10,Promotor,1,0,0,Muy buena atención en la tienda
13000002151,20250323,20250301,OFFLINE,Buenos Aires,9,Promotor,1,0,0,
13000002152,20250323,20250301,OFFLINE,,9,Promotor,1,0,0,Muy buena atención en la tienda
13000002153,20250324,20250301,ONLINE,Buenos Aires,8,Pasivo,0,1,0,
13000002154,20250324,20250301,ONLINE,Córdoba,10,Promotor,1,0,0,Entrega rápida y producto excelente
13000002155,20250325,20250301,OFFLINE,Buenos Aires,8,Pasivo,0,1,0,
13000002156,20250325,20250301,OFFLINE,Buenos Aires,10,Promotor,1,0,0,Volvería a comprar
13000002157,20250325,20250301,ONLINE,Santa Fe,7,Pasivo,0,1,0,La entrega podría ser más rápida
13000002158,20250325,20250301,ONLINE,Buenos Aires,8,Pasivo,0,1,0,"Correcto, sin sorpresas"
13000002159,20250325,20250301,OFFLINE,,10,Promotor,1,0,0,
13000002160,20250326,20250301,ONLINE,Buenos Aires,7,Pasivo,0,1,0,La entrega podría ser más rápida
13000002161,20250326,20250301,OFFLINE,,7,Pasivo,0,1,0,"Buen producto, un poco caro"
13000002162,20250326,20250301,OFFLINE,,8,Pasivo,0,1,0,"Correcto, sin sorpresas"
13000002163,20250326,20250301,OFFLINE,,9,Promotor,1,0,0,
13000002164,20250326,20250301,ONLINE,Mendoza,7,Pasivo,0,1,0,
13000002165,20250326,20250301,ONLINE,Mendoza,9,Promotor,1,0,0,
13000002166,20250326,20250301,ONLINE,Córdoba,9,Promotor,1,0,0,
13000002167,20250326,20250301,ONLINE,Buenos Aires,8,Pasivo,0,1,0,"Correcto, sin sorpresas"
13000002168,20250327,20250301,ONLINE,Mendoza,5,Detractor,0,0,1,No cumplió mis expectativas
13000002169,20250327,20250301,OFFLINE,Buenos Aires,6,Detractor,0,0,1,La tapa pierde líquido
13000002170,20250327,20250301,ONLINE,Buenos Aires,10,Promotor,1,0,0,Todo perfecto
13000002171,20250327,20250301,ONLINE,Mendoza,9,Promotor,1,0,0,"Excelente botella, mantiene la temperatura"
13000002172,20250327,20250301,ONLINE,Buenos Aires,8,Pasivo,0,1,0,La entrega podría ser más rápida
13000002173,20250327,20250301,ONLINE,Córdoba,8,Pasivo,0,1,0,
13000002174,20250327,20250301,OFFLINE,,5,Detractor,0,0,1,Poco stock en la tienda
13000002175,20250327,20250301,OFFLINE,Córdoba,10,Promotor,1,0,0,Muy buena atención en la tienda
13000002176,20250327,20250301,ONLINE,Santa Fe,10,Promotor,1,0,0,Volvería a comprar
13000002177,20250327,20250301,ONLINE,Buenos Aires,10,Promotor,1,0,0,
13000002178,20250327,20250301,ONLINE,Santa Fe,7,Pasivo,0,1,0,La entrega podría ser más rápida
13000002179,20250327,20250301,ONLINE,Buenos Aires,10,Promotor,1,0,0,"Excelente botella, mantiene la temperatura"
13000002180,20250328,20250301,OFFLINE,Santa Fe,7,Pasivo,0,1,0,
13000002182,20250328,20250301,OFFLINE,,9,Promotor,1,0,0,
13000002183,20250328,20250301,ONLINE,Buenos Aires,9,Promotor,1,0,0,Muy conforme con la calidad
13000002184,20250328,20250301,ONLINE,Buenos Aires,10,Promotor,1,0,0,Entrega rápida y producto excelente
13000002185,20250328,20250301,ONLINE,Buenos Aires,10,Promotor,1,0,0,Todo perfecto
13000002186,20250328,20250301,ONLINE,Córdoba,10,Promotor,1,0,0,Entrega rápida y producto excelente
13000002187,20250328,20250301,ONLINE,Córdoba,10,Promotor,1,0,0,Todo perfecto
13000002189,20250329,20250301,ONLINE,Córdoba,7,Pasivo,0,1,0,La entrega podría ser más rápida
13000002190,20250329,20250301,OFFLINE,Buenos Aires,4,Detractor,0,0,1,Poco stock en la tienda
13000002191,20250329,20250301,OFFLINE,,9,Promotor,1,0,0,Muy buena atención en la tienda
13000002192,20250329,20250301,OFFLINE,Santa Fe,6,Detractor,0,0,1,Poco stock en la tienda
13000002193,20250330,20250301,OFFLINE,Buenos Aires,5,Detractor,0,0,1,Tuve que esperar mucho en la caja
13000002194,20250330,20250301,OFFLINE,,4,Detractor,0,0,1,
13000002195,20250330,20250301,OFFLINE,Córdoba,10,Promotor,1,0,0,Muy conforme con la calidad
13000002196,20250331,20250301,ONLINE,Santa Fe,7,Pasivo,0,1,0,
13000002197,20250401,20250401,ONLINE,Buenos Aires,7,Pasivo,0,1,0,
13000002198,20250401,20250401,ONLINE,Buenos Aires,8,Pasivo,0,1,0,"Correcto, sin sorpresas"
13000002199,20250401,20250401,OFFLINE,Buenos Aires,9,Promotor,1,0,0,Muy buena atención en la tienda
13000002200,20250401,20250401,ONLINE,Buenos Aires,8,Pasivo,0,1,0,
13000002201,20250402,20250401,ONLINE,Buenos Aires,6,Detractor,0,0,1,La tapa pierde líquido
13000002202,20250402,20250401,OFFLINE,,10,Promotor,1,0,0,Muy conforme con la calidad
13000002203,20250402,20250401,ONLINE,Santa Fe,7,Pasivo,0,1,0,
13000002204,20250403,20250401,OFFLINE,Santa Fe,5,Detractor,0,0,1,Poco stock en la tienda
13000002205,20250403,20250401,ONLINE,Buenos Aires,6,Detractor,0,0,1,La tapa pierde líquido
13000002206,20250403,20250401,ONLINE,Buenos Aires,10,Promotor,1,0,0,
13000002207,20250403,20250401,OFFLINE,Córdoba,10,Promotor,1,0,0,
13000002208,20250403,20250401,ONLINE,Córdoba,9,Promotor,1,0,0,Entrega rápida y producto excelente
13000002209,20250403,20250401,ONLINE,Buenos Aires,5,Detractor,0,0,1,Llegó con la caja dañada
13000002210,20250403,20250401,ONLINE,Buenos Aires,5,Detractor,0,0,1,
13000002211,20250403,20250401,ONLINE,Buenos Aires,8,Pasivo,0,1,0,La entrega podría ser más rápida
13000002212,20250404,20250401,OFFLINE,Mendoza,8,Pasivo,0,1,0,
13000002213,20250404,20250401,ONLINE,Buenos Aires,6,Detractor,0,0,1,Llegó con la caja dañada
13000002214,20250404,20250401,OFFLINE,Buenos Aires,6,Detractor,0,0,1,Tuve que esperar mucho en la caja
13000002215,20250404,20250401,ONLINE,Buenos Aires,9,Promotor,1,0,0,Entrega rápida y producto excelente
13000002216,20250404,20250401,OFFLINE,Buenos Aires,7,Pasivo,0,1,0,Me gustaría más variedad de colores
13000002217,20250404,20250401,ONLINE,Mendoza,6,Detractor,0,0,1,La tapa pierde líquido
13000002219,20250405,20250401,OFFLINE,Santa Fe,6,Detractor,0,0,1,No cumplió mis expectativas
13000002220,20250408,20250401,ONLINE,Córdoba,5,Detractor,0,0,1,No cumplió mis expectativas
13000002221,20250408,20250401,ONLINE,Buenos Aires,10,Promotor,1,0,0,
13000002222,20250408,20250401,ONLINE,Santa Fe,10,Promotor,1,0,0,Entrega rápida y producto excelente
13000002223,20250408,20250401,OFFLINE,Buenos Aires,9,Promotor,1,0,0,
13000002225,20250409,20250401,OFFLINE,,9,Promotor,1,0,0,Muy buena atención en la tienda
13000002226,20250409,20250401,ONLINE,Buenos Aires,6,Detractor,0,0,1,La tapa pierde líquido
13000002227,20250409,20250401,ONLINE,Córdoba,10,Promotor,1,0,0,
13000002228,20250409,20250401,OFFLINE,,6,Detractor,0,0,1,
13000002229,20250409,20250401,ONLINE,Mendoza,8,Pasivo,0,1,0,La entrega podría ser más rápida
13000002230,20250409,20250401,OFFLINE,Buenos Aires,8,Pasivo,0,1,0,Podría mejorar el empaque
13000002231,20250409,20250401,OFFLINE,Córdoba,9,Promotor,1,0,0,
13000002232,20250409,20250401,OFFLINE,,8,Pasivo,0,1,0,Podría mejorar el empaque
13000002233,20250409,20250401,ONLINE,Córdoba,8,Pasivo,0,1,0,
13000002234,20250410,20250401,ONLINE,Mendoza,6,Detractor,0,0,1,Llegó con la caja dañada
13000002235,20250410,20250401,ONLINE,Buenos Aires,8,Pasivo,0,1,0,Podría mejorar el empaque
13000002236,20250410,20250401,ONLINE,Mendoza,10,Promotor,1,0,0,
13000002237,20250410,20250401,ONLINE,Córdoba,9,Promotor,1,0,0,Entrega rápida y producto excelente
13000002238,20250410,20250401,ONLINE,Mendoza,9,Promotor,1,0,0,
13000002239,20250411,20250401,ONLINE,Buenos Aires,10,Promotor,1,0,0,
13000002240,20250411,20250401,OFFLINE,,8,Pasivo,0,1,0,Podría mejorar el empaque
13000002241,20250411,20250401,OFFLINE,,9,Promotor,1,0,0,Todo perfecto
13000002242,20250411,20250401,ONLINE,Buenos Aires,10,Promotor,1,0,0,
13000002243,20250411,20250401,OFFLINE,,10,Promotor,1,0,0,
13000002244,20250411,20250401,ONLINE,Santa Fe,10,Promotor,1,0,0,Entrega rápida y producto excelente
13000002245,20250412,20250401,OFFLINE,,10,Promotor,1,0,0,
13000002246,20250412,20250401,ONLINE,Córdoba,10,Promotor,1,0,0,Muy conforme con la calidad
13000002247,20250414,20250401,ONLINE,Córdoba,9,Promotor,1,0,0,Volvería a comprar
13000002248,20250414,20250401,ONLINE,Buenos Aires,9,Promotor,1,0,0,Muy conforme con la calidad
13000002249,20250414,20250401,ONLINE,Buenos Aires,8,Pasivo,0,1,0,
13000002250,20250414,20250401,ONLINE,Mendoza,10,Promotor,1,0,0,Todo perfecto
13000002251,20250415,20250401,ONLINE,Córdoba,10,Promotor,1,0,0,Entrega rápida y producto excelente
13000002252,20250415,20250401,ONLINE,Buenos Aires,10,Promotor,1,0,0,
13000002253,20250415,20250401,OFFLINE,Buenos Aires,9,Promotor,1,0,0,Muy conforme con la calidad
13000002254,20250415,20250401,OFFLINE,,8,Pasivo,0,1,0,
13000002255,20250415,20250401,OFFLINE,,7,Pasivo,0,1,0,
13000002257,20250415,20250401,ONLINE,Buenos Aires,4,Detractor,0,0,1,Tuve que devolverlo
13000002258,20250416,20250401,ONLINE,Buenos Aires,9,Promotor,1,0,0,Entrega rápida y producto excelente
13000002259,20250416,20250401,OFFLINE,,10,Promotor,1,0,0,Todo perfecto
13000002260,20250416,20250401,ONLINE,Buenos Aires,10,Promotor,1,0,0,Todo perfecto
13000002261,20250416,20250401,ONLINE,Santa Fe,10,Promotor,1,0,0,
13000002262,20250416,20250401,ONLINE,Buenos Aires,9,Promotor,1,0,0,Entrega rápida y producto excelente
13000002263,20250416,20250401,OFFLINE,,8,Pasivo,0,1,0,Podría mejorar el empaque
13000002264,20250416,20250401,OFFLINE,Córdoba,9,Promotor,1,0,0,
13000002265,20250416,20250401,ONLINE,Buenos Aires,10,Promotor,1,0,0,Volvería a comprar
13000002266,20250417,20250401,OFFLINE,,10,Promotor,1,0,0,
13000002267,20250417,20250401,OFFLINE,,9,Promotor,1,0,0,Volvería a comprar
13000002268,20250417,20250401,OFFLINE,Buenos Aires,8,Pasivo,0,1,0,"Correcto, sin sorpresas"
13000002269,20250417,20250401,ONLINE,Santa Fe,8,Pasivo,0,1,0,Me gustaría más variedad de colores
13000002270,20250417,20250401,ONLINE,Buenos Aires,10,Promotor,1,0,0,Entrega rápida y producto excelente
13000002271,20250417,20250401,OFFLINE,Córdoba,7,Pasivo,0,1,0,"Buen producto, un poco caro"
13000002272,20250417,20250401,ONLINE,Buenos Aires,9,Promotor,1,0,0,Entrega rápida y producto excelente
13000002273,20250418,20250401,ONLINE,Buenos Aires,10,Promotor,1,0,0,Muy conforme con la calidad
13000002274,20250418,20250401,ONLINE,Córdoba,7,Pasivo,0,1,0,
13000002275,20250418,20250401,ONLINE,Santa Fe,9,Promotor,1,0,0,Todo perfecto
13000002276,20250419,20250401,OFFLINE,Córdoba,8,Pasivo,0,1,0,Me gustaría más variedad de colores
13000002277,20250419,20250401,ONLINE,Buenos Aires,8,Pasivo,0,1,0,
13000002278,20250420,20250401,OFFLINE,,9,Promotor,1,0,0,Muy buena atención en la tienda
13000002279,20250420,20250401,OFFLINE,,10,Promotor,1,0,0,Muy buena atención en la tienda
13000002280,20250421,20250401,ONLINE,Buenos Aires,8,Pasivo,0,1,0,La entrega podría ser más rápida
13000002281,20250421,20250401,ONLINE,Mendoza,8,Pasivo,0,1,0,
13000002282,20250421,20250401,ONLINE,Córdoba,10,Promotor,1,0,0,Volvería a comprar
13000002283,20250421,20250401,ONLINE,Buenos Aires,5,Detractor,0,0,1,No cumplió mis expectativas
13000002284,20250421,20250401,ONLINE,Córdoba,6,Detractor,0,0,1,Llegó con la caja dañada
13000002285,20250421,20250401,ONLINE,Santa Fe,5,Detractor,0,0,1,La tapa pierde líquido
13000002286,20250422,20250401,ONLINE,Buenos Aires,10,Promotor,1,0,0,
13000002287,20250422,20250401,ONLINE,Santa Fe,7,Pasivo,0,1,0,La entrega podría ser más rápida
13000002288,20250422,20250401,ONLINE,Santa Fe,8,Pasivo,0,1,0,"Correcto, sin sorpresas"
13000002289,20250422,20250401,ONLINE,Buenos Aires,9,Promotor,1,0,0,
13000002290,20250422,20250401,OFFLINE,Buenos Aires,10,Promotor,1,0,0,"Excelente botella, mantiene la temperatura"
13000002291,20250422,20250401,ONLINE,Santa Fe,10,Promotor,1,0,0,Muy conforme con la calidad
13000002292,20250422,20250401,ONLINE,Córdoba,8,Pasivo,0,1,0,Me gustaría más variedad de colores
13000002293,20250422,20250401,ONLINE,Buenos Aires,10,Promotor,1,0,0,Volvería a comprar
13000002294,20250423,20250401,ONLINE,Santa Fe,9,Promotor,1,0,0,Volvería a comprar
13000002295,20250423,20250401,ONLINE,Buenos Aires,9,Promotor,1,0,0,Entrega rápida y producto excelente
13000002296,20250423,20250401,OFFLINE,Buenos Aires,5,Detractor,0,0,1,No cumplió mis expectativas
13000002297,20250423,20250401,ONLINE,Buenos Aires,10,Promotor,1,0,0,
13000002298,20250423,20250401,ONLINE,Buenos Aires,7,Pasivo,0,1,0,
13000002299,20250423,20250401,ONLINE,Buenos Aires,9,Promotor,1,0,0,Entrega rápida y producto excelente
13000002300,20250423,20250401,ONLINE,Córdoba,7,Pasivo,0,1,0,La entrega podría ser más rápida
13000002301,20250423,20250401,ONLINE,Buenos Aires,10,Promotor,1,0,0,Entrega rápida y producto excelente
13000002302,20250423,20250401,ONLINE,Santa Fe,10,Promotor,1,0,0,Muy conforme con la calidad
13000002303,20250424,20250401,ONLINE,Santa Fe,10,Promotor,1,0,0,Muy conforme con la calidad
13000002304,20250424,20250401,OFFLINE,Buenos Aires,10,Promotor,1,0,0,Muy buena atención en la tienda
13000002305,20250424,20250401,ONLINE,Buenos Aires,10,Promotor,1,0,0,Todo perfecto
13000002306,20250424,20250401,ONLINE,Mendoza,5,Detractor,0,0,1,No cumplió mis expectativas
13000002307,20250424,20250401,OFFLINE,Buenos Aires,8,Pasivo,0,1,0,Me gustaría más variedad de colores
13000002308,20250424,20250401,OFFLINE,Mendoza,10,Promotor,1,0,0,Volvería a comprar
13000002310,20250424,20250401,ONLINE,Córdoba,5,Detractor,0,0,1,Llegó con la caja dañada
13000002311,20250424,20250401,ONLINE,Santa Fe,8,Pasivo,0,1,0,La entrega podría ser más rápida
13000002312,20250424,20250401,ONLINE,Mendoza,9,Promotor,1,0,0,
13000002313,20250424,20250401,ONLINE,Córdoba,10,Promotor,1,0,0,
13000002314,20250424,20250401,ONLINE,Buenos Aires,9,Promotor,1,0,0,Todo perfecto
13000002315,20250424,20250401,ONLINE,Buenos Aires,6,Detractor,0,0,1,
13000002316,20250424,20250401,ONLINE,Buenos Aires,10,Promotor,1,0,0,Entrega rápida y producto excelente
13000002317,20250425,20250401,ONLINE,Santa Fe,7,Pasivo,0,1,0,
13000002318,20250425,20250401,ONLINE,Buenos Aires,8,Pasivo,0,1,0,
13000002319,20250425,20250401,OFFLINE,,10,Promotor,1,0,0,
13000002320,20250425,20250401,ONLINE,Mendoza,7,Pasivo,0,1,0,
13000002321,20250425,20250401,ONLINE,Córdoba,8,Pasivo,0,1,0,La entrega podría ser más rápida
13000002322,20250425,20250401,OFFLINE,,4,Detractor,0,0,1,
13000002323,20250425,20250401,ONLINE,Santa Fe,10,Promotor,1,0,0,
13000002324,20250426,20250401,ONLINE,Buenos Aires,8,Pasivo,0,1,0,
13000002325,20250427,20250401,OFFLINE,,10,Promotor,1,0,0,Volvería a comprar
13000002326,20250427,20250401,OFFLINE,Buenos Aires,7,Pasivo,0,1,0,
13000002327,20250427,20250401,OFFLINE,,10,Promotor,1,0,0,Todo perfecto
13000002329,20250428,20250401,ONLINE,Buenos Aires,10,Promotor,1,0,0,Entrega rápida y producto excelente
13000002330,20250429,20250401,OFFLINE,Mendoza,10,Promotor,1,0,0,Volvería a comprar
13000002331,20250429,20250401,ONLINE,Córdoba,8,Pasivo,0,1,0,La entrega podría ser más rápida
13000002332,20250429,20250401,ONLINE,Córdoba,9,Promotor,1,0,0,Entrega rápida y producto excelente
13000002333,20250429,20250401,ONLINE,Santa Fe,7,Pasivo,0,1,0,
13000002334,20250430,20250401,ONLINE,Córdoba,6,Detractor,0,0,1,Llegó con la caja dañada
13000002335,20250430,20250401,ONLINE,Buenos Aires,8,Pasivo,0,1,0,
13000002336,20250430,20250401,OFFLINE,,7,Pasivo,0,1,0,
13000002337,20250430,20250401,ONLINE,Buenos Aires,9,Promotor,1,0,0,Todo perfecto
13000002338,20250430,20250401,ONLINE,Buenos Aires,10,Promotor,1,0,0,
13000002339,20250430,20250401,ONLINE,Santa Fe,8,Pasivo,0,1,0,La entrega podría ser más rápida
13000002340,20250430,20250401,ONLINE,Santa Fe,9,Promotor,1,0,0,Todo perfecto
13000002341,20250501,20250501,OFFLINE,,9,Promotor,1,0,0,Muy buena atención en la tienda
13000002342,20250501,20250501,ONLINE,Santa Fe,10,Promotor,1,0,0,Entrega rápida y producto excelente
13000002343,20250501,20250501,ONLINE,Córdoba,10,Promotor,1,0,0,Entrega rápida y producto excelente
13000002344,20250501,20250501,OFFLINE,Santa Fe,10,Promotor,1,0,0,Todo perfecto
13000002345,20250501,20250501,ONLINE,Santa Fe,8,Pasivo,0,1,0,"Correcto, sin sorpresas"
13000002346,20250501,20250501,ONLINE,Buenos Aires,7,Pasivo,0,1,0,La entrega podría ser más rápida
13000002347,20250501,20250501,OFFLINE,Santa Fe,9,Promotor,1,0,0,
13000002348,20250502,20250501,ONLINE,Mendoza,6,Detractor,0,0,1,Llegó con la caja dañada
13000002349,20250502,20250501,ONLINE,Santa Fe,8,Pasivo,0,1,0,
13000002350,20250502,20250501,ONLINE,Buenos Aires,10,Promotor,1,0,0,Muy conforme con la calidad
13000002351,20250502,20250501,ONLINE,Córdoba,10,Promotor,1,0,0,Todo perfecto
13000002353,20250502,20250501,ONLINE,Mendoza,7,Pasivo,0,1,0,
13000002354,20250502,20250501,ONLINE,Santa Fe,9,Promotor,1,0,0,Entrega rápida y producto excelente
13000002355,20250502,20250501,ONLINE,Córdoba,7,Pasivo,0,1,0,La entrega podría ser más rápida
13000002356,20250503,20250501,ONLINE,Santa Fe,10,Promotor,1,0,0,
13000002357,20250503,20250501,OFFLINE,Santa Fe,10,Promotor,1,0,0,"Excelente botella, mantiene la temperatura"
13000002358,20250504,20250501,OFFLINE,Córdoba,8,Pasivo,0,1,0,Me gustaría más variedad de colores
13000002359,20250504,20250501,OFFLINE,Santa Fe,6,Detractor,0,0,1,La tapa pierde líquido
13000002360,20250505,20250501,ONLINE,Mendoza,10,Promotor,1,0,0,
13000002361,20250505,20250501,OFFLINE,,9,Promotor,1,0,0,Muy conforme con la calidad
13000002362,20250506,20250501,ONLINE,Buenos Aires,9,Promotor,1,0,0,
13000002363,20250506,20250501,OFFLINE,Santa Fe,10,Promotor,1,0,0,"Excelente botella, mantiene la temperatura"
13000002364,20250506,20250501,OFFLINE,,10,Promotor,1,0,0,
13000002365,20250506,20250501,ONLINE,Santa Fe,8,Pasivo,0,1,0,La entrega podría ser más rápida
13000002366,20250507,20250501,ONLINE,Córdoba,5,Detractor,0,0,1,Tardó mucho más de lo esperado
13000002368,20250507,20250501,ONLINE,Buenos Aires,9,Promotor,1,0,0,
13000002369,20250507,20250501,ONLINE,Córdoba,9,Promotor,1,0,0,"Excelente botella, mantiene la temperatura"
13000002370,20250507,20250501,ONLINE,Buenos Aires,10,Promotor,1,0,0,
13000002371,20250507,20250501,OFFLINE,Buenos Aires,7,Pasivo,0,1,0,"Buen producto, un poco caro"
13000002372,20250507,20250501,ONLINE,Mendoza,10,Promotor,1,0,0,Todo perfecto
13000002373,20250507,20250501,OFFLINE,Buenos Aires,9,Promotor,1,0,0,Muy buena atención en la tienda
13000002374,20250508,20250501,OFFLINE,Mendoza,8,Pasivo,0,1,0,Podría mejorar el empaque
13000002375,20250508,20250501,OFFLINE,,8,Pasivo,0,1,0,"Correcto, sin sorpresas"
13000002376,20250508,20250501,OFFLINE,,9,Promotor,1,0,0,Muy buena atención en la tienda
13000002377,20250509,20250501,ONLINE,Mendoza,9,Promotor,1,0,0,"Excelente botella, mantiene la temperatura"
13000002378,20250509,20250501,OFFLINE,,5,Detractor,0,0,1,No cumplió mis expectativas
13000002379,20250509,20250501,OFFLINE,,10,Promotor,1,0,0,Todo perfecto
13000002380,20250509,20250501,ONLINE,Córdoba,8,Pasivo,0,1,0,La entrega podría ser más rápida
13000002381,20250509,20250501,OFFLINE,,9,Promotor,1,0,0,Volvería a comprar
13000002382,20250510,20250501,ONLINE,Santa Fe,10,Promotor,1,0,0,
13000002383,20250510,20250501,OFFLINE,Santa Fe,10,Promotor,1,0,0,
13000002384,20250510,20250501,OFFLINE,,10,Promotor,1,0,0,
13000002385,20250511,20250501,ONLINE,Santa Fe,8,Pasivo,0,1,0,La entrega podría ser más rápida
13000002386,20250511,20250501,OFFLINE,,6,Detractor,0,0,1,
13000002387,20250511,20250501,OFFLINE,,9,Promotor,1,0,0,
13000002388,20250511,20250501,OFFLINE,Santa Fe,9,Promotor,1,0,0,Muy buena atención en la tienda
13000002389,20250512,20250501,ONLINE,Santa Fe,9,Promotor,1,0,0,
13000002390,20250512,20250501,ONLINE,Mendoza,7,Pasivo,0,1,0,La entrega podría ser más rápida
13000002391,20250512,20250501,ONLINE,Santa Fe,10,Promotor,1,0,0,"Excelente botella, mantiene la temperatura"
13000002392,20250513,20250501,OFFLINE,Buenos Aires,10,Promotor,1,0,0,"Excelente botella, mantiene la temperatura"
13000002393,20250513,20250501,ONLINE,Santa Fe,9,Promotor,1,0,0,
13000002394,20250513,20250501,ONLINE,Córdoba,4,Detractor,0,0,1,Tardó mucho más de lo esperado
13000002396,20250514,20250501,OFFLINE,Buenos Aires,7,Pasivo,0,1,0,
13000002397,20250514,20250501,ONLINE,Buenos Aires,10,Promotor,1,0,0,Entrega rápida y producto excelente
13000002398,20250514,20250501,ONLINE,Buenos Aires,8,Pasivo,0,1,0,La entrega podría ser más rápida
13000002399,20250515,20250501,ONLINE,Buenos Aires,10,Promotor,1,0,0,
13000002400,20250515,20250501,ONLINE,Buenos Aires,10,Promotor,1,0,0,Entrega rápida y producto excelente
13000002401,20250515,20250501,ONLINE,Córdoba,10,Promotor,1,0,0,Entrega rápida y producto excelente
13000002402,20250515,20250501,ONLINE,Córdoba,8,Pasivo,0,1,0,
13000002403,20250515,20250501,ONLINE,Buenos Aires,10,Promotor,1,0,0,"Excelente botella, mantiene la temperatura"
13000002404,20250515,20250501,ONLINE,Santa Fe,8,Pasivo,0,1,0,
13000002406,20250515,20250501,OFFLINE,Buenos Aires,10,Promotor,1,0,0,Muy buena atención en la tienda
13000002407,20250515,20250501,ONLINE,Córdoba,10,Promotor,1,0,0,
13000002408,20250516,20250501,ONLINE,Buenos Aires,8,Pasivo,0,1,0,
13000002409,20250516,20250501,ONLINE,Mendoza,10,Promotor,1,0,0,
13000002410,20250516,20250501,ONLINE,Córdoba,7,Pasivo,0,1,0,La entrega podría ser más rápida
13000002411,20250516,20250501,ONLINE,Buenos Aires,8,Pasivo,0,1,0,La entrega podría ser más rápida
13000002412,20250516,20250501,ONLINE,Buenos Aires,10,Promotor,1,0,0,Entrega rápida y producto excelente
13000002413,20250516,20250501,ONLINE,Mendoza,10,Promotor,1,0,0,Entrega rápida y producto excelente
13000002414,20250517,20250501,ONLINE,Santa Fe,10,Promotor,1,0,0,
13000002415,20250519,20250501,OFFLINE,Buenos Aires,8,Pasivo,0,1,0,
13000002416,20250519,20250501,OFFLINE,Mendoza,7,Pasivo,0,1,0,"Buen producto, un poco caro"
13000002417,20250519,20250501,ONLINE,Buenos Aires,8,Pasivo,0,1,0,La entrega podría ser más rápida
13000002419,20250519,20250501,ONLINE,Buenos Aires,8,Pasivo,0,1,0,"Buen producto, un poco caro"
13000002420,20250519,20250501,ONLINE,Buenos Aires,8,Pasivo,0,1,0,
13000002421,20250519,20250501,ONLINE,Córdoba,7,Pasivo,0,1,0,
13000002422,20250520,20250501,ONLINE,Buenos Aires,9,Promotor,1,0,0,Entrega rápida y producto excelente
13000002423,20250520,20250501,OFFLINE,,10,Promotor,1,0,0,Todo perfecto
13000002424,20250521,20250501,ONLINE,Mendoza,10,Promotor,1,0,0,"Excelente botella, mantiene la temperatura"
13000002425,20250521,20250501,ONLINE,Córdoba,9,Promotor,1,0,0,Entrega rápida y producto excelente
13000002426,20250521,20250501,ONLINE,Buenos Aires,10,Promotor,1,0,0,"Excelente botella, mantiene la temperatura"
13000002427,20250522,20250501,ONLINE,Buenos Aires,6,Detractor,0,0,1,La tapa pierde líquido
13000002428,20250522,20250501,ONLINE,Córdoba,8,Pasivo,0,1,0,La entrega podría ser más rápida
13000002429,20250522,20250501,ONLINE,Buenos Aires,9,Promotor,1,0,0,Volvería a comprar
13000002430,20250522,20250501,ONLINE,Buenos Aires,10,Promotor,1,0,0,"Excelente botella, mantiene la temperatura"
13000002431,20250523,20250501,ONLINE,Buenos Aires,9,Promotor,1,0,0,Entrega rápida y producto excelente
13000002432,20250523,20250501,ONLINE,Buenos Aires,9,Promotor,1,0,0,Entrega rápida y producto excelente
13000002433,20250523,20250501,ONLINE,Mendoza,10,Promotor,1,0,0,
13000002434,20250523,20250501,ONLINE,Buenos Aires,10,Promotor,1,0,0,Entrega rápida y producto excelente
13000002435,20250523,20250501,ONLINE,Buenos Aires,7,Pasivo,0,1,0,Me gustaría más variedad de colores
13000002436,20250523,20250501,ONLINE,Buenos Aires,7,Pasivo,0,1,0,
13000002437,20250523,20250501,ONLINE,Buenos Aires,10,Promotor,1,0,0,
13000002438,20250523,20250501,ONLINE,Buenos Aires,10,Promotor,1,0,0,
13000002439,20250524,20250501,OFFLINE,,9,Promotor,1,0,0,Muy buena atención en la tienda
13000002440,20250524,20250501,ONLINE,Córdoba,10,Promotor,1,0,0,
13000002441,20250524,20250501,ONLINE,Buenos Aires,10,Promotor,1,0,0,Volvería a comprar
13000002442,20250524,20250501,OFFLINE,,6,Detractor,0,0,1,La tapa pierde líquido
13000002443,20250526,20250501,ONLINE,Buenos Aires,8,Pasivo,0,1,0,"Buen producto, un poco caro"
13000002444,20250526,20250501,ONLINE,Buenos Aires,6,Detractor,0,0,1,Tuve que devolverlo
13000002445,20250526,20250501,ONLINE,Buenos Aires,10,Promotor,1,0,0,Entrega rápida y producto excelente
13000002446,20250526,20250501,ONLINE,Córdoba,6,Detractor,0,0,1,No cumplió mis expectativas
13000002447,20250526,20250501,ONLINE,Buenos Aires,8,Pasivo,0,1,0,La entrega podría ser más rápida
13000002448,20250526,20250501,ONLINE,Buenos Aires,10,Promotor,1,0,0,"Excelente botella, mantiene la temperatura"
13000002449,20250526,20250501,ONLINE,Buenos Aires,9,Promotor,1,0,0,"Excelente botella, mantiene la temperatura"
13000002450,20250526,20250501,ONLINE,Buenos Aires,5,Detractor,0,0,1,Llegó con la caja dañada
13000002451,20250526,20250501,ONLINE,Córdoba,8,Pasivo,0,1,0,
13000002452,20250526,20250501,ONLINE,Buenos Aires,7,Pasivo,0,1,0,Podría mejorar el empaque
13000002453,20250526,20250501,ONLINE,Santa Fe,10,Promotor,1,0,0,
13000002454,20250526,20250501,ONLINE,Mendoza,4,Detractor,0,0,1,El envío demoró y nadie me avisó
13000002455,20250527,20250501,ONLINE,Buenos Aires,9,Promotor,1,0,0,Entrega rápida y producto excelente
13000002456,20250527,20250501,ONLINE,Córdoba,5,Detractor,0,0,1,Llegó con la caja dañada
13000002457,20250527,20250501,ONLINE,Córdoba,5,Detractor,0,0,1,Tardó mucho más de lo esperado
13000002458,20250527,20250501,ONLINE,Buenos Aires,8,Pasivo,0,1,0,
13000002459,20250527,20250501,OFFLINE,,10,Promotor,1,0,0,Volvería a comprar
13000002460,20250527,20250501,ONLINE,Buenos Aires,9,Promotor,1,0,0,Entrega rápida y producto excelente
13000002461,20250527,20250501,ONLINE,Córdoba,7,Pasivo,0,1,0,"Buen producto, un poco caro"
13000002463,20250527,20250501,ONLINE,Mendoza,5,Detractor,0,0,1,Tuve que devolverlo
13000002464,20250527,20250501,ONLINE,Santa Fe,8,Pasivo,0,1,0,Me gustaría más variedad de colores
13000002465,20250527,20250501,OFFLINE,Córdoba,9,Promotor,1,0,0,
13000002466,20250527,20250501,ONLINE,Mendoza,6,Detractor,0,0,1,
13000002467,20250527,20250501,ONLINE,Córdoba,6,Detractor,0,0,1,
13000002468,20250528,20250501,ONLINE,Mendoza,8,Pasivo,0,1,0,"Correcto, sin sorpresas"
13000002469,20250528,20250501,ONLINE,Córdoba,9,Promotor,1,0,0,
13000002470,20250528,20250501,ONLINE,Santa Fe,8,Pasivo,0,1,0,Me gustaría más variedad de colores
13000002471,20250528,20250501,ONLINE,Mendoza,10,Promotor,1,0,0,Muy conforme con la calidad
13000002472,20250528,20250501,ONLINE,Santa Fe,7,Pasivo,0,1,0,
13000002473,20250528,20250501,OFFLINE,,10,Promotor,1,0,0,Muy buena atención en la tienda
13000002474,20250528,20250501,ONLINE,Mendoza,9,Promotor,1,0,0,
13000002475,20250528,20250501,ONLINE,Córdoba,8,Pasivo,0,1,0,La entrega podría ser más rápida
13000002476,20250528,20250501,ONLINE,Córdoba,10,Promotor,1,0,0,Entrega rápida y producto excelente
13000002477,20250528,20250501,ONLINE,Córdoba,8,Pasivo,0,1,0,
13000002478,20250528,20250501,OFFLINE,Mendoza,8,Pasivo,0,1,0,
13000002479,20250528,20250501,ONLINE,Mendoza,5,Detractor,0,0,1,La tapa pierde líquido
13000002480,20250528,20250501,ONLINE,Córdoba,6,Detractor,0,0,1,La tapa pierde líquido
13000002481,20250528,20250501,OFFLINE,Mendoza,8,Pasivo,0,1,0,
13000002482,20250528,20250501,OFFLINE,Santa Fe,7,Pasivo,0,1,0,
13000002483,20250528,20250501,ONLINE,Córdoba,5,Detractor,0,0,1,La tapa pierde líquido
13000002484,20250528,20250501,ONLINE,Buenos Aires,9,Promotor,1,0,0,
13000002485,20250528,20250501,ONLINE,Buenos Aires,7,Pasivo,0,1,0,
13000002486,20250529,20250501,ONLINE,Córdoba,9,Promotor,1,0,0,Entrega rápida y producto excelente
13000002487,20250529,20250501,OFFLINE,,7,Pasivo,0,1,0,Me gustaría más variedad de colores
13000002488,20250529,20250501,OFFLINE,Córdoba,10,Promotor,1,0,0,Muy buena atención en la tienda
13000002489,20250529,20250501,ONLINE,Buenos Aires,9,Promotor,1,0,0,Entrega rápida y producto excelente
13000002490,20250529,20250501,ONLINE,Buenos Aires,9,Promotor,1,0,0,Entrega rápida y producto excelente
13000002491,20250529,20250501,ONLINE,Buenos Aires,7,Pasivo,0,1,0,Podría mejorar el empaque
13000002492,20250529,20250501,ONLINE,Córdoba,2,Detractor,0,0,1,El envío demoró y nadie me avisó
13000002493,20250530,20250501,ONLINE,Santa Fe,6,Detractor,0,0,1,Tardó mucho más de lo esperado
13000002494,20250530,20250501,ONLINE,Córdoba,6,Detractor,0,0,1,El envío demoró y nadie me avisó
13000002495,20250531,20250501,OFFLINE,Buenos Aires,9,Promotor,1,0,0,Volvería a comprar
13000002496,20250531,20250501,ONLINE,Córdoba,7,Pasivo,0,1,0,Me gustaría más variedad de colores
13000002497,20250531,20250501,OFFLINE,Santa Fe,8,Pasivo,0,1,0,
13000002498,20250531,20250501,OFFLINE,,8,Pasivo,0,1,0,"Buen producto, un poco caro"
13000002499,20250601,20250601,ONLINE,Córdoba,3,Detractor,0,0,1,La tapa pierde líquido
13000002500,20250601,20250601,OFFLINE,Buenos Aires,10,Promotor,1,0,0,Muy buena atención en la tienda
13000002501,20250601,20250601,OFFLINE,Córdoba,9,Promotor,1,0,0,
13000002502,20250602,20250601,ONLINE,Córdoba,10,Promotor,1,0,0,Muy conforme con la calidad
13000002503,20250602,20250601,ONLINE,Buenos Aires,10,Promotor,1,0,0,
13000002504,20250602,20250601,ONLINE,Buenos Aires,7,Pasivo,0,1,0,"Buen producto, un poco caro"
13000002505,20250603,20250601,OFFLINE,Mendoza,8,Pasivo,0,1,0,
13000002506,20250603,20250601,OFFLINE,Córdoba,8,Pasivo,0,1,0,
13000002507,20250603,20250601,ONLINE,Buenos Aires,10,Promotor,1,0,0,"Excelente botella, mantiene la temperatura"
13000002508,20250603,20250601,ONLINE,Santa Fe,9,Promotor,1,0,0,
13000002509,20250604,20250601,OFFLINE,,8,Pasivo,0,1,0,
13000002510,20250604,20250601,ONLINE,Buenos Aires,9,Promotor,1,0,0,Volvería a comprar
13000002513,20250604,20250601,ONLINE,Buenos Aires,10,Promotor,1,0,0,Muy conforme con la calidad
13000002514,20250604,20250601,ONLINE,Buenos Aires,7,Pasivo,0,1,0,
13000002515,20250605,20250601,OFFLINE,Santa Fe,10,Promotor,1,0,0,Muy conforme con la calidad
13000002516,20250605,20250601,ONLINE,Buenos Aires,10,Promotor,1,0,0,Entrega rápida y producto excelente
13000002518,20250605,20250601,ONLINE,Buenos Aires,8,Pasivo,0,1,0,La entrega podría ser más rápida
13000002519,20250606,20250601,ONLINE,Santa Fe,9,Promotor,1,0,0,
13000002520,20250606,20250601,ONLINE,Santa Fe,8,Pasivo,0,1,0,
13000002521,20250607,20250601,ONLINE,Santa Fe,8,Pasivo,0,1,0,Me gustaría más variedad de colores
13000002523,20250607,20250601,OFFLINE,Buenos Aires,8,Pasivo,0,1,0,
13000002524,20250607,20250601,OFFLINE,,8,Pasivo,0,1,0,"Buen producto, un poco caro"
13000002525,20250608,20250601,ONLINE,Mendoza,8,Pasivo,0,1,0,
13000002526,20250608,20250601,OFFLINE,Córdoba,10,Promotor,1,0,0,
13000002527,20250608,20250601,ONLINE,Buenos Aires,9,Promotor,1,0,0,
13000002528,20250608,20250601,OFFLINE,Córdoba,10,Promotor,1,0,0,
13000002529,20250608,20250601,OFFLINE,,9,Promotor,1,0,0,Muy buena atención en la tienda
13000002530,20250608,20250601,OFFLINE,Santa Fe,6,Detractor,0,0,1,
13000002531,20250608,20250601,OFFLINE,,8,Pasivo,0,1,0,"Buen producto, un poco caro"
13000002532,20250608,20250601,OFFLINE,Mendoza,10,Promotor,1,0,0,Muy buena atención en la tienda
13000002533,20250608,20250601,OFFLINE,Córdoba,9,Promotor,1,0,0,
13000002534,20250609,20250601,ONLINE,Buenos Aires,10,Promotor,1,0,0,"Excelente botella, mantiene la temperatura"
13000002535,20250609,20250601,ONLINE,Buenos Aires,9,Promotor,1,0,0,Entrega rápida y producto excelente
13000002536,20250609,20250601,OFFLINE,Santa Fe,8,Pasivo,0,1,0,
13000002537,20250610,20250601,ONLINE,Mendoza,9,Promotor,1,0,0,
13000002538,20250610,20250601,ONLINE,Mendoza,5,Detractor,0,0,1,
13000002539,20250610,20250601,ONLINE,Santa Fe,10,Promotor,1,0,0,Muy conforme con la calidad
13000002540,20250610,20250601,ONLINE,Córdoba,10,Promotor,1,0,0,
13000002541,20250611,20250601,ONLINE,Santa Fe,9,Promotor,1,0,0,
13000002542,20250611,20250601,ONLINE,Buenos Aires,10,Promotor,1,0,0,Entrega rápida y producto excelente
13000002543,20250611,20250601,OFFLINE,Córdoba,5,Detractor,0,0,1,Llegó con la caja dañada
13000002544,20250612,20250601,ONLINE,Santa Fe,9,Promotor,1,0,0,Entrega rápida y producto excelente
13000002545,20250612,20250601,OFFLINE,,8,Pasivo,0,1,0,
13000002546,20250612,20250601,OFFLINE,Buenos Aires,9,Promotor,1,0,0,Volvería a comprar
13000002547,20250612,20250601,ONLINE,Buenos Aires,7,Pasivo,0,1,0,La entrega podría ser más rápida
13000002548,20250612,20250601,ONLINE,Santa Fe,8,Pasivo,0,1,0,"Buen producto, un poco caro"
13000002549,20250612,20250601,ONLINE,Mendoza,8,Pasivo,0,1,0,"Correcto, sin sorpresas"
13000002550,20250612,20250601,ONLINE,Buenos Aires,10,Promotor,1,0,0,Todo perfecto
13000002551,20250612,20250601,ONLINE,Buenos Aires,9,Promotor,1,0,0,Todo perfecto
13000002552,20250612,20250601,OFFLINE,,10,Promotor,1,0,0,Muy conforme con la calidad
13000002553,20250612,20250601,ONLINE,Buenos Aires,6,Detractor,0,0,1,No cumplió mis expectativas
13000002554,20250612,20250601,ONLINE,Buenos Aires,10,Promotor,1,0,0,Todo perfecto
13000002555,20250612,20250601,OFFLINE,Santa Fe,9,Promotor,1,0,0,"Excelente botella, mantiene la temperatura"
13000002556,20250612,20250601,ONLINE,Santa Fe,9,Promotor,1,0,0,Volvería a comprar
13000002557,20250613,20250601,ONLINE,Córdoba,7,Pasivo,0,1,0,Podría mejorar el empaque
13000002558,20250613,20250601,OFFLINE,,9,Promotor,1,0,0,Volvería a comprar
13000002559,20250613,20250601,ONLINE,Buenos Aires,7,Pasivo,0,1,0,La entrega podría ser más rápida
13000002560,20250613,20250601,ONLINE,Mendoza,6,Detractor,0,0,1,Llegó con la caja dañada
13000002561,20250613,20250601,OFFLINE,,7,Pasivo,0,1,0,"Buen producto, un poco caro"
13000002562,20250613,20250601,ONLINE,Mendoza,7,Pasivo,0,1,0,La entrega podría ser más rápida
13000002563,20250613,20250601,OFFLINE,,10,Promotor,1,0,0,Muy buena atención en la tienda
13000002564,20250614,20250601,ONLINE,Buenos Aires,7,Pasivo,0,1,0,Podría mejorar el empaque
13000002565,20250614,20250601,ONLINE,Córdoba,8,Pasivo,0,1,0,
13000002566,20250614,20250601,ONLINE,Santa Fe,10,Promotor,1,0,0,"Excelente botella, mantiene la temperatura"
13000002567,20250614,20250601,OFFLINE,Buenos Aires,10,Promotor,1,0,0,
13000002568,20250615,20250601,OFFLINE,Buenos Aires,8,Pasivo,0,1,0,
13000002569,20250615,20250601,OFFLINE,,10,Promotor,1,0,0,Muy buena atención en la tienda
13000002571,20250616,20250601,ONLINE,Buenos Aires,9,Promotor,1,0,0,"Excelente botella, mantiene la temperatura"
13000002572,20250616,20250601,ONLINE,Buenos Aires,10,Promotor,1,0,0,"Excelente botella, mantiene la temperatura"
13000002574,20250617,20250601,ONLINE,Buenos Aires,10,Promotor,1,0,0,
13000002575,20250617,20250601,ONLINE,Córdoba,7,Pasivo,0,1,0,
13000002576,20250617,20250601,ONLINE,Buenos Aires,6,Detractor,0,0,1,La tapa pierde líquido
13000002577,20250617,20250601,ONLINE,Buenos Aires,7,Pasivo,0,1,0,Me gustaría más variedad de colores
13000002578,20250617,20250601,ONLINE,Buenos Aires,8,Pasivo,0,1,0,Podría mejorar el empaque
13000002579,20250618,20250601,ONLINE,Buenos Aires,7,Pasivo,0,1,0,Podría mejorar el empaque
13000002580,20250618,20250601,ONLINE,Santa Fe,9,Promotor,1,0,0,Entrega rápida y producto excelente
13000002581,20250618,20250601,OFFLINE,,10,Promotor,1,0,0,"Excelente botella, mantiene la temperatura"
13000002582,20250618,20250601,OFFLINE,,10,Promotor,1,0,0,Muy buena atención en la tienda
13000002583,20250618,20250601,ONLINE,Buenos Aires,7,Pasivo,0,1,0,
13000002584,20250618,20250601,ONLINE,Buenos Aires,9,Promotor,1,0,0,
13000002585,20250618,20250601,ONLINE,Buenos Aires,6,Detractor,0,0,1,La tapa pierde líquido
13000002586,20250618,20250601,ONLINE,Buenos Aires,8,Pasivo,0,1,0,
13000002587,20250618,20250601,ONLINE,Santa Fe,9,Promotor,1,0,0,
13000002588,20250619,20250601,OFFLINE,Córdoba,9,Promotor,1,0,0,"Excelente botella, mantiene la temperatura"
13000002589,20250619,20250601,OFFLINE,Córdoba,6,Detractor,0,0,1,Poco stock en la tienda
13000002590,20250619,20250601,ONLINE,Mendoza,7,Pasivo,0,1,0,"Correcto, sin sorpresas"
13000002591,20250619,20250601,ONLINE,Córdoba,5,Detractor,0,0,1,No cumplió mis expectativas
13000002592,20250619,20250601,ONLINE,Buenos Aires,7,Pasivo,0,1,0,
13000002593,20250619,20250601,ONLINE,Santa Fe,10,Promotor,1,0,0,
13000002594,20250619,20250601,ONLINE,Santa Fe,8,Pasivo,0,1,0,Me gustaría más variedad de colores
13000002595,20250620,20250601,ONLINE,Córdoba,10,Promotor,1,0,0,Entrega rápida y producto excelente
13000002596,20250620,20250601,ONLINE,Buenos Aires,7,Pasivo,0,1,0,
13000002597,20250620,20250601,ONLINE,Mendoza,9,Promotor,1,0,0,
13000002598,20250620,20250601,ONLINE,Santa Fe,7,Pasivo,0,1,0,
13000002599,20250620,20250601,ONLINE,Buenos Aires,10,Promotor,1,0,0,Entrega rápida y producto excelente
13000002601,20250621,20250601,OFFLINE,,10,Promotor,1,0,0,
13000002602,20250621,20250601,OFFLINE,Córdoba,8,Pasivo,0,1,0,
13000002603,20250622,20250601,OFFLINE,,10,Promotor,1,0,0,Muy buena atención en la tienda
13000002604,20250622,20250601,OFFLINE,,9,Promotor,1,0,0,"Excelente botella, mantiene la temperatura"
13000002605,20250622,20250601,OFFLINE,,8,Pasivo,0,1,0,Me gustaría más variedad de colores
13000002606,20250622,20250601,OFFLINE,Buenos Aires,7,Pasivo,0,1,0,"Correcto, sin sorpresas"
13000002607,20250622,20250601,OFFLINE,Buenos Aires,8,Pasivo,0,1,0,
13000002608,20250622,20250601,OFFLINE,Santa Fe,10,Promotor,1,0,0,Volvería a comprar
13000002609,20250623,20250601,OFFLINE,,6,Detractor,0,0,1,La tapa pierde líquido
13000002610,20250623,20250601,OFFLINE,,8,Pasivo,0,1,0,Podría mejorar el empaque
13000002611,20250623,20250601,OFFLINE,,7,Pasivo,0,1,0,
13000002612,20250623,20250601,ONLINE,Córdoba,7,Pasivo,0,1,0,Me gustaría más variedad de colores
13000002613,20250623,20250601,ONLINE,Buenos Aires,10,Promotor,1,0,0,Entrega rápida y producto excelente
13000002614,20250623,20250601,OFFLINE,Córdoba,8,Pasivo,0,1,0,
13000002615,20250623,20250601,ONLINE,Buenos Aires,8,Pasivo,0,1,0,
13000002616,20250623,20250601,ONLINE,Buenos Aires,9,Promotor,1,0,0,Todo perfecto
13000002617,20250623,20250601,ONLINE,Córdoba,9,Promotor,1,0,0,Entrega rápida y producto excelente
13000002618,20250623,20250601,OFFLINE,Córdoba,9,Promotor,1,0,0,
13000002619,20250623,20250601,ONLINE,Santa Fe,10,Promotor,1,0,0,Entrega rápida y producto excelente
13000002620,20250623,20250601,ONLINE,Córdoba,8,Pasivo,0,1,0,Podría mejorar el empaque
13000002622,20250624,20250601,ONLINE,Mendoza,7,Pasivo,0,1,0,
13000002623,20250624,20250601,OFFLINE,,8,Pasivo,0,1,0,
13000002624,20250624,20250601,OFFLINE,Buenos Aires,9,Promotor,1,0,0,
13000002625,20250624,20250601,ONLINE,Mendoza,10,Promotor,1,0,0,Volvería a comprar
13000002627,20250625,20250601,ONLINE,Santa Fe,5,Detractor,0,0,1,Tuve que devolverlo
13000002628,20250625,20250601,ONLINE,Córdoba,8,Pasivo,0,1,0,"Buen producto, un poco caro"
13000002629,20250625,20250601,ONLINE,Buenos Aires,7,Pasivo,0,1,0,"Correcto, sin sorpresas"
13000002630,20250625,20250601,OFFLINE,,7,Pasivo,0,1,0,
13000002631,20250625,20250601,ONLINE,Buenos Aires,7,Pasivo,0,1,0,"Buen producto, un poco caro"
13000002632,20250625,20250601,OFFLINE,Buenos Aires,10,Promotor,1,0,0,Volvería a comprar
13000002633,20250625,20250601,ONLINE,Buenos Aires,9,Promotor,1,0,0,"Excelente botella, mantiene la temperatura"
13000002634,20250625,20250601,ONLINE,Buenos Aires,10,Promotor,1,0,0,
13000002635,20250625,20250601,ONLINE,Córdoba,8,Pasivo,0,1,0,La entrega podría ser más rápida
13000002636,20250626,20250601,OFFLINE,Santa Fe,8,Pasivo,0,1,0,"Correcto, sin sorpresas"
13000002637,20250626,20250601,ONLINE,Buenos Aires,9,Promotor,1,0,0,
13000002638,20250626,20250601,ONLINE,Córdoba,6,Detractor,0,0,1,La tapa pierde líquido
13000002639,20250626,20250601,ONLINE,Santa Fe,8,Pasivo,0,1,0,
13000002640,20250626,20250601,ONLINE,Mendoza,10,Promotor,1,0,0,
13000002641,20250626,20250601,OFFLINE,Córdoba,9,Promotor,1,0,0,Muy conforme con la calidad
13000002642,20250626,20250601,ONLINE,Buenos Aires,9,Promotor,1,0,0,
13000002643,20250627,20250601,OFFLINE,Córdoba,5,Detractor,0,0,1,Poco stock en la tienda
13000002644,20250627,20250601,ONLINE,Buenos Aires,7,Pasivo,0,1,0,Podría mejorar el empaque
13000002645,20250627,20250601,OFFLINE,,10,Promotor,1,0,0,
13000002646,20250627,20250601,ONLINE,Santa Fe,10,Promotor,1,0,0,Muy conforme con la calidad
13000002647,20250627,20250601,ONLINE,Córdoba,8,Pasivo,0,1,0,
13000002648,20250627,20250601,ONLINE,Mendoza,9,Promotor,1,0,0,Entrega rápida y producto excelente
13000002649,20250627,20250601,ONLINE,Mendoza,8,Pasivo,0,1,0,La entrega podría ser más rápida
13000002650,20250628,20250601,ONLINE,Santa Fe,7,Pasivo,0,1,0,
13000002651,20250628,20250601,ONLINE,Santa Fe,7,Pasivo,0,1,0,La entrega podría ser más rápida
13000002652,20250628,20250601,ONLINE,Mendoza,6,Detractor,0,0,1,
13000002653,20250628,20250601,ONLINE,Córdoba,8,Pasivo,0,1,0,
13000002654,20250628,20250601,OFFLINE,Buenos Aires,9,Promotor,1,0,0,Muy buena atención en la tienda
13000002655,20250628,20250601,OFFLINE,,10,Promotor,1,0,0,Muy buena atención en la tienda
13000002657,20250629,20250601,OFFLINE,Mendoza,8,Pasivo,0,1,0,
13000002658,20250629,20250601,OFFLINE,,7,Pasivo,0,1,0,
13000002659,20250629,20250601,OFFLINE,Buenos Aires,7,Pasivo,0,1,0,Me gustaría más variedad de colores
13000002660,20250630,20250601,OFFLINE,,8,Pasivo,0,1,0,"Buen producto, un poco caro"
13000002661,20250630,20250601,ONLINE,Santa Fe,7,Pasivo,0,1,0,La entrega podría ser más rápida
13000002662,20250701,20250701,ONLINE,Buenos Aires,9,Promotor,1,0,0,"Excelente botella, mantiene la temperatura"
13000002663,20250701,20250701,ONLINE,Buenos Aires,6,Detractor,0,0,1,La tapa pierde líquido
13000002664,20250701,20250701,ONLINE,Buenos Aires,10,Promotor,1,0,0,
13000002665,20250702,20250701,OFFLINE,,9,Promotor,1,0,0,Volvería a comprar
13000002666,20250702,20250701,ONLINE,Buenos Aires,7,Pasivo,0,1,0,La entrega podría ser más rápida
13000002667,20250702,20250701,ONLINE,Córdoba,7,Pasivo,0,1,0,"Correcto, sin sorpresas"
13000002668,20250702,20250701,ONLINE,Córdoba,9,Promotor,1,0,0,
13000002669,20250702,20250701,ONLINE,Santa Fe,9,Promotor,1,0,0,Entrega rápida y producto excelente
13000002670,20250702,20250701,ONLINE,Santa Fe,4,Detractor,0,0,1,Llegó con la caja dañada
13000002671,20250702,20250701,ONLINE,Buenos Aires,6,Detractor,0,0,1,
13000002672,20250702,20250701,ONLINE,Buenos Aires,9,Promotor,1,0,0,
13000002673,20250702,20250701,ONLINE,Córdoba,7,Pasivo,0,1,0,
13000002674,20250703,20250701,ONLINE,Buenos Aires,9,Promotor,1,0,0,Entrega rápida y producto excelente
13000002675,20250703,20250701,ONLINE,Buenos Aires,10,Promotor,1,0,0,Entrega rápida y producto excelente
13000002676,20250703,20250701,ONLINE,Mendoza,6,Detractor,0,0,1,
13000002677,20250703,20250701,ONLINE,Buenos Aires,8,Pasivo,0,1,0,
13000002678,20250703,20250701,ONLINE,Santa Fe,8,Pasivo,0,1,0,La entrega podría ser más rápida
13000002679,20250704,20250701,ONLINE,Santa Fe,7,Pasivo,0,1,0,
13000002680,20250704,20250701,OFFLINE,Buenos Aires,5,Detractor,0,0,1,
13000002681,20250704,20250701,ONLINE,Buenos Aires,6,Detractor,0,0,1,La tapa pierde líquido
13000002682,20250704,20250701,ONLINE,Mendoza,9,Promotor,1,0,0,
13000002683,20250704,20250701,ONLINE,Córdoba,7,Pasivo,0,1,0,Podría mejorar el empaque
13000002684,20250705,20250701,OFFLINE,Santa Fe,7,Pasivo,0,1,0,
13000002685,20250705,20250701,ONLINE,Santa Fe,10,Promotor,1,0,0,Muy conforme con la calidad
13000002686,20250706,20250701,OFFLINE,,10,Promotor,1,0,0,
13000002687,20250706,20250701,OFFLINE,Santa Fe,10,Promotor,1,0,0,Muy buena atención en la tienda
13000002688,20250707,20250701,ONLINE,Mendoza,8,Pasivo,0,1,0,La entrega podría ser más rápida
13000002689,20250707,20250701,ONLINE,Santa Fe,8,Pasivo,0,1,0,La entrega podría ser más rápida
13000002690,20250707,20250701,ONLINE,Buenos Aires,8,Pasivo,0,1,0,
13000002691,20250708,20250701,OFFLINE,Buenos Aires,7,Pasivo,0,1,0,"Buen producto, un poco caro"
13000002692,20250708,20250701,ONLINE,Santa Fe,10,Promotor,1,0,0,Entrega rápida y producto excelente
13000002693,20250709,20250701,OFFLINE,Santa Fe,7,Pasivo,0,1,0,"Buen producto, un poco caro"
13000002694,20250709,20250701,ONLINE,Buenos Aires,8,Pasivo,0,1,0,La entrega podría ser más rápida
13000002695,20250709,20250701,ONLINE,Córdoba,8,Pasivo,0,1,0,
13000002696,20250709,20250701,ONLINE,Buenos Aires,8,Pasivo,0,1,0,
13000002697,20250709,20250701,ONLINE,Córdoba,10,Promotor,1,0,0,Entrega rápida y producto excelente
13000002698,20250710,20250701,ONLINE,Buenos Aires,8,Pasivo,0,1,0,La entrega podría ser más rápida
13000002699,20250710,20250701,ONLINE,Córdoba,10,Promotor,1,0,0,Entrega rápida y producto excelente
13000002700,20250710,20250701,ONLINE,Mendoza,7,Pasivo,0,1,0,Podría mejorar el empaque
13000002701,20250710,20250701,OFFLINE,Córdoba,5,Detractor,0,0,1,
13000002702,20250710,20250701,ONLINE,Buenos Aires,8,Pasivo,0,1,0,
13000002703,20250710,20250701,ONLINE,Santa Fe,10,Promotor,1,0,0,"Excelente botella, mantiene la temperatura"
13000002704,20250710,20250701,ONLINE,Santa Fe,10,Promotor,1,0,0,Entrega rápida y producto excelente
13000002705,20250711,20250701,ONLINE,Mendoza,9,Promotor,1,0,0,Muy conforme con la calidad
13000002706,20250711,20250701,ONLINE,Mendoza,8,Pasivo,0,1,0,La entrega podría ser más rápida
13000002707,20250711,20250701,OFFLINE,,9,Promotor,1,0,0,Muy conforme con la calidad
13000002708,20250711,20250701,ONLINE,Córdoba,8,Pasivo,0,1,0,La entrega podría ser más rápida
13000002709,20250712,20250701,OFFLINE,,9,Promotor,1,0,0,
13000002711,20250713,20250701,OFFLINE,Córdoba,10,Promotor,1,0,0,
13000002712,20250713,20250701,OFFLINE,,7,Pasivo,0,1,0,Me gustaría más variedad de colores
13000002713,20250714,20250701,ONLINE,Santa Fe,7,Pasivo,0,1,0,"Buen producto, un poco caro"
13000002714,20250714,20250701,OFFLINE,Santa Fe,4,Detractor,0,0,1,
13000002715,20250714,20250701,ONLINE,Buenos Aires,8,Pasivo,0,1,0,"Buen producto, un poco caro"
13000002716,20250714,20250701,ONLINE,Mendoza,9,Promotor,1,0,0,Muy conforme con la calidad
13000002717,20250714,20250701,ONLINE,Buenos Aires,7,Pasivo,0,1,0,
13000002718,20250714,20250701,ONLINE,Buenos Aires,8,Pasivo,0,1,0,
13000002719,20250715,20250701,ONLINE,Buenos Aires,8,Pasivo,0,1,0,
13000002720,20250715,20250701,OFFLINE,,9,Promotor,1,0,0,Muy buena atención en la tienda
13000002721,20250715,20250701,ONLINE,Buenos Aires,10,Promotor,1,0,0,Entrega rápida y producto excelente
13000002722,20250715,20250701,ONLINE,Santa Fe,8,Pasivo,0,1,0,
13000002723,20250715,20250701,OFFLINE,,7,Pasivo,0,1,0,
13000002724,20250715,20250701,OFFLINE,,10,Promotor,1,0,0,
13000002725,20250716,20250701,ONLINE,Mendoza,10,Promotor,1,0,0,Entrega rápida y producto excelente
13000002726,20250716,20250701,OFFLINE,Córdoba,10,Promotor,1,0,0,Volvería a comprar
13000002727,20250716,20250701,ONLINE,Santa Fe,9,Promotor,1,0,0,
13000002728,20250716,20250701,ONLINE,Santa Fe,6,Detractor,0,0,1,No cumplió mis expectativas
13000002729,20250716,20250701,ONLINE,Buenos Aires,9,Promotor,1,0,0,
13000002730,20250716,20250701,ONLINE,Santa Fe,5,Detractor,0,0,1,Llegó con la caja dañada
13000002731,20250717,20250701,ONLINE,Santa Fe,10,Promotor,1,0,0,"Excelente botella, mantiene la temperatura"
13000002733,20250717,20250701,ONLINE,Córdoba,4,Detractor,0,0,1,Tardó mucho más de lo esperado
13000002734,20250717,20250701,OFFLINE,Córdoba,8,Pasivo,0,1,0,Podría mejorar el empaque
13000002735,20250718,20250701,ONLINE,Córdoba,10,Promotor,1,0,0,
13000002736,20250718,20250701,ONLINE,Buenos Aires,9,Promotor,1,0,0,
13000002737,20250718,20250701,ONLINE,Buenos Aires,9,Promotor,1,0,0,Entrega rápida y producto excelente
13000002738,20250718,20250701,ONLINE,Buenos Aires,7,Pasivo,0,1,0,La entrega podría ser más rápida
13000002739,20250719,20250701,ONLINE,Buenos Aires,9,Promotor,1,0,0,
13000002740,20250719,20250701,OFFLINE,Santa Fe,7,Pasivo,0,1,0,Podría mejorar el empaque
13000002741,20250719,20250701,OFFLINE,,8,Pasivo,0,1,0,"Buen producto, un poco caro"
13000002742,20250721,20250701,ONLINE,Santa Fe,8,Pasivo,0,1,0,
13000002743,20250721,20250701,ONLINE,Buenos Aires,10,Promotor,1,0,0,Entrega rápida y producto excelente
13000002744,20250721,20250701,ONLINE,Buenos Aires,10,Promotor,1,0,0,"Excelente botella, mantiene la temperatura"
13000002745,20250721,20250701,ONLINE,Santa Fe,6,Detractor,0,0,1,Tardó mucho más de lo esperado
13000002746,20250721,20250701,OFFLINE,Santa Fe,10,Promotor,1,0,0,Muy buena atención en la tienda
13000002747,20250722,20250701,ONLINE,Buenos Aires,9,Promotor,1,0,0,Entrega rápida y producto excelente
13000002748,20250722,20250701,ONLINE,Buenos Aires,7,Pasivo,0,1,0,La entrega podría ser más rápida
13000002749,20250722,20250701,ONLINE,Mendoza,6,Detractor,0,0,1,El envío demoró y nadie me avisó
13000002750,20250723,20250701,ONLINE,Buenos Aires,9,Promotor,1,0,0,Muy conforme con la calidad
13000002751,20250723,20250701,ONLINE,Córdoba,6,Detractor,0,0,1,Llegó con la caja dañada
13000002752,20250723,20250701,ONLINE,Córdoba,7,Pasivo,0,1,0,Me gustaría más variedad de colores
13000002753,20250723,20250701,ONLINE,Santa Fe,10,Promotor,1,0,0,
13000002754,20250723,20250701,ONLINE,Buenos Aires,10,Promotor,1,0,0,Volvería a comprar
13000002755,20250723,20250701,OFFLINE,Mendoza,8,Pasivo,0,1,0,
13000002756,20250723,20250701,ONLINE,Buenos Aires,8,Pasivo,0,1,0,
13000002757,20250723,20250701,ONLINE,Buenos Aires,8,Pasivo,0,1,0,"Correcto, sin sorpresas"
13000002758,20250724,20250701,ONLINE,Santa Fe,10,Promotor,1,0,0,
13000002759,20250724,20250701,ONLINE,Santa Fe,10,Promotor,1,0,0,Entrega rápida y producto excelente
13000002760,20250724,20250701,OFFLINE,Mendoza,10,Promotor,1,0,0,Muy conforme con la calidad
13000002761,20250724,20250701,ONLINE,Buenos Aires,8,Pasivo,0,1,0,Me gustaría más variedad de colores
13000002763,20250724,20250701,ONLINE,Buenos Aires,2,Detractor,0,0,1,
13000002764,20250724,20250701,OFFLINE,Mendoza,7,Pasivo,0,1,0,Podría mejorar el empaque
13000002765,20250725,20250701,ONLINE,Buenos Aires,6,Detractor,0,0,1,No cumplió mis expectativas
13000002766,20250725,20250701,ONLINE,Buenos Aires,6,Detractor,0,0,1,La tapa pierde líquido
13000002767,20250725,20250701,ONLINE,Buenos Aires,8,Pasivo,0,1,0,"Correcto, sin sorpresas"
13000002768,20250725,20250701,OFFLINE,Buenos Aires,4,Detractor,0,0,1,La tapa pierde líquido
13000002769,20250725,20250701,OFFLINE,,7,Pasivo,0,1,0,
13000002770,20250725,20250701,ONLINE,Buenos Aires,10,Promotor,1,0,0,"Excelente botella, mantiene la temperatura"
13000002771,20250726,20250701,OFFLINE,Córdoba,10,Promotor,1,0,0,Muy buena atención en la tienda
13000002772,20250726,20250701,ONLINE,Santa Fe,8,Pasivo,0,1,0,
13000002773,20250727,20250701,OFFLINE,,10,Promotor,1,0,0,"Excelente botella, mantiene la temperatura"
13000002774,20250727,20250701,OFFLINE,,9,Promotor,1,0,0,
13000002775,20250727,20250701,OFFLINE,Santa Fe,8,Pasivo,0,1,0,
13000002776,20250727,20250701,OFFLINE,Córdoba,10,Promotor,1,0,0,
13000002777,20250727,20250701,OFFLINE,,6,Detractor,0,0,1,Poco stock en la tienda
13000002778,20250728,20250701,ONLINE,Mendoza,7,Pasivo,0,1,0,
13000002779,20250728,20250701,ONLINE,Santa Fe,8,Pasivo,0,1,0,"Buen producto, un poco caro"
13000002780,20250728,20250701,ONLINE,Buenos Aires,9,Promotor,1,0,0,
13000002781,20250728,20250701,OFFLINE,Mendoza,9,Promotor,1,0,0,Muy buena atención en la tienda
13000002782,20250728,20250701,ONLINE,Córdoba,8,Pasivo,0,1,0,"Correcto, sin sorpresas"
13000002783,20250729,20250701,ONLINE,Buenos Aires,9,Promotor,1,0,0,Entrega rápida y producto excelente
13000002784,20250729,20250701,ONLINE,Córdoba,8,Pasivo,0,1,0,La entrega podría ser más rápida
13000002785,20250729,20250701,ONLINE,Buenos Aires,7,Pasivo,0,1,0,La entrega podría ser más rápida
13000002786,20250729,20250701,ONLINE,Santa Fe,9,Promotor,1,0,0,Entrega rápida y producto excelente
13000002787,20250729,20250701,ONLINE,Buenos Aires,8,Pasivo,0,1,0,
13000002788,20250729,20250701,OFFLINE,Mendoza,3,Detractor,0,0,1,Tuve que devolverlo
13000002789,20250729,20250701,ONLINE,Córdoba,7,Pasivo,0,1,0,Podría mejorar el empaque
13000002790,20250729,20250701,ONLINE,Córdoba,7,Pasivo,0,1,0,
13000002791,20250729,20250701,OFFLINE,,7,Pasivo,0,1,0,
13000002792,20250729,20250701,OFFLINE,,7,Pasivo,0,1,0,
13000002793,20250729,20250701,ONLINE,Buenos Aires,7,Pasivo,0,1,0,Podría mejorar el empaque
13000002794,20250730,20250701,ONLINE,Buenos Aires,6,Detractor,0,0,1,Llegó con la caja dañada
13000002795,20250730,20250701,OFFLINE,,10,Promotor,1,0,0,Muy conforme con la calidad
13000002796,20250730,20250701,OFFLINE,,9,Promotor,1,0,0,
13000002797,20250730,20250701,ONLINE,Buenos Aires,8,Pasivo,0,1,0,La entrega podría ser más rápida
13000002798,20250730,20250701,ONLINE,Santa Fe,3,Detractor,0,0,1,Tuve que devolverlo
13000002799,20250730,20250701,ONLINE,Buenos Aires,9,Promotor,1,0,0,
13000002800,20250731,20250701,ONLINE,Buenos Aires,10,Promotor,1,0,0,Entrega rápida y producto excelente
13000002801,20250731,20250701,ONLINE,Córdoba,10,Promotor,1,0,0,Entrega rápida y producto excelente
13000002802,20250731,20250701,ONLINE,Buenos Aires,7,Pasivo,0,1,0,
13000002803,20250731,20250701,OFFLINE,Córdoba,10,Promotor,1,0,0,
13000002804,20250731,20250701,OFFLINE,Santa Fe,8,Pasivo,0,1,0,
13000002805,20250801,20250801,ONLINE,Buenos Aires,10,Promotor,1,0,0,
13000002806,20250801,20250801,ONLINE,Buenos Aires,6,Detractor,0,0,1,Llegó con la caja dañada
13000002807,20250801,20250801,ONLINE,Mendoza,6,Detractor,0,0,1,La tapa pierde líquido
13000002808,20250801,20250801,ONLINE,Mendoza,9,Promotor,1,0,0,Todo perfecto
13000002809,20250802,20250801,ONLINE,Santa Fe,8,Pasivo,0,1,0,Me gustaría más variedad de colores
13000002810,20250802,20250801,OFFLINE,,10,Promotor,1,0,0,"Excelente botella, mantiene la temperatura"
13000002811,20250803,20250801,OFFLINE,,8,Pasivo,0,1,0,
13000002812,20250804,20250801,ONLINE,Mendoza,7,Pasivo,0,1,0,La entrega podría ser más rápida
13000002813,20250804,20250801,ONLINE,Buenos Aires,9,Promotor,1,0,0,Volvería a comprar
13000002814,20250804,20250801,ONLINE,Santa Fe,7,Pasivo,0,1,0,
13000002815,20250805,20250801,ONLINE,Buenos Aires,8,Pasivo,0,1,0,
13000002816,20250805,20250801,OFFLINE,Santa Fe,10,Promotor,1,0,0,
13000002817,20250806,20250801,ONLINE,Santa Fe,10,Promotor,1,0,0,
13000002818,20250806,20250801,ONLINE,Buenos Aires,8,Pasivo,0,1,0,
13000002819,20250806,20250801,ONLINE,Buenos Aires,10,Promotor,1,0,0,
13000002820,20250806,20250801,ONLINE,Córdoba,10,Promotor,1,0,0,
13000002821,20250806,20250801,ONLINE,Buenos Aires,8,Pasivo,0,1,0,Podría mejorar el empaque
13000002822,20250806,20250801,ONLINE,Santa Fe,10,Promotor,1,0,0,
13000002823,20250807,20250801,OFFLINE,,9,Promotor,1,0,0,Muy buena atención en la tienda
13000002824,20250807,20250801,OFFLINE,Mendoza,7,Pasivo,0,1,0,"Correcto, sin sorpresas"
13000002825,20250807,20250801,OFFLINE,Córdoba,8,Pasivo,0,1,0,"Buen producto, un poco caro"
13000002826,20250807,20250801,ONLINE,Córdoba,8,Pasivo,0,1,0,"Buen producto, un poco caro"
13000002827,20250807,20250801,ONLINE,Santa Fe,10,Promotor,1,0,0,Entrega rápida y producto excelente
13000002828,20250807,20250801,ONLINE,Buenos Aires,5,Detractor,0,0,1,Llegó con la caja dañada
13000002829,20250807,20250801,OFFLINE,Córdoba,3,Detractor,0,0,1,Tuve que devolverlo
13000002830,20250807,20250801,OFFLINE,Córdoba,8,Pasivo,0,1,0,
13000002831,20250807,20250801,ONLINE,Buenos Aires,9,Promotor,1,0,0,
13000002832,20250808,20250801,OFFLINE,,6,Detractor,0,0,1,Tuve que esperar mucho en la caja
13000002833,20250808,20250801,OFFLINE,,10,Promotor,1,0,0,Muy buena atención en la tienda
13000002834,20250809,20250801,OFFLINE,Buenos Aires,6,Detractor,0,0,1,Tuve que esperar mucho en la caja
13000002835,20250809,20250801,ONLINE,Buenos Aires,7,Pasivo,0,1,0,Podría mejorar el empaque
13000002836,20250811,20250801,ONLINE,Buenos Aires,9,Promotor,1,0,0,Volvería a comprar
13000002837,20250811,20250801,ONLINE,Córdoba,6,Detractor,0,0,1,La tapa pierde líquido
13000002838,20250811,20250801,ONLINE,Mendoza,6,Detractor,0,0,1,La tapa pierde líquido
13000002839,20250811,20250801,ONLINE,Buenos Aires,9,Promotor,1,0,0,
13000002840,20250811,20250801,ONLINE,Santa Fe,8,Pasivo,0,1,0,
13000002841,20250812,20250801,ONLINE,Santa Fe,10,Promotor,1,0,0,
13000002842,20250812,20250801,OFFLINE,Buenos Aires,10,Promotor,1,0,0,Muy buena atención en la tienda
13000002843,20250812,20250801,ONLINE,Buenos Aires,8,Pasivo,0,1,0,La entrega podría ser más rápida
13000002844,20250813,20250801,ONLINE,Santa Fe,6,Detractor,0,0,1,Tardó mucho más de lo esperado
13000002845,20250813,20250801,ONLINE,Buenos Aires,7,Pasivo,0,1,0,La entrega podría ser más rápida
13000002846,20250813,20250801,ONLINE,Córdoba,7,Pasivo,0,1,0,
13000002847,20250813,20250801,OFFLINE,Buenos Aires,9,Promotor,1,0,0,"Excelente botella, mantiene la temperatura"
13000002848,20250813,20250801,OFFLINE,Buenos Aires,9,Promotor,1,0,0,Muy buena atención en la tienda
13000002849,20250813,20250801,OFFLINE,Buenos Aires,8,Pasivo,0,1,0,
13000002850,20250814,20250801,ONLINE,Buenos Aires,7,Pasivo,0,1,0,
13000002851,20250814,20250801,ONLINE,Buenos Aires,8,Pasivo,0,1,0,
13000002852,20250814,20250801,OFFLINE,,10,Promotor,1,0,0,
13000002853,20250814,20250801,OFFLINE,,8,Pasivo,0,1,0,"Buen producto, un poco caro"
13000002854,20250814,20250801,ONLINE,Córdoba,8,Pasivo,0,1,0,
13000002855,20250814,20250801,ONLINE,Buenos Aires,7,Pasivo,0,1,0,
13000002856,20250815,20250801,ONLINE,Buenos Aires,8,Pasivo,0,1,0,
13000002857,20250815,20250801,ONLINE,Buenos Aires,8,Pasivo,0,1,0,"Buen producto, un poco caro"
13000002858,20250815,20250801,OFFLINE,,8,Pasivo,0,1,0,Me gustaría más variedad de colores
13000002859,20250815,20250801,ONLINE,Córdoba,4,Detractor,0,0,1,Tuve que devolverlo
13000002860,20250815,20250801,ONLINE,Santa Fe,7,Pasivo,0,1,0,Me gustaría más variedad de colores
13000002861,20250815,20250801,OFFLINE,,8,Pasivo,0,1,0,"Buen producto, un poco caro"
13000002862,20250815,20250801,ONLINE,Mendoza,8,Pasivo,0,1,0,Podría mejorar el empaque
13000002863,20250815,20250801,ONLINE,Buenos Aires,10,Promotor,1,0,0,Entrega rápida y producto excelente
13000002864,20250815,20250801,ONLINE,Buenos Aires,10,Promotor,1,0,0,Volvería a comprar
13000002865,20250816,20250801,ONLINE,Santa Fe,7,Pasivo,0,1,0,La entrega podría ser más rápida
13000002866,20250816,20250801,ONLINE,Buenos Aires,9,Promotor,1,0,0,Entrega rápida y producto excelente
13000002867,20250817,20250801,OFFLINE,,9,Promotor,1,0,0,Muy conforme con la calidad
13000002868,20250817,20250801,OFFLINE,,9,Promotor,1,0,0,Muy buena atención en la tienda
13000002869,20250817,20250801,OFFLINE,Santa Fe,10,Promotor,1,0,0,
13000002871,20250817,20250801,OFFLINE,,7,Pasivo,0,1,0,
13000002872,20250817,20250801,OFFLINE,,8,Pasivo,0,1,0,
13000002873,20250818,20250801,OFFLINE,Buenos Aires,9,Promotor,1,0,0,Muy buena atención en la tienda
13000002874,20250818,20250801,OFFLINE,,10,Promotor,1,0,0,
13000002875,20250818,20250801,ONLINE,Buenos Aires,10,Promotor,1,0,0,Entrega rápida y producto excelente
13000002876,20250818,20250801,ONLINE,Buenos Aires,7,Pasivo,0,1,0,La entrega podría ser más rápida
13000002877,20250818,20250801,ONLINE,Buenos Aires,8,Pasivo,0,1,0,
13000002878,20250818,20250801,ONLINE,Mendoza,7,Pasivo,0,1,0,La entrega podría ser más rápida
13000002879,20250819,20250801,ONLINE,Santa Fe,6,Detractor,0,0,1,La tapa pierde líquido
13000002881,20250819,20250801,ONLINE,Buenos Aires,8,Pasivo,0,1,0,"Buen producto, un poco caro"
13000002882,20250819,20250801,ONLINE,Buenos Aires,9,Promotor,1,0,0,
13000002883,20250820,20250801,ONLINE,Buenos Aires,8,Pasivo,0,1,0,La entrega podría ser más rápida
13000002884,20250820,20250801,ONLINE,Buenos Aires,8,Pasivo,0,1,0,
13000002885,20250820,20250801,ONLINE,Buenos Aires,10,Promotor,1,0,0,Muy conforme con la calidad
13000002886,20250820,20250801,ONLINE,Santa Fe,7,Pasivo,0,1,0,Me gustaría más variedad de colores
13000002887,20250820,20250801,ONLINE,Buenos Aires,10,Promotor,1,0,0,
13000002888,20250820,20250801,ONLINE,Córdoba,9,Promotor,1,0,0,Entrega rápida y producto excelente
13000002889,20250821,20250801,OFFLINE,Córdoba,10,Promotor,1,0,0,
13000002890,20250821,20250801,ONLINE,Buenos Aires,10,Promotor,1,0,0,"Excelente botella, mantiene la temperatura"
13000002891,20250821,20250801,ONLINE,Córdoba,9,Promotor,1,0,0,Todo perfecto
13000002892,20250821,20250801,ONLINE,Buenos Aires,8,Pasivo,0,1,0,
13000002893,20250821,20250801,ONLINE,Mendoza,9,Promotor,1,0,0,
13000002894,20250821,20250801,ONLINE,Buenos Aires,6,Detractor,0,0,1,Llegó con la caja dañada
13000002895,20250821,20250801,OFFLINE,Córdoba,7,Pasivo,0,1,0,
13000002896,20250821,20250801,ONLINE,Buenos Aires,8,Pasivo,0,1,0,"Buen producto, un poco caro"
13000002897,20250822,20250801,OFFLINE,,9,Promotor,1,0,0,Muy conforme con la calidad
13000002898,20250822,20250801,ONLINE,Mendoza,5,Detractor,0,0,1,Llegó con la caja dañada
13000002899,20250822,20250801,ONLINE,Córdoba,7,Pasivo,0,1,0,"Correcto, sin sorpresas"
13000002900,20250822,20250801,ONLINE,Córdoba,10,Promotor,1,0,0,"Excelente botella, mantiene la temperatura"
13000002901,20250822,20250801,ONLINE,Santa Fe,7,Pasivo,0,1,0,La entrega podría ser más rápida
13000002902,20250822,20250801,ONLINE,Santa Fe,10,Promotor,1,0,0,
13000002904,20250823,20250801,OFFLINE,Mendoza,10,Promotor,1,0,0,Muy conforme con la calidad
13000002905,20250823,20250801,OFFLINE,,8,Pasivo,0,1,0,"Correcto, sin sorpresas"
13000002906,20250823,20250801,OFFLINE,,9,Promotor,1,0,0,Muy buena atención en la tienda
13000002907,20250823,20250801,OFFLINE,,10,Promotor,1,0,0,Todo perfecto
13000002908,20250823,20250801,OFFLINE,,8,Pasivo,0,1,0,
13000002909,20250824,20250801,OFFLINE,,8,Pasivo,0,1,0,Podría mejorar el empaque
13000002910,20250824,20250801,OFFLINE,,10,Promotor,1,0,0,Muy conforme con la calidad
13000002911,20250824,20250801,OFFLINE,,10,Promotor,1,0,0,Todo perfecto
13000002912,20250825,20250801,ONLINE,Buenos Aires,8,Pasivo,0,1,0,La entrega podría ser más rápida
13000002913,20250825,20250801,ONLINE,Buenos Aires,9,Promotor,1,0,0,"Excelente botella, mantiene la temperatura"
13000002914,20250825,20250801,ONLINE,Córdoba,7,Pasivo,0,1,0,"Buen producto, un poco caro"
13000002915,20250825,20250801,ONLINE,Córdoba,10,Promotor,1,0,0,Entrega rápida y producto excelente
13000002916,20250826,20250801,ONLINE,Córdoba,10,Promotor,1,0,0,"Excelente botella, mantiene la temperatura"
13000002917,20250826,20250801,ONLINE,Buenos Aires,8,Pasivo,0,1,0,
13000002918,20250826,20250801,ONLINE,Mendoza,8,Pasivo,0,1,0,
13000002919,20250826,20250801,ONLINE,Buenos Aires,7,Pasivo,0,1,0,Podría mejorar el empaque
13000002920,20250826,20250801,ONLINE,Santa Fe,8,Pasivo,0,1,0,
13000002921,20250827,20250801,ONLINE,Buenos Aires,10,Promotor,1,0,0,Muy conforme con la calidad
13000002922,20250827,20250801,ONLINE,Córdoba,8,Pasivo,0,1,0,
13000002923,20250827,20250801,ONLINE,Buenos Aires,10,Promotor,1,0,0,
13000002924,20250827,20250801,ONLINE,Córdoba,9,Promotor,1,0,0,
13000002925,20250828,20250801,OFFLINE,Buenos Aires,7,Pasivo,0,1,0,
13000002926,20250828,20250801,ONLINE,Buenos Aires,10,Promotor,1,0,0,"Excelente botella, mantiene la temperatura"
13000002928,20250828,20250801,OFFLINE,Córdoba,9,Promotor,1,0,0,Muy buena atención en la tienda
13000002929,20250828,20250801,ONLINE,Mendoza,8,Pasivo,0,1,0,
13000002930,20250828,20250801,ONLINE,Santa Fe,6,Detractor,0,0,1,
13000002931,20250828,20250801,ONLINE,Mendoza,10,Promotor,1,0,0,Entrega rápida y producto excelente
13000002932,20250828,20250801,ONLINE,Santa Fe,6,Detractor,0,0,1,Llegó con la caja dañada
13000002933,20250828,20250801,OFFLINE,,6,Detractor,0,0,1,La tapa pierde líquido
13000002934,20250828,20250801,ONLINE,Santa Fe,5,Detractor,0,0,1,Llegó con la caja dañada
13000002935,20250829,20250801,ONLINE,Mendoza,9,Promotor,1,0,0,
13000002936,20250829,20250801,ONLINE,Buenos Aires,9,Promotor,1,0,0,"Excelente botella, mantiene la temperatura"
13000002937,20250829,20250801,OFFLINE,Córdoba,7,Pasivo,0,1,0,"Correcto, sin sorpresas"
13000002938,20250829,20250801,OFFLINE,,10,Promotor,1,0,0,
13000002939,20250829,20250801,ONLINE,Santa Fe,6,Detractor,0,0,1,
13000002940,20250829,20250801,ONLINE,Buenos Aires,9,Promotor,1,0,0,Volvería a comprar
13000002941,20250830,20250801,OFFLINE,Buenos Aires,8,Pasivo,0,1,0,"Correcto, sin sorpresas"
13000002942,20250830,20250801,OFFLINE,,10,Promotor,1,0,0,
13000002943,20250830,20250801,ONLINE,Santa Fe,6,Detractor,0,0,1,Llegó con la caja dañada
13000002944,20250830,20250801,OFFLINE,,9,Promotor,1,0,0,
13000002945,20250830,20250801,OFFLINE,,10,Promotor,1,0,0,Muy buena atención en la tienda
13000002946,20250830,20250801,OFFLINE,,8,Pasivo,0,1,0,
13000002947,20250830,20250801,OFFLINE,Santa Fe,7,Pasivo,0,1,0,
13000002948,20250831,20250801,OFFLINE,,8,Pasivo,0,1,0,Me gustaría más variedad de colores
13000002949,20250831,20250801,OFFLINE,Córdoba,7,Pasivo,0,1,0,"Buen producto, un poco caro"
13000002950,20250901,20250901,ONLINE,Córdoba,8,Pasivo,0,1,0,
13000002952,20250901,20250901,ONLINE,Córdoba,4,Detractor,0,0,1,El envío demoró y nadie me avisó
13000002953,20250901,20250901,ONLINE,Santa Fe,7,Pasivo,0,1,0,
13000002954,20250902,20250901,ONLINE,Mendoza,7,Pasivo,0,1,0,
13000002955,20250902,20250901,ONLINE,Córdoba,10,Promotor,1,0,0,Muy conforme con la calidad
13000002956,20250902,20250901,ONLINE,Córdoba,7,Pasivo,0,1,0,
13000002957,20250902,20250901,ONLINE,Mendoza,10,Promotor,1,0,0,Volvería a comprar
13000002958,20250903,20250901,ONLINE,Buenos Aires,9,Promotor,1,0,0,
13000002959,20250903,20250901,ONLINE,Buenos Aires,9,Promotor,1,0,0,Muy conforme con la calidad
13000002960,20250903,20250901,ONLINE,Buenos Aires,7,Pasivo,0,1,0,"Correcto, sin sorpresas"
13000002961,20250903,20250901,OFFLINE,Buenos Aires,10,Promotor,1,0,0,Todo perfecto
13000002962,20250903,20250901,ONLINE,Buenos Aires,7,Pasivo,0,1,0,"Correcto, sin sorpresas"
13000002963,20250903,20250901,ONLINE,Córdoba,9,Promotor,1,0,0,
13000002964,20250904,20250901,ONLINE,Buenos Aires,9,Promotor,1,0,0,Entrega rápida y producto excelente
13000002965,20250904,20250901,ONLINE,Buenos Aires,8,Pasivo,0,1,0,Podría mejorar el empaque
13000002966,20250904,20250901,ONLINE,Santa Fe,9,Promotor,1,0,0,Entrega rápida y producto excelente
13000002967,20250904,20250901,ONLINE,Santa Fe,10,Promotor,1,0,0,
13000002968,20250904,20250901,ONLINE,Buenos Aires,8,Pasivo,0,1,0,
13000002969,20250905,20250901,ONLINE,Buenos Aires,10,Promotor,1,0,0,Todo perfecto
13000002970,20250905,20250901,ONLINE,Córdoba,7,Pasivo,0,1,0,La entrega podría ser más rápida
13000002971,20250905,20250901,ONLINE,Santa Fe,8,Pasivo,0,1,0,Podría mejorar el empaque
13000002972,20250905,20250901,ONLINE,Buenos Aires,8,Pasivo,0,1,0,La entrega podría ser más rápida
13000002973,20250906,20250901,ONLINE,Buenos Aires,10,Promotor,1,0,0,Entrega rápida y producto excelente
13000002974,20250906,20250901,ONLINE,Mendoza,10,Promotor,1,0,0,Entrega rápida y producto excelente
13000002975,20250906,20250901,ONLINE,Córdoba,9,Promotor,1,0,0,Entrega rápida y producto excelente
13000002976,20250906,20250901,OFFLINE,,8,Pasivo,0,1,0,"Correcto, sin sorpresas"
13000002977,20250907,20250901,OFFLINE,Buenos Aires,7,Pasivo,0,1,0,Me gustaría más variedad de colores
13000002978,20250907,20250901,OFFLINE,,8,Pasivo,0,1,0,
13000002979,20250907,20250901,OFFLINE,Santa Fe,10,Promotor,1,0,0,Volvería a comprar
13000002980,20250907,20250901,OFFLINE,Córdoba,8,Pasivo,0,1,0,Me gustaría más variedad de colores
13000002981,20250907,20250901,OFFLINE,,4,Detractor,0,0,1,Tuve que devolverlo
13000002982,20250908,20250901,ONLINE,Buenos Aires,7,Pasivo,0,1,0,"Correcto, sin sorpresas"
13000002984,20250908,20250901,ONLINE,Buenos Aires,9,Promotor,1,0,0,Entrega rápida y producto excelente
13000002985,20250909,20250901,ONLINE,Santa Fe,10,Promotor,1,0,0,Volvería a comprar
13000002986,20250909,20250901,ONLINE,Buenos Aires,4,Detractor,0,0,1,Llegó con la caja dañada
13000002987,20250909,20250901,ONLINE,Buenos Aires,8,Pasivo,0,1,0,
13000002988,20250909,20250901,ONLINE,Córdoba,9,Promotor,1,0,0,
13000002989,20250909,20250901,OFFLINE,Buenos Aires,10,Promotor,1,0,0,Todo perfecto
13000002990,20250909,20250901,ONLINE,Córdoba,6,Detractor,0,0,1,La tapa pierde líquido
13000002991,20250909,20250901,ONLINE,Mendoza,6,Detractor,0,0,1,No cumplió mis expectativas
13000002993,20250910,20250901,ONLINE,Santa Fe,7,Pasivo,0,1,0,
13000002994,20250910,20250901,OFFLINE,,9,Promotor,1,0,0,Muy buena atención en la tienda
13000002995,20250910,20250901,ONLINE,Buenos Aires,9,Promotor,1,0,0,Todo perfecto
13000002996,20250910,20250901,ONLINE,Buenos Aires,8,Pasivo,0,1,0,La entrega podría ser más rápida
13000002997,20250910,20250901,ONLINE,Buenos Aires,10,Promotor,1,0,0,Todo perfecto
13000002998,20250910,20250901,ONLINE,Santa Fe,9,Promotor,1,0,0,
13000002999,20250911,20250901,ONLINE,Buenos Aires,9,Promotor,1,0,0,
13000003000,20250911,20250901,ONLINE,Santa Fe,9,Promotor,1,0,0,Muy conforme con la calidad
13000003001,20250911,20250901,ONLINE,Córdoba,8,Pasivo,0,1,0,Me gustaría más variedad de colores
13000003002,20250912,20250901,OFFLINE,Buenos Aires,7,Pasivo,0,1,0,
13000003003,20250912,20250901,OFFLINE,Santa Fe,4,Detractor,0,0,1,No cumplió mis expectativas
13000003004,20250912,20250901,ONLINE,Córdoba,10,Promotor,1,0,0,Todo perfecto
13000003005,20250912,20250901,ONLINE,Córdoba,6,Detractor,0,0,1,Llegó con la caja dañada
13000003006,20250913,20250901,ONLINE,Santa Fe,10,Promotor,1,0,0,
13000003008,20250915,20250901,ONLINE,Santa Fe,8,Pasivo,0,1,0,
13000003009,20250915,20250901,ONLINE,Córdoba,10,Promotor,1,0,0,
13000003012,20250917,20250901,ONLINE,Córdoba,10,Promotor,1,0,0,
13000003013,20250917,20250901,ONLINE,Mendoza,9,Promotor,1,0,0,
13000003014,20250917,20250901,ONLINE,Córdoba,6,Detractor,0,0,1,No cumplió mis expectativas
13000003015,20250917,20250901,ONLINE,Buenos Aires,8,Pasivo,0,1,0,La entrega podría ser más rápida
13000003016,20250917,20250901,ONLINE,Mendoza,9,Promotor,1,0,0,Volvería a comprar
13000003017,20250917,20250901,ONLINE,Buenos Aires,8,Pasivo,0,1,0,La entrega podría ser más rápida
13000003018,20250917,20250901,OFFLINE,,10,Promotor,1,0,0,Muy buena atención en la tienda
13000003019,20250917,20250901,OFFLINE,,10,Promotor,1,0,0,
13000003020,20250917,20250901,ONLINE,Buenos Aires,10,Promotor,1,0,0,
13000003021,20250918,20250901,ONLINE,Córdoba,7,Pasivo,0,1,0,La entrega podría ser más rápida
13000003022,20250918,20250901,ONLINE,Buenos Aires,8,Pasivo,0,1,0,
13000003023,20250918,20250901,ONLINE,Buenos Aires,10,Promotor,1,0,0,
13000003024,20250918,20250901,OFFLINE,,10,Promotor,1,0,0,
13000003025,20250918,20250901,ONLINE,Buenos Aires,6,Detractor,0,0,1,Llegó con la caja dañada
13000003026,20250918,20250901,ONLINE,Santa Fe,10,Promotor,1,0,0,Entrega rápida y producto excelente
13000003027,20250919,20250901,ONLINE,Santa Fe,9,Promotor,1,0,0,Todo perfecto
13000003028,20250919,20250901,ONLINE,Buenos Aires,8,Pasivo,0,1,0,
13000003029,20250919,20250901,ONLINE,Santa Fe,5,Detractor,0,0,1,
13000003030,20250919,20250901,ONLINE,Santa Fe,8,Pasivo,0,1,0,Me gustaría más variedad de colores
13000003031,20250919,20250901,ONLINE,Buenos Aires,10,Promotor,1,0,0,"Excelente botella, mantiene la temperatura"
13000003032,20250919,20250901,ONLINE,Santa Fe,7,Pasivo,0,1,0,"Correcto, sin sorpresas"
13000003033,20250920,20250901,ONLINE,Mendoza,9,Promotor,1,0,0,
13000003034,20250920,20250901,ONLINE,Buenos Aires,6,Detractor,0,0,1,La tapa pierde líquido
13000003035,20250920,20250901,ONLINE,Buenos Aires,9,Promotor,1,0,0,
13000003036,20250920,20250901,ONLINE,Córdoba,4,Detractor,0,0,1,Llegó con la caja dañada
13000003037,20250920,20250901,ONLINE,Buenos Aires,9,Promotor,1,0,0,
13000003039,20250922,20250901,ONLINE,Mendoza,5,Detractor,0,0,1,Llegó con la caja dañada
13000003040,20250922,20250901,ONLINE,Santa Fe,6,Detractor,0,0,1,Llegó con la caja dañada
13000003041,20250922,20250901,OFFLINE,Buenos Aires,7,Pasivo,0,1,0,"Correcto, sin sorpresas"
13000003042,20250922,20250901,OFFLINE,,9,Promotor,1,0,0,Muy buena atención en la tienda
13000003043,20250923,20250901,ONLINE,Buenos Aires,8,Pasivo,0,1,0,La entrega podría ser más rápida
13000003044,20250923,20250901,OFFLINE,,8,Pasivo,0,1,0,
13000003045,20250923,20250901,ONLINE,Buenos Aires,7,Pasivo,0,1,0,
13000003046,20250923,20250901,ONLINE,Mendoza,4,Detractor,0,0,1,
13000003047,20250923,20250901,ONLINE,Buenos Aires,9,Promotor,1,0,0,Muy conforme con la calidad
13000003048,20250923,20250901,ONLINE,Córdoba,8,Pasivo,0,1,0,
13000003049,20250923,20250901,ONLINE,Buenos Aires,8,Pasivo,0,1,0,
13000003050,20250923,20250901,ONLINE,Córdoba,6,Detractor,0,0,1,Llegó con la caja dañada
13000003052,20250923,20250901,ONLINE,Mendoza,9,Promotor,1,0,0,Volvería a comprar
13000003053,20250923,20250901,OFFLINE,,9,Promotor,1,0,0,
13000003054,20250923,20250901,ONLINE,Córdoba,4,Detractor,0,0,1,La tapa pierde líquido
13000003055,20250924,20250901,ONLINE,Buenos Aires,9,Promotor,1,0,0,Volvería a comprar
13000003056,20250924,20250901,ONLINE,Buenos Aires,9,Promotor,1,0,0,"Excelente botella, mantiene la temperatura"
13000003057,20250924,20250901,ONLINE,Santa Fe,10,Promotor,1,0,0,Volvería a comprar
13000003058,20250924,20250901,ONLINE,Santa Fe,9,Promotor,1,0,0,Entrega rápida y producto excelente
13000003059,20250925,20250901,ONLINE,Buenos Aires,6,Detractor,0,0,1,Tuve que devolverlo
13000003060,20250925,20250901,OFFLINE,Santa Fe,10,Promotor,1,0,0,Muy buena atención en la tienda
13000003061,20250925,20250901,ONLINE,Buenos Aires,9,Promotor,1,0,0,"Excelente botella, mantiene la temperatura"
13000003062,20250925,20250901,OFFLINE,,8,Pasivo,0,1,0,Podría mejorar el empaque
13000003063,20250925,20250901,ONLINE,Buenos Aires,10,Promotor,1,0,0,Entrega rápida y producto excelente
13000003064,20250925,20250901,ONLINE,Buenos Aires,10,Promotor,1,0,0,Entrega rápida y producto excelente
13000003066,20250926,20250901,ONLINE,Buenos Aires,10,Promotor,1,0,0,Entrega rápida y producto excelente
13000003067,20250926,20250901,ONLINE,Mendoza,7,Pasivo,0,1,0,La entrega podría ser más rápida
13000003068,20250926,20250901,ONLINE,Mendoza,3,Detractor,0,0,1,Llegó con la caja dañada
13000003069,20250926,20250901,ONLINE,Santa Fe,10,Promotor,1,0,0,Todo perfecto
13000003070,20250926,20250901,ONLINE,Santa Fe,10,Promotor,1,0,0,
13000003071,20250926,20250901,ONLINE,Buenos Aires,7,Pasivo,0,1,0,
13000003072,20250927,20250901,ONLINE,Santa Fe,9,Promotor,1,0,0,Entrega rápida y producto excelente
13000003073,20250927,20250901,OFFLINE,Buenos Aires,9,Promotor,1,0,0,Muy buena atención en la tienda
13000003074,20250928,20250901,OFFLINE,,8,Pasivo,0,1,0,Me gustaría más variedad de colores
13000003075,20250928,20250901,OFFLINE,Buenos Aires,5,Detractor,0,0,1,Tuve que esperar mucho en la caja
13000003076,20250929,20250901,OFFLINE,Buenos Aires,8,Pasivo,0,1,0,Me gustaría más variedad de colores
13000003077,20250929,20250901,OFFLINE,,8,Pasivo,0,1,0,
13000003079,20250929,20250901,ONLINE,Buenos Aires,6,Detractor,0,0,1,
13000003080,20250930,20250901,ONLINE,Buenos Aires,8,Pasivo,0,1,0,La entrega podría ser más rápida
13000003081,20250930,20250901,OFFLINE,,8,Pasivo,0,1,0,
13000003082,20250930,20250901,OFFLINE,Mendoza,9,Promotor,1,0,0,Muy buena atención en la tienda
13000002110,20250316,20250301,OFFLINE,,9,Promotor,1,0,0,Todo perfecto
13000002142,20250322,20250301,ONLINE,,6,Detractor,0,0,1,Llegó con la caja dañada
13000002143,20250322,20250301,ONLINE,,7,Pasivo,0,1,0,"Correcto, sin sorpresas"
13000002181,20250328,20250301,ONLINE,,10,Promotor,1,0,0,
13000002188,20250328,20250301,OFFLINE,,9,Promotor,1,0,0,
13000002218,20250405,20250401,ONLINE,,8,Pasivo,0,1,0,
13000002224,20250408,20250401,ONLINE,,9,Promotor,1,0,0,Entrega rápida y producto excelente
13000002256,20250415,20250401,ONLINE,,9,Promotor,1,0,0,Volvería a comprar
13000002309,20250424,20250401,ONLINE,,7,Pasivo,0,1,0,Podría mejorar el empaque
13000002328,20250428,20250401,OFFLINE,,10,Promotor,1,0,0,
13000002352,20250502,20250501,ONLINE,,6,Detractor,0,0,1,La tapa pierde líquido
13000002367,20250507,20250501,ONLINE,,9,Promotor,1,0,0,
13000002395,20250513,20250501,ONLINE,,6,Detractor,0,0,1,La tapa pierde líquido
13000002405,20250515,20250501,ONLINE,,7,Pasivo,0,1,0,
13000002418,20250519,20250501,ONLINE,,9,Promotor,1,0,0,Entrega rápida y producto excelente
13000002462,20250527,20250501,ONLINE,,9,Promotor,1,0,0,
13000002511,20250604,20250601,ONLINE,,8,Pasivo,0,1,0,
13000002512,20250604,20250601,OFFLINE,,10,Promotor,1,0,0,"Excelente botella, mantiene la temperatura"
13000002517,20250605,20250601,ONLINE,,9,Promotor,1,0,0,Muy conforme con la calidad
13000002522,20250607,20250601,ONLINE,,9,Promotor,1,0,0,Entrega rápida y producto excelente
13000002570,20250616,20250601,ONLINE,,10,Promotor,1,0,0,
13000002573,20250616,20250601,OFFLINE,,9,Promotor,1,0,0,Todo perfecto
13000002600,20250620,20250601,ONLINE,,6,Detractor,0,0,1,La tapa pierde líquido
13000002621,20250624,20250601,ONLINE,,9,Promotor,1,0,0,Entrega rápida y producto excelente
13000002626,20250625,20250601,OFFLINE,,6,Detractor,0,0,1,Tuve que devolverlo
13000002656,20250629,20250601,OFFLINE,,8,Pasivo,0,1,0,
13000002710,20250713,20250701,OFFLINE,,10,Promotor,1,0,0,Muy buena atención en la tienda
13000002732,20250717,20250701,ONLINE,,9,Promotor,1,0,0,
13000002762,20250724,20250701,ONLINE,,10,Promotor,1,0,0,"Excelente botella, mantiene la temperatura"
13000002870,20250817,20250801,OFFLINE,,8,Pasivo,0,1,0,
13000002880,20250819,20250801,ONLINE,,8,Pasivo,0,1,0,
13000002903,20250823,20250801,OFFLINE,,7,Pasivo,0,1,0,Me gustaría más variedad de colores
13000002927,20250828,20250801,ONLINE,,10,Promotor,1,0,0,
13000002951,20250901,20250901,ONLINE,,6,Detractor,0,0,1,
13000002983,20250908,20250901,ONLINE,,6,Detractor,0,0,1,La tapa pierde líquido
13000002992,20250909,20250901,OFFLINE,,10,Promotor,1,0,0,Muy buena atención en la tienda
13000003007,20250915,20250901,OFFLINE,,8,Pasivo,0,1,0,
13000003010,20250916,20250901,ONLINE,,6,Detractor,0,0,1,
13000003011,20250916,20250901,ONLINE,,9,Promotor,1,0,0,Entrega rápida y producto excelente
13000003038,20250922,20250901,ONLINE,,6,Detractor,0,0,1,La tapa pierde líquido
13000003051,20250923,20250901,ONLINE,,6,Detractor,0,0,1,No cumplió mis expectativas
13000003065,20250925,20250901,ONLINE,,8,Pasivo,0,1,0,
13000003078,20250929,20250901,ONLINE,,9,Promotor,1,0,0,
